/*******************************************************************************
 * Size: 17 px
 * Bpp: 4
 * Opts: --bpp 4 --size 17 --font C:/Users/kincs/Documents/esp32/Porozit_Watch_Firmware/squareline/assets/fonts/Roboto-Bold.ttf -o C:/Users/kincs/Documents/esp32/Porozit_Watch_Firmware/squareline/assets/fonts\ui_font_roboto_bold_17.c --format lvgl -r 0x20-0x20AC --no-compress --no-prefilter
 ******************************************************************************/

#include "../ui.h"

#ifndef UI_FONT_ROBOTO_BOLD_17
#define UI_FONT_ROBOTO_BOLD_17 1
#endif

#if UI_FONT_ROBOTO_BOLD_17

/*-----------------
 *    BITMAPS
 *----------------*/

/*Store the image of the glyphs*/
static LV_ATTRIBUTE_LARGE_CONST const uint8_t glyph_bitmap[] = {
    /* U+0020 " " */

    /* U+0021 "!" */
    0xef, 0x9d, 0xf9, 0xdf, 0x8c, 0xf8, 0xcf, 0x7b,
    0xf7, 0xaf, 0x6a, 0xf6, 0x24, 0x13, 0x61, 0xef,
    0x9a, 0xf6,

    /* U+0022 "\"" */
    0x7f, 0x3c, 0xe7, 0xf2, 0xcd, 0x7f, 0x1c, 0xc7,
    0xf0, 0xca, 0x36, 0x5, 0x40,

    /* U+0023 "#" */
    0x0, 0x2, 0xf5, 0xf, 0x70, 0x0, 0x5, 0xf2,
    0x3f, 0x40, 0x0, 0x8, 0xf0, 0x7f, 0x10, 0xd,
    0xff, 0xff, 0xff, 0xfc, 0x5, 0x6f, 0xb6, 0xec,
    0x65, 0x0, 0x1f, 0x60, 0xf8, 0x0, 0x1, 0x5f,
    0x53, 0xf7, 0x10, 0x7f, 0xff, 0xff, 0xff, 0xf2,
    0x24, 0xbe, 0x4a, 0xf4, 0x40, 0x0, 0xcb, 0xa,
    0xd0, 0x0, 0x0, 0xf9, 0xd, 0xb0, 0x0, 0x1,
    0xf6, 0xf, 0x80, 0x0,

    /* U+0024 "$" */
    0x0, 0x0, 0x48, 0x0, 0x0, 0x0, 0x8, 0xd0,
    0x0, 0x0, 0x29, 0xef, 0xa2, 0x0, 0x2f, 0xff,
    0xff, 0xf3, 0x9, 0xfe, 0x22, 0xdf, 0xa0, 0xcf,
    0xa0, 0x7, 0xfd, 0x9, 0xfe, 0x30, 0x0, 0x0,
    0x1e, 0xff, 0xb4, 0x0, 0x0, 0x1a, 0xff, 0xfa,
    0x0, 0x0, 0x2, 0x9f, 0xf8, 0x18, 0x81, 0x0,
    0x9f, 0xd1, 0xff, 0x60, 0x8, 0xfe, 0xb, 0xff,
    0x89, 0xff, 0x90, 0x1c, 0xff, 0xff, 0xb1, 0x0,
    0x2, 0xcc, 0x20, 0x0, 0x0, 0xa, 0xa0, 0x0,

    /* U+0025 "%" */
    0x4, 0xdf, 0xc2, 0x0, 0x0, 0x0, 0xf, 0xc6,
    0xed, 0x0, 0x64, 0x0, 0x3f, 0x60, 0x9f, 0x3,
    0xf5, 0x0, 0x1f, 0x91, 0xce, 0xc, 0xb0, 0x0,
    0x8, 0xff, 0xf5, 0x7f, 0x20, 0x0, 0x0, 0x13,
    0x12, 0xf7, 0x0, 0x0, 0x0, 0x0, 0xc, 0xc0,
    0x0, 0x0, 0x0, 0x0, 0x6f, 0x28, 0xff, 0xc2,
    0x0, 0x1, 0xf8, 0x4f, 0x96, 0xfa, 0x0, 0xb,
    0xd0, 0x6f, 0x20, 0xcd, 0x0, 0x1c, 0x30, 0x4f,
    0xa6, 0xfa, 0x0, 0x0, 0x0, 0x7, 0xef, 0xb1,

    /* U+0026 "&" */
    0x0, 0x2b, 0xee, 0x90, 0x0, 0x0, 0xd, 0xff,
    0xff, 0xa0, 0x0, 0x4, 0xfe, 0x12, 0xff, 0x0,
    0x0, 0x5f, 0xe0, 0x3f, 0xd0, 0x0, 0x1, 0xef,
    0xaf, 0xf4, 0x0, 0x0, 0x7, 0xff, 0xe4, 0x0,
    0x0, 0x4, 0xef, 0xff, 0x30, 0xbd, 0x21, 0xff,
    0x8b, 0xfe, 0x2f, 0xf1, 0x5f, 0xf0, 0xc, 0xff,
    0xfd, 0x4, 0xff, 0x40, 0x1e, 0xff, 0x60, 0xd,
    0xff, 0xce, 0xff, 0xfa, 0x0, 0x18, 0xdf, 0xeb,
    0x7f, 0xf8,

    /* U+0027 "'" */
    0x7f, 0x47, 0xf4, 0x7f, 0x37, 0xf1, 0x38, 0x0,

    /* U+0028 "(" */
    0x0, 0x0, 0x0, 0x1, 0xc6, 0x0, 0xcf, 0x40,
    0x8f, 0x60, 0x1f, 0xd0, 0x6, 0xf8, 0x0, 0xaf,
    0x40, 0xd, 0xf2, 0x0, 0xef, 0x10, 0xf, 0xf1,
    0x0, 0xef, 0x20, 0xc, 0xf3, 0x0, 0x8f, 0x60,
    0x3, 0xfb, 0x0, 0xc, 0xf2, 0x0, 0x3f, 0xb0,
    0x0, 0x6f, 0x70, 0x0, 0x43,

    /* U+0029 ")" */
    0x0, 0x0, 0x0, 0x7c, 0x10, 0x0, 0x4f, 0xc0,
    0x0, 0x7, 0xf8, 0x0, 0x0, 0xef, 0x10, 0x0,
    0x9f, 0x70, 0x0, 0x5f, 0xb0, 0x0, 0x3f, 0xe0,
    0x0, 0x2f, 0xf0, 0x0, 0x1f, 0xf0, 0x0, 0x2f,
    0xf0, 0x0, 0x4f, 0xd0, 0x0, 0x7f, 0x90, 0x0,
    0xbf, 0x40, 0x2, 0xfd, 0x0, 0xc, 0xf3, 0x0,
    0x8f, 0x60, 0x0, 0x34, 0x0, 0x0,

    /* U+002A "*" */
    0x0, 0xd, 0xb0, 0x0, 0x0, 0xc, 0xa0, 0x0,
    0x8d, 0x7c, 0xa7, 0xd4, 0x5a, 0xff, 0xff, 0xb4,
    0x0, 0x8f, 0xf4, 0x0, 0x5, 0xf6, 0xbe, 0x10,
    0x8, 0xc0, 0x2e, 0x50, 0x0, 0x0, 0x0, 0x0,

    /* U+002B "+" */
    0x0, 0x5, 0xa8, 0x0, 0x0, 0x0, 0x8f, 0xc0,
    0x0, 0x0, 0x8, 0xfc, 0x0, 0x1, 0x22, 0x9f,
    0xc2, 0x21, 0x8f, 0xff, 0xff, 0xff, 0xc8, 0xff,
    0xff, 0xff, 0xfc, 0x0, 0x8, 0xfc, 0x0, 0x0,
    0x0, 0x8f, 0xc0, 0x0, 0x0, 0x8, 0xfc, 0x0,
    0x0,

    /* U+002C "," */
    0xd, 0xf2, 0xd, 0xf2, 0xf, 0xf0, 0x4f, 0xa0,
    0x5d, 0x10,

    /* U+002D "-" */
    0x1e, 0xee, 0xe8, 0x1f, 0xff, 0xf9,

    /* U+002E "." */
    0x37, 0x1e, 0xfb, 0x9f, 0x60,

    /* U+002F "/" */
    0x0, 0x0, 0xd, 0xe0, 0x0, 0x0, 0x2f, 0x90,
    0x0, 0x0, 0x8f, 0x40, 0x0, 0x0, 0xde, 0x0,
    0x0, 0x3, 0xf9, 0x0, 0x0, 0x8, 0xf3, 0x0,
    0x0, 0xe, 0xe0, 0x0, 0x0, 0x3f, 0x80, 0x0,
    0x0, 0x9f, 0x30, 0x0, 0x0, 0xed, 0x0, 0x0,
    0x4, 0xf8, 0x0, 0x0, 0x9, 0xf2, 0x0, 0x0,
    0xe, 0xd0, 0x0, 0x0,

    /* U+0030 "0" */
    0x0, 0x4c, 0xff, 0xb2, 0x0, 0x5f, 0xff, 0xff,
    0xe1, 0xd, 0xfb, 0x1, 0xef, 0x81, 0xff, 0x40,
    0x9, 0xfd, 0x3f, 0xf3, 0x0, 0x7f, 0xe3, 0xff,
    0x30, 0x7, 0xff, 0x3f, 0xf3, 0x0, 0x7f, 0xf3,
    0xff, 0x30, 0x7, 0xfe, 0x1f, 0xf4, 0x0, 0x8f,
    0xd0, 0xdf, 0xb0, 0x1e, 0xf8, 0x4, 0xff, 0xff,
    0xfe, 0x10, 0x4, 0xcf, 0xfb, 0x20,

    /* U+0031 "1" */
    0x0, 0x5, 0xaa, 0x39, 0xff, 0xfa, 0x9f, 0xff,
    0xfa, 0x66, 0x1c, 0xfa, 0x0, 0xc, 0xfa, 0x0,
    0xc, 0xfa, 0x0, 0xc, 0xfa, 0x0, 0xc, 0xfa,
    0x0, 0xc, 0xfa, 0x0, 0xc, 0xfa, 0x0, 0xc,
    0xfa, 0x0, 0xc, 0xfa,

    /* U+0032 "2" */
    0x0, 0x6c, 0xfe, 0xb3, 0x0, 0x8, 0xff, 0xff,
    0xff, 0x30, 0x2f, 0xf8, 0x2, 0xff, 0x90, 0x5e,
    0xe0, 0x0, 0xbf, 0xa0, 0x0, 0x0, 0x0, 0xef,
    0x70, 0x0, 0x0, 0x9, 0xfe, 0x10, 0x0, 0x0,
    0x7f, 0xf5, 0x0, 0x0, 0x6, 0xff, 0x60, 0x0,
    0x0, 0x6f, 0xf7, 0x0, 0x0, 0x5, 0xff, 0x70,
    0x0, 0x0, 0x1f, 0xff, 0xee, 0xee, 0xe1, 0x2f,
    0xff, 0xff, 0xff, 0xf1,

    /* U+0033 "3" */
    0x0, 0x8d, 0xfe, 0xa2, 0x0, 0xbf, 0xff, 0xff,
    0xf3, 0x3f, 0xf6, 0x1, 0xef, 0x91, 0x33, 0x0,
    0xb, 0xfb, 0x0, 0x0, 0x3, 0xff, 0x60, 0x0,
    0xbf, 0xff, 0x70, 0x0, 0x9, 0xdf, 0xfd, 0x10,
    0x0, 0x0, 0x1c, 0xfa, 0x25, 0x50, 0x0, 0x8f,
    0xe5, 0xff, 0x50, 0x1c, 0xfc, 0xd, 0xff, 0xef,
    0xff, 0x40, 0x8, 0xdf, 0xea, 0x30,

    /* U+0034 "4" */
    0x0, 0x0, 0xd, 0xfe, 0x0, 0x0, 0x0, 0x8f,
    0xfe, 0x0, 0x0, 0x3, 0xff, 0xfe, 0x0, 0x0,
    0xd, 0xfb, 0xfe, 0x0, 0x0, 0x8f, 0x97, 0xfe,
    0x0, 0x3, 0xfd, 0x7, 0xfe, 0x0, 0xd, 0xf3,
    0x7, 0xfe, 0x0, 0x6f, 0xfe, 0xef, 0xff, 0xe4,
    0x7f, 0xff, 0xff, 0xff, 0xf4, 0x0, 0x0, 0x7,
    0xfe, 0x0, 0x0, 0x0, 0x7, 0xfe, 0x0, 0x0,
    0x0, 0x7, 0xfe, 0x0,

    /* U+0035 "5" */
    0x3, 0xff, 0xff, 0xff, 0xa0, 0x4, 0xff, 0xff,
    0xff, 0xa0, 0x6, 0xfc, 0x0, 0x0, 0x0, 0x8,
    0xfa, 0x0, 0x0, 0x0, 0xa, 0xfd, 0xdf, 0xd6,
    0x0, 0xc, 0xff, 0xde, 0xff, 0x50, 0x0, 0x42,
    0x0, 0xcf, 0xc0, 0x0, 0x0, 0x0, 0x6f, 0xf0,
    0x7, 0x72, 0x0, 0x6f, 0xf0, 0xe, 0xfa, 0x0,
    0xcf, 0xc0, 0x6, 0xff, 0xff, 0xff, 0x40, 0x0,
    0x4c, 0xff, 0xb3, 0x0,

    /* U+0036 "6" */
    0x0, 0x1, 0x8d, 0xf5, 0x0, 0x0, 0x3e, 0xff,
    0xf5, 0x0, 0x1, 0xef, 0xc3, 0x0, 0x0, 0x9,
    0xfd, 0x0, 0x0, 0x0, 0xe, 0xf9, 0xbf, 0xe7,
    0x0, 0x1f, 0xff, 0xff, 0xff, 0x70, 0x2f, 0xfa,
    0x0, 0xbf, 0xe0, 0x2f, 0xf3, 0x0, 0x4f, 0xf1,
    0xf, 0xf5, 0x0, 0x4f, 0xf1, 0xb, 0xfc, 0x0,
    0xbf, 0xd0, 0x3, 0xff, 0xff, 0xff, 0x50, 0x0,
    0x2b, 0xff, 0xc4, 0x0,

    /* U+0037 "7" */
    0x8f, 0xff, 0xff, 0xff, 0xf0, 0x7e, 0xee, 0xee,
    0xff, 0xe0, 0x0, 0x0, 0x0, 0xcf, 0x80, 0x0,
    0x0, 0x3, 0xff, 0x10, 0x0, 0x0, 0xa, 0xfa,
    0x0, 0x0, 0x0, 0x2f, 0xf3, 0x0, 0x0, 0x0,
    0x9f, 0xc0, 0x0, 0x0, 0x1, 0xff, 0x50, 0x0,
    0x0, 0x8, 0xfe, 0x0, 0x0, 0x0, 0xf, 0xf7,
    0x0, 0x0, 0x0, 0x7f, 0xf1, 0x0, 0x0, 0x0,
    0xef, 0x90, 0x0, 0x0,

    /* U+0038 "8" */
    0x0, 0x5c, 0xfe, 0xb3, 0x0, 0x6f, 0xff, 0xff,
    0xf3, 0xd, 0xfb, 0x1, 0xef, 0x90, 0xef, 0x70,
    0xb, 0xfa, 0xa, 0xfc, 0x12, 0xff, 0x60, 0x1c,
    0xff, 0xff, 0x90, 0x3, 0xef, 0xff, 0xfc, 0x10,
    0xef, 0x90, 0x1c, 0xfa, 0x2f, 0xf3, 0x0, 0x7f,
    0xe1, 0xff, 0x90, 0xc, 0xfd, 0xa, 0xff, 0xff,
    0xff, 0x60, 0x6, 0xcf, 0xec, 0x40,

    /* U+0039 "9" */
    0x0, 0x5c, 0xfe, 0x90, 0x0, 0x6f, 0xff, 0xff,
    0xc0, 0xe, 0xfa, 0x2, 0xff, 0x63, 0xff, 0x30,
    0xa, 0xfb, 0x3f, 0xf2, 0x0, 0x8f, 0xd1, 0xff,
    0x90, 0xc, 0xfd, 0x9, 0xff, 0xee, 0xff, 0xc0,
    0x9, 0xef, 0xac, 0xfa, 0x0, 0x0, 0x1, 0xef,
    0x60, 0x0, 0x3, 0xcf, 0xe0, 0x0, 0x7f, 0xff,
    0xe3, 0x0, 0x7, 0xfd, 0x91, 0x0,

    /* U+003A ":" */
    0x9f, 0x6e, 0xfa, 0x37, 0x10, 0x0, 0x0, 0x0,
    0x0, 0x37, 0x1e, 0xfa, 0x9f, 0x60,

    /* U+003B ";" */
    0xb, 0xe4, 0xf, 0xf8, 0x4, 0x71, 0x0, 0x0,
    0x0, 0x0, 0x0, 0x0, 0x0, 0x0, 0xa, 0xf5,
    0xa, 0xf5, 0xc, 0xf3, 0x1f, 0xd0, 0x3d, 0x30,
    0x0, 0x0,

    /* U+003C "<" */
    0x0, 0x0, 0x0, 0x0, 0x0, 0x0, 0x2, 0x88,
    0x0, 0x4, 0xbf, 0xf9, 0x17, 0xef, 0xff, 0xa3,
    0x8f, 0xfb, 0x60, 0x0, 0x8f, 0xfd, 0x72, 0x0,
    0x5, 0xbf, 0xff, 0xc4, 0x0, 0x2, 0x9f, 0xf9,
    0x0, 0x0, 0x0, 0x67,

    /* U+003D "=" */
    0xef, 0xff, 0xff, 0xf8, 0xdf, 0xff, 0xff, 0xf8,
    0x0, 0x0, 0x0, 0x0, 0xce, 0xee, 0xee, 0xe8,
    0xef, 0xff, 0xff, 0xf8,

    /* U+003E ">" */
    0xc6, 0x0, 0x0, 0x0, 0xff, 0xe8, 0x20, 0x0,
    0x7c, 0xff, 0xfb, 0x50, 0x0, 0x27, 0xdf, 0xf3,
    0x0, 0x49, 0xff, 0xf3, 0x9e, 0xff, 0xf9, 0x30,
    0xff, 0xd7, 0x10, 0x0, 0xa4, 0x0, 0x0, 0x0,

    /* U+003F "?" */
    0x2, 0xbe, 0xfc, 0x50, 0x1f, 0xff, 0xff, 0xf5,
    0x7f, 0xf2, 0xc, 0xfb, 0x24, 0x30, 0xa, 0xfc,
    0x0, 0x0, 0x2f, 0xf7, 0x0, 0x2, 0xef, 0xb0,
    0x0, 0xc, 0xfb, 0x0, 0x0, 0x1f, 0xf2, 0x0,
    0x0, 0x4, 0x40, 0x0, 0x0, 0x5, 0x50, 0x0,
    0x0, 0x4f, 0xf3, 0x0, 0x0, 0x2e, 0xd1, 0x0,

    /* U+0040 "@" */
    0x0, 0x0, 0x18, 0xce, 0xfd, 0x82, 0x0, 0x0,
    0x0, 0x5f, 0xe9, 0x66, 0x8d, 0xf5, 0x0, 0x0,
    0x6f, 0xa0, 0x0, 0x10, 0x9, 0xf3, 0x0, 0x2f,
    0xb0, 0x8, 0xff, 0xe5, 0xc, 0xd0, 0x8, 0xf2,
    0x7, 0xfa, 0x6f, 0xa0, 0x5f, 0x20, 0xeb, 0x1,
    0xfc, 0x1, 0xf9, 0x1, 0xf6, 0x1f, 0x80, 0x6f,
    0x60, 0x2f, 0x80, 0xf, 0x73, 0xf5, 0x9, 0xf4,
    0x3, 0xf7, 0x0, 0xf7, 0x3f, 0x50, 0xaf, 0x20,
    0x4f, 0x50, 0x1f, 0x52, 0xf7, 0x9, 0xf3, 0x8,
    0xf5, 0x6, 0xf1, 0xf, 0xb0, 0x4f, 0xc6, 0xff,
    0xb6, 0xf9, 0x0, 0xaf, 0x30, 0x9f, 0xd4, 0x7f,
    0xe9, 0x0, 0x1, 0xfe, 0x30, 0x0, 0x0, 0x0,
    0x0, 0x0, 0x3, 0xef, 0xb8, 0x78, 0xa4, 0x0,
    0x0, 0x0, 0x1, 0x7c, 0xef, 0xeb, 0x30, 0x0,
    0x0,

    /* U+0041 "A" */
    0x0, 0x0, 0xaf, 0xf1, 0x0, 0x0, 0x0, 0x0,
    0xff, 0xf6, 0x0, 0x0, 0x0, 0x6, 0xff, 0xfc,
    0x0, 0x0, 0x0, 0xc, 0xfc, 0xff, 0x20, 0x0,
    0x0, 0x2f, 0xf4, 0xdf, 0x80, 0x0, 0x0, 0x8f,
    0xf0, 0x8f, 0xe0, 0x0, 0x0, 0xdf, 0xa0, 0x3f,
    0xf4, 0x0, 0x4, 0xff, 0x50, 0xe, 0xfb, 0x0,
    0xa, 0xff, 0xff, 0xff, 0xff, 0x10, 0xf, 0xff,
    0xff, 0xff, 0xff, 0x70, 0x6f, 0xf5, 0x0, 0x0,
    0xdf, 0xd0, 0xcf, 0xe0, 0x0, 0x0, 0x7f, 0xf3,

    /* U+0042 "B" */
    0xef, 0xff, 0xfe, 0xb3, 0x0, 0xef, 0xff, 0xff,
    0xff, 0x40, 0xef, 0x90, 0x3, 0xff, 0xa0, 0xef,
    0x90, 0x0, 0xbf, 0xb0, 0xef, 0x90, 0x3, 0xff,
    0x70, 0xef, 0xff, 0xff, 0xf9, 0x0, 0xef, 0xec,
    0xce, 0xff, 0x40, 0xef, 0x90, 0x0, 0xbf, 0xd0,
    0xef, 0x90, 0x0, 0x7f, 0xf0, 0xef, 0x90, 0x1,
    0xcf, 0xe0, 0xef, 0xff, 0xff, 0xff, 0x70, 0xef,
    0xff, 0xfe, 0xc5, 0x0,

    /* U+0043 "C" */
    0x0, 0x7, 0xdf, 0xfb, 0x40, 0x0, 0xc, 0xff,
    0xff, 0xff, 0x70, 0x8, 0xff, 0x61, 0x2a, 0xff,
    0x20, 0xef, 0x90, 0x0, 0xf, 0xf7, 0x2f, 0xf5,
    0x0, 0x0, 0x22, 0x14, 0xff, 0x30, 0x0, 0x0,
    0x0, 0x4f, 0xf4, 0x0, 0x0, 0x0, 0x3, 0xff,
    0x50, 0x0, 0x0, 0x10, 0xf, 0xf9, 0x0, 0x0,
    0xff, 0x70, 0x9f, 0xf5, 0x1, 0xaf, 0xf2, 0x1,
    0xdf, 0xff, 0xff, 0xf8, 0x0, 0x1, 0x8d, 0xff,
    0xb5, 0x0,

    /* U+0044 "D" */
    0xef, 0xff, 0xeb, 0x50, 0x0, 0xef, 0xff, 0xff,
    0xf9, 0x0, 0xef, 0x90, 0x28, 0xff, 0x60, 0xef,
    0x90, 0x0, 0xbf, 0xe0, 0xef, 0x90, 0x0, 0x5f,
    0xf2, 0xef, 0x90, 0x0, 0x3f, 0xf4, 0xef, 0x90,
    0x0, 0x3f, 0xf4, 0xef, 0x90, 0x0, 0x5f, 0xf2,
    0xef, 0x90, 0x0, 0xbf, 0xe0, 0xef, 0x90, 0x18,
    0xff, 0x70, 0xef, 0xff, 0xff, 0xfa, 0x0, 0xef,
    0xff, 0xeb, 0x50, 0x0,

    /* U+0045 "E" */
    0xef, 0xff, 0xff, 0xff, 0x2e, 0xff, 0xff, 0xff,
    0xf2, 0xef, 0x90, 0x0, 0x0, 0xe, 0xf9, 0x0,
    0x0, 0x0, 0xef, 0x90, 0x0, 0x0, 0xe, 0xff,
    0xff, 0xff, 0x50, 0xef, 0xfe, 0xee, 0xe5, 0xe,
    0xf9, 0x0, 0x0, 0x0, 0xef, 0x90, 0x0, 0x0,
    0xe, 0xf9, 0x0, 0x0, 0x0, 0xef, 0xff, 0xff,
    0xff, 0x2e, 0xff, 0xff, 0xff, 0xf3,

    /* U+0046 "F" */
    0xef, 0xff, 0xff, 0xff, 0xef, 0xff, 0xff, 0xff,
    0xef, 0x90, 0x0, 0x0, 0xef, 0x90, 0x0, 0x0,
    0xef, 0x90, 0x0, 0x0, 0xef, 0xff, 0xff, 0xf5,
    0xef, 0xff, 0xff, 0xf5, 0xef, 0x90, 0x0, 0x0,
    0xef, 0x90, 0x0, 0x0, 0xef, 0x90, 0x0, 0x0,
    0xef, 0x90, 0x0, 0x0, 0xef, 0x90, 0x0, 0x0,

    /* U+0047 "G" */
    0x0, 0x7, 0xdf, 0xec, 0x60, 0x0, 0xc, 0xff,
    0xff, 0xff, 0xa0, 0x8, 0xff, 0x71, 0x7, 0xff,
    0x40, 0xef, 0xb0, 0x0, 0x9, 0xa5, 0x1f, 0xf6,
    0x0, 0x0, 0x0, 0x3, 0xff, 0x50, 0x1c, 0xcc,
    0xc8, 0x3f, 0xf5, 0x1, 0xff, 0xff, 0xa1, 0xff,
    0x70, 0x0, 0xd, 0xfa, 0xe, 0xfb, 0x0, 0x0,
    0xdf, 0xa0, 0x7f, 0xf8, 0x10, 0x4e, 0xfa, 0x0,
    0xbf, 0xff, 0xff, 0xff, 0x60, 0x0, 0x6c, 0xff,
    0xd9, 0x30,

    /* U+0048 "H" */
    0xef, 0x90, 0x0, 0x9, 0xfe, 0xef, 0x90, 0x0,
    0x9, 0xfe, 0xef, 0x90, 0x0, 0x9, 0xfe, 0xef,
    0x90, 0x0, 0x9, 0xfe, 0xef, 0x90, 0x0, 0x9,
    0xfe, 0xef, 0xff, 0xff, 0xff, 0xfe, 0xef, 0xff,
    0xff, 0xff, 0xfe, 0xef, 0x90, 0x0, 0x9, 0xfe,
    0xef, 0x90, 0x0, 0x9, 0xfe, 0xef, 0x90, 0x0,
    0x9, 0xfe, 0xef, 0x90, 0x0, 0x9, 0xfe, 0xef,
    0x90, 0x0, 0x9, 0xfe,

    /* U+0049 "I" */
    0xcf, 0xbc, 0xfb, 0xcf, 0xbc, 0xfb, 0xcf, 0xbc,
    0xfb, 0xcf, 0xbc, 0xfb, 0xcf, 0xbc, 0xfb, 0xcf,
    0xbc, 0xfb,

    /* U+004A "J" */
    0x0, 0x0, 0x0, 0xff, 0x70, 0x0, 0x0, 0xf,
    0xf7, 0x0, 0x0, 0x0, 0xff, 0x70, 0x0, 0x0,
    0xf, 0xf7, 0x0, 0x0, 0x0, 0xff, 0x70, 0x0,
    0x0, 0xf, 0xf7, 0x0, 0x0, 0x0, 0xff, 0x70,
    0x0, 0x0, 0xf, 0xf7, 0x6a, 0x90, 0x1, 0xff,
    0x68, 0xff, 0x30, 0x8f, 0xf3, 0x1e, 0xff, 0xff,
    0xfa, 0x0, 0x2a, 0xef, 0xd7, 0x0,

    /* U+004B "K" */
    0xef, 0x90, 0x0, 0xaf, 0xf6, 0xef, 0x90, 0x6,
    0xff, 0x90, 0xef, 0x90, 0x3f, 0xfc, 0x0, 0xef,
    0x91, 0xef, 0xe1, 0x0, 0xef, 0x9b, 0xff, 0x30,
    0x0, 0xef, 0xef, 0xfb, 0x0, 0x0, 0xef, 0xff,
    0xff, 0x40, 0x0, 0xef, 0xf9, 0xef, 0xe0, 0x0,
    0xef, 0xb0, 0x4f, 0xf9, 0x0, 0xef, 0x90, 0xa,
    0xff, 0x40, 0xef, 0x90, 0x1, 0xef, 0xe0, 0xef,
    0x90, 0x0, 0x5f, 0xf9,

    /* U+004C "L" */
    0xef, 0x90, 0x0, 0x0, 0xef, 0x90, 0x0, 0x0,
    0xef, 0x90, 0x0, 0x0, 0xef, 0x90, 0x0, 0x0,
    0xef, 0x90, 0x0, 0x0, 0xef, 0x90, 0x0, 0x0,
    0xef, 0x90, 0x0, 0x0, 0xef, 0x90, 0x0, 0x0,
    0xef, 0x90, 0x0, 0x0, 0xef, 0x90, 0x0, 0x0,
    0xef, 0xff, 0xff, 0xfd, 0xef, 0xff, 0xff, 0xfd,

    /* U+004D "M" */
    0xef, 0xf8, 0x0, 0x0, 0xa, 0xff, 0xce, 0xff,
    0xd0, 0x0, 0x0, 0xff, 0xfc, 0xef, 0xff, 0x30,
    0x0, 0x5f, 0xff, 0xce, 0xfd, 0xf9, 0x0, 0xb,
    0xfd, 0xfc, 0xef, 0x8f, 0xe0, 0x1, 0xff, 0x9f,
    0xce, 0xf6, 0xcf, 0x40, 0x6f, 0xa9, 0xfc, 0xef,
    0x76, 0xfa, 0xc, 0xf4, 0x9f, 0xce, 0xf8, 0x1f,
    0xf2, 0xfe, 0xa, 0xfc, 0xef, 0x80, 0xbf, 0xdf,
    0x80, 0xbf, 0xce, 0xf9, 0x5, 0xff, 0xf3, 0xb,
    0xfc, 0xef, 0x90, 0xf, 0xfd, 0x0, 0xbf, 0xce,
    0xf9, 0x0, 0x9f, 0x70, 0xb, 0xfc,

    /* U+004E "N" */
    0xef, 0xd0, 0x0, 0x9, 0xfe, 0xef, 0xf7, 0x0,
    0x9, 0xfe, 0xef, 0xff, 0x20, 0x9, 0xfe, 0xef,
    0xff, 0xb0, 0x9, 0xfe, 0xef, 0xcf, 0xf5, 0x9,
    0xfe, 0xef, 0x99, 0xfe, 0x9, 0xfe, 0xef, 0x90,
    0xef, 0x89, 0xfe, 0xef, 0x90, 0x5f, 0xfc, 0xfe,
    0xef, 0x90, 0xb, 0xff, 0xfe, 0xef, 0x90, 0x2,
    0xff, 0xfe, 0xef, 0x90, 0x0, 0x8f, 0xfe, 0xef,
    0x90, 0x0, 0xd, 0xfe,

    /* U+004F "O" */
    0x0, 0x6, 0xcf, 0xeb, 0x40, 0x0, 0xb, 0xff,
    0xff, 0xff, 0x70, 0x7, 0xff, 0x71, 0x2b, 0xff,
    0x30, 0xef, 0xa0, 0x0, 0xe, 0xf9, 0x2f, 0xf5,
    0x0, 0x0, 0xaf, 0xd4, 0xff, 0x40, 0x0, 0x8,
    0xff, 0x4f, 0xf4, 0x0, 0x0, 0x8f, 0xf2, 0xff,
    0x50, 0x0, 0xa, 0xfe, 0xe, 0xfa, 0x0, 0x0,
    0xef, 0xa0, 0x7f, 0xf7, 0x12, 0xaf, 0xf3, 0x0,
    0xbf, 0xff, 0xff, 0xf7, 0x0, 0x0, 0x6c, 0xfe,
    0xb4, 0x0,

    /* U+0050 "P" */
    0xef, 0xff, 0xfe, 0xb4, 0x0, 0xef, 0xff, 0xff,
    0xff, 0x60, 0xef, 0x90, 0x2, 0xcf, 0xf0, 0xef,
    0x90, 0x0, 0x4f, 0xf4, 0xef, 0x90, 0x0, 0x4f,
    0xf4, 0xef, 0x90, 0x1, 0xbf, 0xf1, 0xef, 0xff,
    0xff, 0xff, 0x70, 0xef, 0xff, 0xfe, 0xb5, 0x0,
    0xef, 0x90, 0x0, 0x0, 0x0, 0xef, 0x90, 0x0,
    0x0, 0x0, 0xef, 0x90, 0x0, 0x0, 0x0, 0xef,
    0x90, 0x0, 0x0, 0x0,

    /* U+0051 "Q" */
    0x0, 0x6, 0xcf, 0xeb, 0x40, 0x0, 0xb, 0xff,
    0xff, 0xff, 0x70, 0x8, 0xff, 0x71, 0x2b, 0xff,
    0x30, 0xef, 0xa0, 0x0, 0xf, 0xf9, 0x2f, 0xf5,
    0x0, 0x0, 0xaf, 0xd4, 0xff, 0x30, 0x0, 0x8,
    0xff, 0x4f, 0xf3, 0x0, 0x0, 0x8f, 0xf2, 0xff,
    0x50, 0x0, 0xa, 0xfd, 0xe, 0xfa, 0x0, 0x0,
    0xef, 0x90, 0x8f, 0xf7, 0x12, 0xaf, 0xf3, 0x0,
    0xbf, 0xff, 0xff, 0xf7, 0x0, 0x0, 0x7c, 0xff,
    0xff, 0x80, 0x0, 0x0, 0x0, 0x8, 0xff, 0x90,
    0x0, 0x0, 0x0, 0x4, 0xb1,

    /* U+0052 "R" */
    0xef, 0xff, 0xfe, 0xb3, 0x0, 0xef, 0xff, 0xff,
    0xff, 0x40, 0xef, 0x90, 0x3, 0xef, 0xd0, 0xef,
    0x90, 0x0, 0x8f, 0xf0, 0xef, 0x90, 0x0, 0x8f,
    0xf0, 0xef, 0x90, 0x3, 0xef, 0xb0, 0xef, 0xff,
    0xff, 0xfe, 0x20, 0xef, 0xff, 0xff, 0xf1, 0x0,
    0xef, 0x90, 0x2f, 0xf8, 0x0, 0xef, 0x90, 0x9,
    0xff, 0x10, 0xef, 0x90, 0x1, 0xff, 0xa0, 0xef,
    0x90, 0x0, 0x7f, 0xf3,

    /* U+0053 "S" */
    0x0, 0x4b, 0xef, 0xe9, 0x10, 0x6, 0xff, 0xff,
    0xff, 0xe2, 0xe, 0xfc, 0x10, 0x3f, 0xf9, 0xf,
    0xf8, 0x0, 0x7, 0xa7, 0xb, 0xff, 0x81, 0x0,
    0x0, 0x1, 0xcf, 0xff, 0xc5, 0x0, 0x0, 0x5,
    0xbf, 0xff, 0xc0, 0x0, 0x0, 0x1, 0x8f, 0xf8,
    0x4d, 0xd2, 0x0, 0xb, 0xfc, 0x2f, 0xfa, 0x10,
    0x2e, 0xfb, 0x7, 0xff, 0xff, 0xff, 0xf4, 0x0,
    0x4b, 0xef, 0xea, 0x30,

    /* U+0054 "T" */
    0xaf, 0xff, 0xff, 0xff, 0xff, 0x2a, 0xff, 0xff,
    0xff, 0xff, 0xf2, 0x0, 0x0, 0xff, 0x70, 0x0,
    0x0, 0x0, 0xf, 0xf7, 0x0, 0x0, 0x0, 0x0,
    0xff, 0x70, 0x0, 0x0, 0x0, 0xf, 0xf7, 0x0,
    0x0, 0x0, 0x0, 0xff, 0x70, 0x0, 0x0, 0x0,
    0xf, 0xf7, 0x0, 0x0, 0x0, 0x0, 0xff, 0x70,
    0x0, 0x0, 0x0, 0xf, 0xf7, 0x0, 0x0, 0x0,
    0x0, 0xff, 0x70, 0x0, 0x0, 0x0, 0xf, 0xf7,
    0x0, 0x0,

    /* U+0055 "U" */
    0xf, 0xf7, 0x0, 0x4, 0xff, 0x30, 0xff, 0x70,
    0x0, 0x4f, 0xf3, 0xf, 0xf7, 0x0, 0x4, 0xff,
    0x30, 0xff, 0x70, 0x0, 0x4f, 0xf3, 0xf, 0xf7,
    0x0, 0x4, 0xff, 0x30, 0xff, 0x70, 0x0, 0x4f,
    0xf3, 0xf, 0xf7, 0x0, 0x4, 0xff, 0x30, 0xff,
    0x70, 0x0, 0x4f, 0xf3, 0xf, 0xf8, 0x0, 0x5,
    0xff, 0x20, 0xbf, 0xe3, 0x2, 0xdf, 0xe0, 0x2,
    0xff, 0xff, 0xff, 0xf5, 0x0, 0x2, 0xae, 0xfe,
    0xb3, 0x0,

    /* U+0056 "V" */
    0xcf, 0xf0, 0x0, 0x0, 0xdf, 0xe0, 0x6f, 0xf4,
    0x0, 0x2, 0xff, 0x80, 0x1f, 0xf9, 0x0, 0x7,
    0xff, 0x20, 0xb, 0xfe, 0x0, 0xc, 0xfd, 0x0,
    0x5, 0xff, 0x30, 0x1f, 0xf7, 0x0, 0x0, 0xff,
    0x70, 0x6f, 0xf2, 0x0, 0x0, 0xaf, 0xc0, 0xbf,
    0xc0, 0x0, 0x0, 0x5f, 0xf2, 0xff, 0x60, 0x0,
    0x0, 0xf, 0xfb, 0xff, 0x10, 0x0, 0x0, 0xa,
    0xff, 0xfb, 0x0, 0x0, 0x0, 0x4, 0xff, 0xf5,
    0x0, 0x0, 0x0, 0x0, 0xef, 0xf0, 0x0, 0x0,

    /* U+0057 "W" */
    0x9f, 0xd0, 0x0, 0xbf, 0xa0, 0x0, 0xff, 0x75,
    0xff, 0x0, 0xf, 0xfd, 0x0, 0x2f, 0xf4, 0x2f,
    0xf3, 0x2, 0xff, 0xf1, 0x5, 0xff, 0x0, 0xef,
    0x70, 0x6f, 0xff, 0x50, 0x8f, 0xc0, 0xb, 0xfa,
    0xa, 0xfb, 0xf9, 0xb, 0xf9, 0x0, 0x7f, 0xd0,
    0xef, 0x4f, 0xc0, 0xef, 0x50, 0x4, 0xff, 0x2f,
    0xd0, 0xef, 0x2f, 0xf2, 0x0, 0xf, 0xf9, 0xf9,
    0xb, 0xf9, 0xfe, 0x0, 0x0, 0xdf, 0xff, 0x50,
    0x7f, 0xff, 0xb0, 0x0, 0x9, 0xff, 0xf1, 0x3,
    0xff, 0xf7, 0x0, 0x0, 0x5f, 0xfd, 0x0, 0xf,
    0xff, 0x40, 0x0, 0x2, 0xff, 0x90, 0x0, 0xbf,
    0xf0, 0x0,

    /* U+0058 "X" */
    0x6f, 0xf6, 0x0, 0x9, 0xff, 0x30, 0xdf, 0xe0,
    0x2, 0xff, 0xa0, 0x3, 0xff, 0x80, 0xbf, 0xf1,
    0x0, 0xa, 0xff, 0x5f, 0xf7, 0x0, 0x0, 0x1f,
    0xff, 0xfd, 0x0, 0x0, 0x0, 0x7f, 0xff, 0x40,
    0x0, 0x0, 0x8, 0xff, 0xf5, 0x0, 0x0, 0x2,
    0xff, 0xff, 0xe0, 0x0, 0x0, 0xbf, 0xf4, 0xff,
    0x80, 0x0, 0x5f, 0xf7, 0xa, 0xff, 0x20, 0xe,
    0xfe, 0x0, 0x2f, 0xfb, 0x8, 0xff, 0x50, 0x0,
    0x8f, 0xf5,

    /* U+0059 "Y" */
    0xbf, 0xe0, 0x0, 0x7, 0xff, 0x33, 0xff, 0x70,
    0x0, 0xef, 0xb0, 0xb, 0xfe, 0x0, 0x6f, 0xf3,
    0x0, 0x2f, 0xf6, 0xd, 0xfa, 0x0, 0x0, 0xaf,
    0xd5, 0xff, 0x20, 0x0, 0x2, 0xff, 0xef, 0xa0,
    0x0, 0x0, 0x9, 0xff, 0xf2, 0x0, 0x0, 0x0,
    0x1f, 0xf9, 0x0, 0x0, 0x0, 0x0, 0xff, 0x80,
    0x0, 0x0, 0x0, 0xf, 0xf8, 0x0, 0x0, 0x0,
    0x0, 0xff, 0x80, 0x0, 0x0, 0x0, 0xf, 0xf8,
    0x0, 0x0,

    /* U+005A "Z" */
    0x6f, 0xff, 0xff, 0xff, 0xfa, 0x6f, 0xff, 0xff,
    0xff, 0xf8, 0x0, 0x0, 0x0, 0xcf, 0xd0, 0x0,
    0x0, 0x7, 0xff, 0x30, 0x0, 0x0, 0x3f, 0xf8,
    0x0, 0x0, 0x0, 0xdf, 0xd0, 0x0, 0x0, 0x8,
    0xff, 0x20, 0x0, 0x0, 0x4f, 0xf7, 0x0, 0x0,
    0x1, 0xef, 0xc0, 0x0, 0x0, 0xa, 0xff, 0x20,
    0x0, 0x0, 0x4f, 0xff, 0xff, 0xff, 0xfc, 0x6f,
    0xff, 0xff, 0xff, 0xfd,

    /* U+005B "[" */
    0xdd, 0xd7, 0xff, 0xf9, 0xff, 0x60, 0xff, 0x60,
    0xff, 0x60, 0xff, 0x60, 0xff, 0x60, 0xff, 0x60,
    0xff, 0x60, 0xff, 0x60, 0xff, 0x60, 0xff, 0x60,
    0xff, 0x60, 0xff, 0x60, 0xff, 0x60, 0xff, 0xe7,
    0xff, 0xf9,

    /* U+005C "\\" */
    0xcf, 0xa0, 0x0, 0x0, 0x6f, 0xf1, 0x0, 0x0,
    0x1f, 0xf6, 0x0, 0x0, 0xa, 0xfc, 0x0, 0x0,
    0x4, 0xff, 0x30, 0x0, 0x0, 0xdf, 0x90, 0x0,
    0x0, 0x7f, 0xf0, 0x0, 0x0, 0x1f, 0xf5, 0x0,
    0x0, 0xb, 0xfc, 0x0, 0x0, 0x5, 0xff, 0x20,
    0x0, 0x0, 0xef, 0x80, 0x0, 0x0, 0x8f, 0xe0,
    0x0, 0x0, 0x2f, 0xf4,

    /* U+005D "]" */
    0xbd, 0xd9, 0xef, 0xfb, 0xb, 0xfb, 0xb, 0xfb,
    0xb, 0xfb, 0xb, 0xfb, 0xb, 0xfb, 0xb, 0xfb,
    0xb, 0xfb, 0xb, 0xfb, 0xb, 0xfb, 0xb, 0xfb,
    0xb, 0xfb, 0xb, 0xfb, 0xb, 0xfb, 0xbf, 0xfb,
    0xef, 0xfb,

    /* U+005E "^" */
    0x0, 0x5f, 0xc0, 0x0, 0x0, 0xcf, 0xf3, 0x0,
    0x3, 0xfc, 0xfa, 0x0, 0x9, 0xf3, 0xcf, 0x10,
    0x1f, 0xd0, 0x6f, 0x70, 0x6f, 0x70, 0xf, 0xd0,

    /* U+005F "_" */
    0xdd, 0xdd, 0xdd, 0xd7, 0xff, 0xff, 0xff, 0xf9,

    /* U+0060 "`" */
    0x28, 0x81, 0x0, 0xaf, 0xb0, 0x0, 0xbf, 0x50,

    /* U+0061 "a" */
    0x0, 0x8d, 0xfd, 0x80, 0x0, 0xbf, 0xfc, 0xff,
    0xb0, 0x2f, 0xf4, 0x6, 0xff, 0x10, 0x0, 0x1,
    0x4f, 0xf2, 0x4, 0xcf, 0xff, 0xff, 0x32, 0xff,
    0x95, 0x7f, 0xf3, 0x6f, 0xf1, 0x6, 0xff, 0x32,
    0xff, 0xfd, 0xff, 0xf3, 0x4, 0xcf, 0xd5, 0xff,
    0x60,

    /* U+0062 "b" */
    0x1f, 0xf5, 0x0, 0x0, 0x0, 0x1f, 0xf5, 0x0,
    0x0, 0x0, 0x1f, 0xf5, 0x0, 0x0, 0x0, 0x1f,
    0xf8, 0xcf, 0xd5, 0x0, 0x1f, 0xff, 0xff, 0xff,
    0x30, 0x1f, 0xf9, 0x1, 0xdf, 0xb0, 0x1f, 0xf5,
    0x0, 0x7f, 0xe0, 0x1f, 0xf5, 0x0, 0x6f, 0xf0,
    0x1f, 0xf5, 0x0, 0x7f, 0xe0, 0x1f, 0xf9, 0x0,
    0xdf, 0xb0, 0x1f, 0xff, 0xff, 0xff, 0x40, 0x1f,
    0xf5, 0xdf, 0xd5, 0x0,

    /* U+0063 "c" */
    0x0, 0x7d, 0xfd, 0x91, 0x0, 0x9f, 0xff, 0xff,
    0xd0, 0x2f, 0xf7, 0x3, 0xff, 0x46, 0xff, 0x0,
    0x5, 0x62, 0x7f, 0xf0, 0x0, 0x0, 0x5, 0xff,
    0x0, 0x2, 0x31, 0x2f, 0xf7, 0x2, 0xff, 0x40,
    0x9f, 0xff, 0xff, 0xc0, 0x0, 0x7d, 0xfe, 0x91,
    0x0,

    /* U+0064 "d" */
    0x0, 0x0, 0x0, 0xcf, 0xa0, 0x0, 0x0, 0xc,
    0xfa, 0x0, 0x0, 0x0, 0xcf, 0xa0, 0x9, 0xee,
    0x9c, 0xfa, 0xa, 0xff, 0xff, 0xff, 0xa2, 0xff,
    0x80, 0x2e, 0xfa, 0x5f, 0xf1, 0x0, 0xcf, 0xa6,
    0xff, 0x0, 0xc, 0xfa, 0x5f, 0xf0, 0x0, 0xcf,
    0xa2, 0xff, 0x60, 0x1e, 0xfa, 0xa, 0xff, 0xdf,
    0xff, 0xa0, 0x9, 0xee, 0xaa, 0xfa,

    /* U+0065 "e" */
    0x0, 0x5c, 0xfe, 0xa2, 0x0, 0x6f, 0xff, 0xff,
    0xe1, 0xf, 0xf8, 0x1, 0xdf, 0x84, 0xff, 0xa9,
    0x9d, 0xfb, 0x6f, 0xff, 0xff, 0xff, 0xb5, 0xff,
    0x20, 0x0, 0x0, 0x1f, 0xfb, 0x10, 0x3a, 0x0,
    0x7f, 0xff, 0xef, 0xf5, 0x0, 0x5c, 0xff, 0xc5,
    0x0,

    /* U+0066 "f" */
    0x0, 0x5c, 0xfe, 0x10, 0x3f, 0xff, 0xe1, 0x6,
    0xff, 0x10, 0xc, 0xff, 0xff, 0xc0, 0x8d, 0xff,
    0xb8, 0x0, 0x6f, 0xf0, 0x0, 0x6, 0xff, 0x0,
    0x0, 0x6f, 0xf0, 0x0, 0x6, 0xff, 0x0, 0x0,
    0x6f, 0xf0, 0x0, 0x6, 0xff, 0x0, 0x0, 0x6f,
    0xf0, 0x0,

    /* U+0067 "g" */
    0x0, 0x8e, 0xeb, 0x8f, 0xc0, 0x9f, 0xff, 0xff,
    0xfc, 0x1f, 0xf9, 0x1, 0xdf, 0xc4, 0xff, 0x10,
    0xa, 0xfc, 0x6f, 0xf0, 0x0, 0xaf, 0xc4, 0xff,
    0x10, 0xa, 0xfc, 0x1f, 0xf9, 0x1, 0xdf, 0xc0,
    0x8f, 0xff, 0xff, 0xfc, 0x0, 0x8e, 0xea, 0xbf,
    0xc0, 0x16, 0x0, 0x2e, 0xf9, 0xa, 0xff, 0xef,
    0xfe, 0x10, 0x18, 0xef, 0xea, 0x20,

    /* U+0068 "h" */
    0x2f, 0xf4, 0x0, 0x0, 0x2, 0xff, 0x40, 0x0,
    0x0, 0x2f, 0xf4, 0x0, 0x0, 0x2, 0xff, 0x6c,
    0xfd, 0x60, 0x2f, 0xff, 0xff, 0xff, 0x32, 0xff,
    0x80, 0x1f, 0xf8, 0x2f, 0xf4, 0x0, 0xcf, 0x92,
    0xff, 0x40, 0xc, 0xfa, 0x2f, 0xf4, 0x0, 0xcf,
    0xa2, 0xff, 0x40, 0xc, 0xfa, 0x2f, 0xf4, 0x0,
    0xcf, 0xa2, 0xff, 0x40, 0xc, 0xfa,

    /* U+0069 "i" */
    0xb, 0xf4, 0xf, 0xf8, 0x3, 0x60, 0xf, 0xf7,
    0xf, 0xf7, 0xf, 0xf7, 0xf, 0xf7, 0xf, 0xf7,
    0xf, 0xf7, 0xf, 0xf7, 0xf, 0xf7, 0xf, 0xf7,

    /* U+006A "j" */
    0x0, 0xce, 0x40, 0x1f, 0xf7, 0x0, 0x35, 0x0,
    0xf, 0xf7, 0x0, 0xff, 0x70, 0xf, 0xf7, 0x0,
    0xff, 0x70, 0xf, 0xf7, 0x0, 0xff, 0x70, 0xf,
    0xf7, 0x0, 0xff, 0x70, 0xf, 0xf7, 0x2, 0xff,
    0x6c, 0xff, 0xf2, 0xbf, 0xd4, 0x0,

    /* U+006B "k" */
    0x1f, 0xf5, 0x0, 0x0, 0x0, 0x1f, 0xf5, 0x0,
    0x0, 0x0, 0x1f, 0xf5, 0x0, 0x0, 0x0, 0x1f,
    0xf5, 0x5, 0xff, 0x80, 0x1f, 0xf5, 0x3f, 0xfa,
    0x0, 0x1f, 0xf7, 0xef, 0xc0, 0x0, 0x1f, 0xff,
    0xfe, 0x10, 0x0, 0x1f, 0xff, 0xff, 0x30, 0x0,
    0x1f, 0xfe, 0xcf, 0xd0, 0x0, 0x1f, 0xf5, 0x2f,
    0xf9, 0x0, 0x1f, 0xf5, 0x7, 0xff, 0x30, 0x1f,
    0xf5, 0x0, 0xdf, 0xd0,

    /* U+006C "l" */
    0xff, 0x7f, 0xf7, 0xff, 0x7f, 0xf7, 0xff, 0x7f,
    0xf7, 0xff, 0x7f, 0xf7, 0xff, 0x7f, 0xf7, 0xff,
    0x7f, 0xf7,

    /* U+006D "m" */
    0x1f, 0xf5, 0xbf, 0xe7, 0x1b, 0xfe, 0x80, 0x1f,
    0xff, 0xff, 0xff, 0xef, 0xff, 0xf6, 0x1f, 0xf9,
    0x1, 0xff, 0xc0, 0xc, 0xfb, 0x1f, 0xf5, 0x0,
    0xdf, 0x80, 0x9, 0xfc, 0x1f, 0xf5, 0x0, 0xdf,
    0x80, 0x9, 0xfc, 0x1f, 0xf5, 0x0, 0xdf, 0x80,
    0x9, 0xfc, 0x1f, 0xf5, 0x0, 0xdf, 0x80, 0x9,
    0xfc, 0x1f, 0xf5, 0x0, 0xdf, 0x80, 0x9, 0xfc,
    0x1f, 0xf5, 0x0, 0xdf, 0x80, 0x9, 0xfc,

    /* U+006E "n" */
    0x2f, 0xf5, 0xbf, 0xe7, 0x2, 0xff, 0xff, 0xff,
    0xf4, 0x2f, 0xf8, 0x1, 0xef, 0x82, 0xff, 0x40,
    0xc, 0xf9, 0x2f, 0xf4, 0x0, 0xcf, 0xa2, 0xff,
    0x40, 0xc, 0xfa, 0x2f, 0xf4, 0x0, 0xcf, 0xa2,
    0xff, 0x40, 0xc, 0xfa, 0x2f, 0xf4, 0x0, 0xcf,
    0xa0,

    /* U+006F "o" */
    0x0, 0x5c, 0xfe, 0xa2, 0x0, 0x7, 0xff, 0xff,
    0xff, 0x20, 0x1f, 0xf9, 0x1, 0xef, 0xa0, 0x5f,
    0xf1, 0x0, 0x7f, 0xf0, 0x6f, 0xf0, 0x0, 0x5f,
    0xf0, 0x5f, 0xf1, 0x0, 0x7f, 0xf0, 0x1f, 0xf8,
    0x1, 0xdf, 0xb0, 0x8, 0xff, 0xff, 0xff, 0x20,
    0x0, 0x6d, 0xfe, 0xb2, 0x0,

    /* U+0070 "p" */
    0x1f, 0xf7, 0xdf, 0xd5, 0x1, 0xff, 0xfd, 0xef,
    0xf3, 0x1f, 0xf7, 0x0, 0xdf, 0xb1, 0xff, 0x50,
    0x7, 0xfe, 0x1f, 0xf5, 0x0, 0x6f, 0xf1, 0xff,
    0x50, 0x8, 0xfe, 0x1f, 0xf9, 0x1, 0xef, 0xa1,
    0xff, 0xff, 0xff, 0xf3, 0x1f, 0xf8, 0xcf, 0xd5,
    0x1, 0xff, 0x50, 0x0, 0x0, 0x1f, 0xf5, 0x0,
    0x0, 0x1, 0xff, 0x50, 0x0, 0x0,

    /* U+0071 "q" */
    0x0, 0x9e, 0xf9, 0x9f, 0xa0, 0xaf, 0xff, 0xff,
    0xfa, 0x2f, 0xf8, 0x2, 0xef, 0xa5, 0xff, 0x10,
    0xc, 0xfa, 0x6f, 0xf0, 0x0, 0xcf, 0xa5, 0xff,
    0x10, 0xc, 0xfa, 0x2f, 0xf8, 0x2, 0xef, 0xa0,
    0xaf, 0xff, 0xff, 0xfa, 0x0, 0x9e, 0xe9, 0xcf,
    0xa0, 0x0, 0x0, 0xc, 0xfa, 0x0, 0x0, 0x0,
    0xcf, 0xa0, 0x0, 0x0, 0xc, 0xfa,

    /* U+0072 "r" */
    0x0, 0x0, 0x0, 0x1f, 0xf7, 0xdf, 0x1f, 0xff,
    0xff, 0x1f, 0xfc, 0x42, 0x1f, 0xf5, 0x0, 0x1f,
    0xf5, 0x0, 0x1f, 0xf5, 0x0, 0x1f, 0xf5, 0x0,
    0x1f, 0xf5, 0x0, 0x1f, 0xf5, 0x0,

    /* U+0073 "s" */
    0x1, 0x9e, 0xfd, 0x70, 0x0, 0xdf, 0xeb, 0xff,
    0xa0, 0x2f, 0xf2, 0x5, 0xdd, 0x1, 0xff, 0xc6,
    0x20, 0x0, 0x4, 0xdf, 0xff, 0xd3, 0x0, 0x0,
    0x27, 0xdf, 0xe0, 0x6f, 0xd0, 0x4, 0xff, 0x11,
    0xef, 0xdb, 0xef, 0xc0, 0x2, 0xae, 0xfd, 0x81,
    0x0,

    /* U+0074 "t" */
    0x9, 0xfc, 0x0, 0x9, 0xfc, 0x0, 0xef, 0xff,
    0xf5, 0xae, 0xff, 0xb3, 0x9, 0xfc, 0x0, 0x9,
    0xfc, 0x0, 0x9, 0xfc, 0x0, 0x9, 0xfc, 0x0,
    0x9, 0xfd, 0x0, 0x6, 0xff, 0xf6, 0x0, 0xae,
    0xe5,

    /* U+0075 "u" */
    0x2f, 0xf4, 0x0, 0xcf, 0xa2, 0xff, 0x40, 0xc,
    0xfa, 0x2f, 0xf4, 0x0, 0xcf, 0xa2, 0xff, 0x40,
    0xc, 0xfa, 0x2f, 0xf4, 0x0, 0xcf, 0xa2, 0xff,
    0x40, 0xc, 0xfa, 0xf, 0xf7, 0x2, 0xef, 0xa0,
    0xbf, 0xff, 0xff, 0xfa, 0x1, 0xbf, 0xe9, 0xbf,
    0xa0,

    /* U+0076 "v" */
    0xbf, 0xb0, 0x3, 0xff, 0x46, 0xff, 0x0, 0x7f,
    0xe0, 0x1f, 0xf4, 0xc, 0xf9, 0x0, 0xbf, 0x90,
    0xff, 0x40, 0x6, 0xfd, 0x5f, 0xe0, 0x0, 0x1f,
    0xfb, 0xf9, 0x0, 0x0, 0xbf, 0xff, 0x40, 0x0,
    0x5, 0xff, 0xe0, 0x0, 0x0, 0xf, 0xf9, 0x0,
    0x0,

    /* U+0077 "w" */
    0xaf, 0xa0, 0xc, 0xf3, 0x3, 0xff, 0x16, 0xfd,
    0x1, 0xff, 0x80, 0x6f, 0xd0, 0x2f, 0xf1, 0x5f,
    0xfd, 0x9, 0xf9, 0x0, 0xdf, 0x4a, 0xfd, 0xf1,
    0xdf, 0x50, 0x9, 0xf7, 0xed, 0x6f, 0x7f, 0xf1,
    0x0, 0x5f, 0xdf, 0x92, 0xfe, 0xfd, 0x0, 0x1,
    0xff, 0xf4, 0xd, 0xff, 0x90, 0x0, 0xd, 0xff,
    0x0, 0x8f, 0xf5, 0x0, 0x0, 0x9f, 0xa0, 0x3,
    0xff, 0x10, 0x0,

    /* U+0078 "x" */
    0x6f, 0xf2, 0x6, 0xff, 0x20, 0xdf, 0xb1, 0xef,
    0x80, 0x4, 0xff, 0xcf, 0xe0, 0x0, 0xa, 0xff,
    0xf6, 0x0, 0x0, 0x4f, 0xff, 0x0, 0x0, 0xc,
    0xff, 0xf7, 0x0, 0x6, 0xff, 0xaf, 0xf1, 0x0,
    0xef, 0x90, 0xdf, 0xa0, 0x8f, 0xf1, 0x5, 0xff,
    0x30,

    /* U+0079 "y" */
    0xcf, 0xc0, 0x3, 0xff, 0x56, 0xff, 0x10, 0x8f,
    0xe0, 0x1f, 0xf5, 0xd, 0xf9, 0x0, 0xaf, 0xa1,
    0xff, 0x30, 0x4, 0xff, 0x7f, 0xd0, 0x0, 0xe,
    0xfe, 0xf7, 0x0, 0x0, 0x9f, 0xff, 0x20, 0x0,
    0x3, 0xff, 0xc0, 0x0, 0x0, 0xe, 0xf6, 0x0,
    0x0, 0x6, 0xff, 0x0, 0x0, 0xf, 0xff, 0x90,
    0x0, 0x0, 0xef, 0x90, 0x0, 0x0,

    /* U+007A "z" */
    0x4f, 0xff, 0xff, 0xff, 0x3, 0xee, 0xee, 0xff,
    0xc0, 0x0, 0x0, 0x9f, 0xf2, 0x0, 0x0, 0x5f,
    0xf5, 0x0, 0x0, 0x2f, 0xf9, 0x0, 0x0, 0xd,
    0xfd, 0x0, 0x0, 0x9, 0xff, 0x20, 0x0, 0x4,
    0xff, 0xfe, 0xee, 0xe0, 0x6f, 0xff, 0xff, 0xff,
    0x10,

    /* U+007B "{" */
    0x0, 0x3, 0xa0, 0x0, 0x5f, 0xe2, 0x0, 0xdf,
    0x40, 0x1, 0xff, 0x10, 0x2, 0xff, 0x0, 0x2,
    0xff, 0x0, 0x5, 0xfe, 0x0, 0x7f, 0xf5, 0x0,
    0x9f, 0xe2, 0x0, 0x8, 0xfc, 0x0, 0x2, 0xff,
    0x0, 0x2, 0xff, 0x0, 0x1, 0xff, 0x0, 0x0,
    0xff, 0x30, 0x0, 0x8f, 0xc1, 0x0, 0x8, 0xe1,
    0x0, 0x0, 0x0,

    /* U+007C "|" */
    0x9e, 0x9e, 0x9e, 0x9e, 0x9e, 0x9e, 0x9e, 0x9e,
    0x9e, 0x9e, 0x9e, 0x9e, 0x9e, 0x9e, 0x1,

    /* U+007D "}" */
    0x58, 0x10, 0x0, 0x7f, 0xd0, 0x0, 0xb, 0xf7,
    0x0, 0x7, 0xfa, 0x0, 0x6, 0xfb, 0x0, 0x6,
    0xfb, 0x0, 0x4, 0xfe, 0x0, 0x0, 0xbf, 0xd2,
    0x0, 0x6f, 0xf3, 0x2, 0xff, 0x30, 0x6, 0xfc,
    0x0, 0x6, 0xfb, 0x0, 0x7, 0xfb, 0x0, 0x9,
    0xf8, 0x0, 0x4f, 0xf2, 0x0, 0x7d, 0x30, 0x0,
    0x0, 0x0, 0x0,

    /* U+007E "~" */
    0x0, 0x9e, 0xc3, 0x0, 0x6a, 0x0, 0x9f, 0xff,
    0xf5, 0x1e, 0xf0, 0xf, 0xe1, 0x5f, 0xff, 0xf9,
    0x0, 0xa7, 0x0, 0x3d, 0xfa, 0x0,

    /* U+00A0 " " */

    /* U+00A1 "¡" */
    0x9f, 0x6d, 0xfa, 0x27, 0x12, 0x31, 0x9f, 0x6a,
    0xf7, 0xaf, 0x7b, 0xf8, 0xbf, 0x9c, 0xf9, 0xdf,
    0xad, 0xfa,

    /* U+00A2 "¢" */
    0x0, 0x0, 0x98, 0x0, 0x0, 0x0, 0xd, 0xc0,
    0x0, 0x0, 0x29, 0xff, 0x91, 0x0, 0x3f, 0xff,
    0xff, 0xe1, 0xc, 0xfc, 0x12, 0xef, 0x80, 0xff,
    0x50, 0x5, 0x85, 0x2f, 0xf3, 0x0, 0x0, 0x1,
    0xff, 0x40, 0x0, 0x0, 0xd, 0xf9, 0x0, 0xbf,
    0x90, 0x5f, 0xfd, 0xdf, 0xf3, 0x0, 0x6e, 0xff,
    0xd4, 0x0, 0x0, 0xd, 0xc0, 0x0, 0x0, 0x0,
    0xdc, 0x0, 0x0,

    /* U+00A3 "£" */
    0x0, 0x5, 0xcf, 0xea, 0x20, 0x0, 0x6f, 0xff,
    0xff, 0xe1, 0x0, 0xdf, 0xc1, 0x2f, 0xf6, 0x0,
    0xff, 0x80, 0x3, 0x42, 0x0, 0xef, 0x90, 0x0,
    0x0, 0x2f, 0xff, 0xff, 0xf2, 0x0, 0x2f, 0xff,
    0xff, 0xf2, 0x0, 0x0, 0xdf, 0xb0, 0x0, 0x0,
    0x0, 0xcf, 0xb0, 0x0, 0x0, 0x0, 0xef, 0x70,
    0x0, 0x0, 0x2f, 0xff, 0xff, 0xff, 0xf9, 0x2f,
    0xff, 0xff, 0xff, 0xfa,

    /* U+00A4 "¤" */
    0x0, 0x0, 0x0, 0x0, 0x0, 0x0, 0x1d, 0x94,
    0xce, 0xeb, 0x3b, 0xb0, 0xb, 0xff, 0xd9, 0xae,
    0xff, 0x90, 0x5, 0xf9, 0x0, 0x1, 0xbf, 0x20,
    0xc, 0xd0, 0x0, 0x0, 0x1f, 0x90, 0xf, 0x90,
    0x0, 0x0, 0xc, 0xc0, 0xf, 0x90, 0x0, 0x0,
    0xc, 0xc0, 0xc, 0xd0, 0x0, 0x0, 0x1f, 0x90,
    0x5, 0xf9, 0x0, 0x0, 0xbf, 0x30, 0x1d, 0xff,
    0xd9, 0xae, 0xff, 0xc0, 0xa, 0x65, 0xcf, 0xfb,
    0x39, 0x80, 0x0, 0x0, 0x0, 0x0, 0x0, 0x0,

    /* U+00A5 "¥" */
    0xbf, 0xe0, 0x0, 0xcf, 0xc0, 0x3f, 0xf4, 0x2,
    0xff, 0x50, 0xc, 0xfb, 0x9, 0xfd, 0x0, 0x5,
    0xff, 0x2f, 0xf6, 0x0, 0x0, 0xdf, 0xdf, 0xe0,
    0x0, 0x1, 0x8f, 0xff, 0x91, 0x0, 0x4f, 0xff,
    0xff, 0xff, 0x20, 0x16, 0x6d, 0xfd, 0x66, 0x10,
    0x4f, 0xff, 0xff, 0xff, 0x20, 0x14, 0x4c, 0xfd,
    0x44, 0x0, 0x0, 0xb, 0xfc, 0x0, 0x0, 0x0,
    0xb, 0xfc, 0x0, 0x0,

    /* U+00A6 "¦" */
    0xff, 0x3f, 0xf3, 0xff, 0x3f, 0xf3, 0xff, 0x3f,
    0xf3, 0x33, 0x7, 0x81, 0xff, 0x3f, 0xf3, 0xff,
    0x3f, 0xf3, 0xff, 0x3f, 0xf3,

    /* U+00A7 "§" */
    0x0, 0x5b, 0xef, 0xd9, 0x10, 0x7, 0xff, 0xff,
    0xff, 0xe1, 0xe, 0xfa, 0x0, 0x4f, 0xf7, 0xe,
    0xf9, 0x0, 0x5, 0x63, 0x8, 0xff, 0xd9, 0x40,
    0x0, 0x4, 0xff, 0xff, 0xfe, 0x70, 0x1f, 0xf5,
    0x15, 0xcf, 0xf7, 0x2f, 0xf5, 0x0, 0xb, 0xfc,
    0xe, 0xff, 0xa5, 0x1c, 0xfa, 0x2, 0xcf, 0xff,
    0xff, 0xd1, 0x0, 0x3, 0x8c, 0xff, 0xf2, 0x15,
    0x50, 0x0, 0x3f, 0xf7, 0x1f, 0xf8, 0x0, 0x2f,
    0xf8, 0xa, 0xff, 0xfe, 0xff, 0xf2, 0x0, 0x6c,
    0xef, 0xd9, 0x20,

    /* U+00A8 "¨" */
    0x0, 0x0, 0x0, 0x0, 0x1e, 0xd0, 0x1e, 0xe0,
    0x1e, 0xc0, 0xd, 0xd0,

    /* U+00A9 "©" */
    0x0, 0x1, 0x7c, 0xdc, 0x82, 0x0, 0x0, 0x3,
    0xe9, 0x42, 0x38, 0xe6, 0x0, 0x2, 0xe4, 0x3b,
    0xec, 0x42, 0xe4, 0x0, 0xb7, 0xe, 0x92, 0x8f,
    0x13, 0xe0, 0x1f, 0x4, 0xf0, 0x0, 0x82, 0xc,
    0x43, 0xc0, 0x6e, 0x0, 0x0, 0x0, 0x96, 0x3c,
    0x5, 0xe0, 0x0, 0x61, 0x9, 0x71, 0xe0, 0x1f,
    0x60, 0x5f, 0x10, 0xc4, 0xb, 0x60, 0x5e, 0xff,
    0x60, 0x3e, 0x0, 0x3e, 0x30, 0x1, 0x0, 0x1d,
    0x50, 0x0, 0x5e, 0x82, 0x1, 0x6e, 0x70, 0x0,
    0x0, 0x29, 0xdf, 0xea, 0x30, 0x0,

    /* U+00AA "ª" */
    0x2c, 0xfe, 0x70, 0x69, 0x48, 0xf2, 0x2b, 0xef,
    0xf4, 0xbc, 0x13, 0xf4, 0xcd, 0x49, 0xf4, 0x4d,
    0xfa, 0xf6,

    /* U+00AB "«" */
    0x0, 0x18, 0x20, 0x84, 0x0, 0xcd, 0x9, 0xf1,
    0x8, 0xf4, 0x5f, 0x70, 0x3f, 0xb1, 0xee, 0x0,
    0xd, 0xe1, 0xaf, 0x30, 0x2, 0xf9, 0x1e, 0xc0,
    0x0, 0x6f, 0x33, 0xf6,

    /* U+00AC "¬" */
    0x11, 0x11, 0x11, 0x1f, 0xff, 0xff, 0xff, 0x44,
    0x44, 0x4c, 0xf0, 0x0, 0x0, 0xbf, 0x0, 0x0,
    0x3, 0x40,

    /* U+00AD "­" */
    0x1e, 0xee, 0xe8, 0x1f, 0xff, 0xf9,

    /* U+00AE "®" */
    0x0, 0x1, 0x7c, 0xdc, 0x82, 0x0, 0x0, 0x3,
    0xe9, 0x42, 0x38, 0xe6, 0x0, 0x2, 0xe4, 0xcf,
    0xec, 0x42, 0xe4, 0x0, 0xb7, 0xd, 0x72, 0x6f,
    0x3, 0xe0, 0x1f, 0x0, 0xd6, 0x4, 0xf1, 0xc,
    0x43, 0xc0, 0xd, 0xff, 0xf8, 0x0, 0x96, 0x3c,
    0x0, 0xd7, 0x27, 0xf0, 0x9, 0x71, 0xe0, 0xd,
    0x60, 0x1f, 0x20, 0xc4, 0xb, 0x60, 0xd6, 0x1,
    0xf3, 0x3e, 0x0, 0x3e, 0x31, 0x0, 0x1, 0x2d,
    0x50, 0x0, 0x5e, 0x82, 0x1, 0x6e, 0x70, 0x0,
    0x0, 0x29, 0xdf, 0xea, 0x30, 0x0,

    /* U+00AF "¯" */
    0x1, 0x11, 0x11, 0x9, 0xff, 0xff, 0xf2, 0x24,
    0x44, 0x44, 0x0,

    /* U+00B0 "°" */
    0x2c, 0xf9, 0xc, 0x94, 0xe6, 0xd7, 0x1d, 0x75,
    0xff, 0xc0, 0x0, 0x20, 0x0,

    /* U+00B1 "±" */
    0x0, 0x5, 0xc7, 0x0, 0x0, 0x0, 0x7f, 0xa0,
    0x0, 0x0, 0x7, 0xfa, 0x0, 0x4, 0xff, 0xff,
    0xff, 0xf5, 0x4f, 0xff, 0xff, 0xff, 0x50, 0x0,
    0x7f, 0xa0, 0x0, 0x0, 0x7, 0xfa, 0x0, 0x0,
    0x0, 0x7f, 0xa0, 0x0, 0x0, 0x0, 0x0, 0x0,
    0x0, 0xee, 0xee, 0xee, 0xe1, 0x1f, 0xff, 0xff,
    0xff, 0x10,

    /* U+00B2 "²" */
    0x8, 0xef, 0xb1, 0x5f, 0xa9, 0xf7, 0x24, 0x7,
    0xf5, 0x0, 0x9f, 0x70, 0x1c, 0xf9, 0x54, 0x6f,
    0xff, 0xfc,

    /* U+00B3 "³" */
    0x9, 0xef, 0xb2, 0x5d, 0x98, 0xf8, 0x0, 0xbf,
    0xe2, 0x0, 0x14, 0xf9, 0x7f, 0x97, 0xfa, 0xa,
    0xef, 0xb1,

    /* U+00B4 "´" */
    0x0, 0x58, 0x70, 0x3, 0xff, 0x30, 0xd, 0xf4,
    0x0,

    /* U+00B5 "µ" */
    0xdf, 0x80, 0x4, 0xff, 0x2d, 0xf8, 0x0, 0x4f,
    0xf2, 0xdf, 0x80, 0x4, 0xff, 0x2d, 0xf8, 0x0,
    0x4f, 0xf2, 0xdf, 0x80, 0x4, 0xff, 0x2d, 0xf9,
    0x0, 0x4f, 0xf2, 0xdf, 0xc0, 0x7, 0xff, 0x2d,
    0xff, 0xdd, 0xff, 0xf2, 0xdf, 0xee, 0xea, 0xff,
    0x2d, 0xf8, 0x0, 0x0, 0x0, 0xdf, 0x80, 0x0,
    0x0, 0xd, 0xf8, 0x0, 0x0, 0x0,

    /* U+00B6 "¶" */
    0x0, 0x7d, 0xff, 0xf3, 0xa, 0xff, 0xff, 0xf3,
    0x2f, 0xff, 0xff, 0xf3, 0x5f, 0xff, 0xff, 0xf3,
    0x4f, 0xff, 0xff, 0xf3, 0x1f, 0xff, 0xff, 0xf3,
    0x5, 0xff, 0xff, 0xf3, 0x0, 0x28, 0xad, 0xf3,
    0x0, 0x0, 0x9, 0xf3, 0x0, 0x0, 0x9, 0xf3,
    0x0, 0x0, 0x9, 0xf3, 0x0, 0x0, 0x9, 0xf3,

    /* U+00B7 "·" */
    0x27, 0x2c, 0xfc, 0x7f, 0x80,

    /* U+00B8 "¸" */
    0xf, 0xe3, 0x0, 0x5f, 0xe0, 0x4, 0xfe, 0x0,
    0xef, 0x60, 0x3, 0x10, 0x0,

    /* U+00B9 "¹" */
    0x0, 0x43, 0x9f, 0xf6, 0x9a, 0xf6, 0x5, 0xf6,
    0x5, 0xf6, 0x5, 0xf6, 0x5, 0xf6,

    /* U+00BA "º" */
    0x1, 0xaf, 0xe8, 0x0, 0xbe, 0x46, 0xf6, 0xf,
    0x70, 0xc, 0xa0, 0xf7, 0x0, 0xcb, 0xb, 0xd4,
    0x6f, 0x60, 0x1a, 0xfe, 0x80,

    /* U+00BB "»" */
    0x18, 0x30, 0x76, 0x0, 0xa, 0xe1, 0x6f, 0x40,
    0x1, 0xfb, 0xc, 0xe1, 0x0, 0x7f, 0x63, 0xfa,
    0x0, 0xcf, 0x28, 0xf5, 0x6, 0xf5, 0x2f, 0x90,
    0x1e, 0xa0, 0xbd, 0x0,

    /* U+00BC "¼" */
    0x1, 0x6b, 0x10, 0x0, 0x0, 0x0, 0x2f, 0xff,
    0x10, 0x0, 0x94, 0x0, 0x14, 0xaf, 0x10, 0x6,
    0xf3, 0x0, 0x0, 0x9f, 0x10, 0x1f, 0x80, 0x0,
    0x0, 0x9f, 0x10, 0xbd, 0x0, 0x0, 0x0, 0x9f,
    0x16, 0xf3, 0x7, 0x50, 0x0, 0x47, 0x2f, 0x80,
    0xaf, 0xd0, 0x0, 0x0, 0xbd, 0x7, 0xef, 0xd0,
    0x0, 0x6, 0xf3, 0x4f, 0x4e, 0xd0, 0x0, 0x1e,
    0x80, 0xcf, 0xff, 0xf8, 0x0, 0x6, 0x0, 0x34,
    0x4e, 0xd2, 0x0, 0x0, 0x0, 0x0, 0xe, 0xd0,

    /* U+00BD "½" */
    0x0, 0x5, 0x0, 0x0, 0x0, 0x0, 0x2, 0xbf,
    0xf0, 0x0, 0x3, 0x0, 0x0, 0x3a, 0xdf, 0x0,
    0x6, 0xf2, 0x0, 0x0, 0xb, 0xf0, 0x1, 0xf8,
    0x0, 0x0, 0x0, 0xbf, 0x0, 0xbd, 0x0, 0x0,
    0x0, 0xb, 0xf0, 0x5f, 0x30, 0x0, 0x0, 0x0,
    0xbf, 0x1e, 0x93, 0xdf, 0xe6, 0x0, 0x0, 0xa,
    0xe0, 0xee, 0x5d, 0xf0, 0x0, 0x4, 0xf4, 0x2,
    0x10, 0xde, 0x0, 0x0, 0xea, 0x0, 0x1, 0xde,
    0x30, 0x0, 0x7e, 0x10, 0x3, 0xed, 0x31, 0x0,
    0x0, 0x20, 0x0, 0xef, 0xff, 0xf4, 0x0, 0x0,
    0x0, 0x3, 0x44, 0x44, 0x10,

    /* U+00BE "¾" */
    0x0, 0x0, 0x0, 0x0, 0x0, 0x0, 0x0, 0x6e,
    0xfe, 0x40, 0x0, 0x0, 0x0, 0xb, 0xa5, 0xee,
    0x0, 0x6, 0x90, 0x0, 0x0, 0xd, 0xe0, 0x2,
    0xf7, 0x0, 0x0, 0x5f, 0xf6, 0x0, 0xbc, 0x0,
    0x1, 0xc9, 0x4c, 0xf1, 0x6f, 0x20, 0x0, 0xa,
    0xff, 0xfb, 0x2f, 0x80, 0x57, 0x0, 0x2, 0x32,
    0xb, 0xd0, 0x5f, 0xf2, 0x0, 0x0, 0x6, 0xf3,
    0x2e, 0xcf, 0x20, 0x0, 0x1, 0xf8, 0x1d, 0x79,
    0xf3, 0x0, 0x0, 0xbd, 0x7, 0xff, 0xff, 0xd0,
    0x0, 0x4, 0x30, 0x24, 0x4b, 0xf5, 0x0, 0x0,
    0x0, 0x0, 0x0, 0x9f, 0x20,

    /* U+00BF "¿" */
    0x0, 0x8, 0xf7, 0x0, 0x0, 0x0, 0xcf, 0xc0,
    0x0, 0x0, 0x2, 0x72, 0x0, 0x0, 0x0, 0x24,
    0x20, 0x0, 0x0, 0xb, 0xf7, 0x0, 0x0, 0x4,
    0xff, 0x30, 0x0, 0x4, 0xff, 0x80, 0x0, 0x1,
    0xff, 0x90, 0x0, 0x0, 0x5f, 0xf0, 0x1, 0x44,
    0x4, 0xff, 0x30, 0xaf, 0xe0, 0xe, 0xff, 0xff,
    0xf8, 0x0, 0x2a, 0xef, 0xd7, 0x0,

    /* U+00C0 "À" */
    0x0, 0xc, 0xf9, 0x0, 0x0, 0x0, 0x0, 0x1,
    0xdf, 0x40, 0x0, 0x0, 0x0, 0x0, 0x28, 0x60,
    0x0, 0x0, 0x0, 0x0, 0xaf, 0xf1, 0x0, 0x0,
    0x0, 0x0, 0xff, 0xf6, 0x0, 0x0, 0x0, 0x6,
    0xff, 0xfc, 0x0, 0x0, 0x0, 0xc, 0xfc, 0xff,
    0x20, 0x0, 0x0, 0x2f, 0xf4, 0xdf, 0x80, 0x0,
    0x0, 0x8f, 0xf0, 0x8f, 0xe0, 0x0, 0x0, 0xdf,
    0xa0, 0x3f, 0xf4, 0x0, 0x4, 0xff, 0x50, 0xe,
    0xfb, 0x0, 0xa, 0xff, 0xff, 0xff, 0xff, 0x10,
    0xf, 0xff, 0xff, 0xff, 0xff, 0x70, 0x6f, 0xf5,
    0x0, 0x0, 0xdf, 0xd0, 0xcf, 0xe0, 0x0, 0x0,
    0x7f, 0xf3,

    /* U+00C1 "Á" */
    0x0, 0x0, 0x2, 0xff, 0x60, 0x0, 0x0, 0x0,
    0xb, 0xf7, 0x0, 0x0, 0x0, 0x0, 0x28, 0x60,
    0x0, 0x0, 0x0, 0x0, 0xaf, 0xf1, 0x0, 0x0,
    0x0, 0x0, 0xff, 0xf6, 0x0, 0x0, 0x0, 0x6,
    0xff, 0xfc, 0x0, 0x0, 0x0, 0xc, 0xfc, 0xff,
    0x20, 0x0, 0x0, 0x2f, 0xf4, 0xdf, 0x80, 0x0,
    0x0, 0x8f, 0xf0, 0x8f, 0xe0, 0x0, 0x0, 0xdf,
    0xa0, 0x3f, 0xf4, 0x0, 0x4, 0xff, 0x50, 0xe,
    0xfb, 0x0, 0xa, 0xff, 0xff, 0xff, 0xff, 0x10,
    0xf, 0xff, 0xff, 0xff, 0xff, 0x70, 0x6f, 0xf5,
    0x0, 0x0, 0xdf, 0xd0, 0xcf, 0xe0, 0x0, 0x0,
    0x7f, 0xf3,

    /* U+00C2 "Â" */
    0x0, 0x0, 0x9f, 0xd2, 0x0, 0x0, 0x0, 0x1c,
    0xe4, 0x9f, 0x50, 0x0, 0x0, 0x0, 0x0, 0x0,
    0x0, 0x0, 0x0, 0x0, 0xaf, 0xf1, 0x0, 0x0,
    0x0, 0x0, 0xff, 0xf6, 0x0, 0x0, 0x0, 0x6,
    0xff, 0xfc, 0x0, 0x0, 0x0, 0xc, 0xfc, 0xff,
    0x20, 0x0, 0x0, 0x2f, 0xf4, 0xdf, 0x80, 0x0,
    0x0, 0x8f, 0xf0, 0x8f, 0xe0, 0x0, 0x0, 0xdf,
    0xa0, 0x3f, 0xf4, 0x0, 0x4, 0xff, 0x50, 0xe,
    0xfb, 0x0, 0xa, 0xff, 0xff, 0xff, 0xff, 0x10,
    0xf, 0xff, 0xff, 0xff, 0xff, 0x70, 0x6f, 0xf5,
    0x0, 0x0, 0xdf, 0xd0, 0xcf, 0xe0, 0x0, 0x0,
    0x7f, 0xf3,

    /* U+00C3 "Ã" */
    0x0, 0x0, 0x10, 0x1, 0x10, 0x0, 0x0, 0xa,
    0xfb, 0x3c, 0xc0, 0x0, 0x0, 0x3f, 0x8a, 0xff,
    0x50, 0x0, 0x0, 0x15, 0x0, 0x32, 0x0, 0x0,
    0x0, 0x0, 0xaf, 0xf1, 0x0, 0x0, 0x0, 0x0,
    0xff, 0xf6, 0x0, 0x0, 0x0, 0x6, 0xff, 0xfc,
    0x0, 0x0, 0x0, 0xc, 0xfc, 0xff, 0x20, 0x0,
    0x0, 0x2f, 0xf4, 0xdf, 0x80, 0x0, 0x0, 0x8f,
    0xf0, 0x8f, 0xe0, 0x0, 0x0, 0xdf, 0xa0, 0x3f,
    0xf4, 0x0, 0x4, 0xff, 0x50, 0xe, 0xfb, 0x0,
    0xa, 0xff, 0xff, 0xff, 0xff, 0x10, 0xf, 0xff,
    0xff, 0xff, 0xff, 0x70, 0x6f, 0xf5, 0x0, 0x0,
    0xdf, 0xd0, 0xcf, 0xe0, 0x0, 0x0, 0x7f, 0xf3,

    /* U+00C4 "Ä" */
    0x0, 0x3e, 0x90, 0x2e, 0xa0, 0x0, 0x0, 0x4f,
    0xa0, 0x3f, 0xb0, 0x0, 0x0, 0x0, 0x0, 0x0,
    0x0, 0x0, 0x0, 0x0, 0xaf, 0xf1, 0x0, 0x0,
    0x0, 0x0, 0xff, 0xf6, 0x0, 0x0, 0x0, 0x6,
    0xff, 0xfc, 0x0, 0x0, 0x0, 0xc, 0xfc, 0xff,
    0x20, 0x0, 0x0, 0x2f, 0xf4, 0xdf, 0x80, 0x0,
    0x0, 0x8f, 0xf0, 0x8f, 0xe0, 0x0, 0x0, 0xdf,
    0xa0, 0x3f, 0xf4, 0x0, 0x4, 0xff, 0x50, 0xe,
    0xfb, 0x0, 0xa, 0xff, 0xff, 0xff, 0xff, 0x10,
    0xf, 0xff, 0xff, 0xff, 0xff, 0x70, 0x6f, 0xf5,
    0x0, 0x0, 0xdf, 0xd0, 0xcf, 0xe0, 0x0, 0x0,
    0x7f, 0xf3,

    /* U+00C5 "Å" */
    0x0, 0x0, 0x5c, 0xa0, 0x0, 0x0, 0x0, 0x0,
    0xe1, 0x87, 0x0, 0x0, 0x0, 0x0, 0xe0, 0x88,
    0x0, 0x0, 0x0, 0x0, 0x5c, 0xa1, 0x0, 0x0,
    0x0, 0x0, 0xaf, 0xf1, 0x0, 0x0, 0x0, 0x0,
    0xff, 0xf6, 0x0, 0x0, 0x0, 0x6, 0xff, 0xfc,
    0x0, 0x0, 0x0, 0xc, 0xfc, 0xff, 0x20, 0x0,
    0x0, 0x2f, 0xf4, 0xdf, 0x80, 0x0, 0x0, 0x8f,
    0xf0, 0x8f, 0xe0, 0x0, 0x0, 0xdf, 0xa0, 0x3f,
    0xf4, 0x0, 0x4, 0xff, 0x50, 0xe, 0xfb, 0x0,
    0xa, 0xff, 0xff, 0xff, 0xff, 0x10, 0xf, 0xff,
    0xff, 0xff, 0xff, 0x70, 0x6f, 0xf5, 0x0, 0x0,
    0xdf, 0xd0, 0xcf, 0xe0, 0x0, 0x0, 0x7f, 0xf3,

    /* U+00C6 "Æ" */
    0x0, 0x0, 0x0, 0xbf, 0xff, 0xff, 0xff, 0xf0,
    0x0, 0x0, 0x4, 0xff, 0xff, 0xff, 0xff, 0xe0,
    0x0, 0x0, 0xc, 0xff, 0xff, 0x0, 0x0, 0x0,
    0x0, 0x0, 0x5f, 0xf7, 0xff, 0x10, 0x0, 0x0,
    0x0, 0x0, 0xef, 0x94, 0xff, 0x10, 0x0, 0x0,
    0x0, 0x7, 0xff, 0x13, 0xff, 0xff, 0xff, 0x40,
    0x0, 0x1e, 0xf8, 0x2, 0xff, 0xfe, 0xee, 0x40,
    0x0, 0x8f, 0xff, 0xff, 0xff, 0x30, 0x0, 0x0,
    0x1, 0xff, 0xff, 0xff, 0xff, 0x40, 0x0, 0x0,
    0xa, 0xff, 0x10, 0x1, 0xff, 0x50, 0x0, 0x0,
    0x2f, 0xf8, 0x0, 0x0, 0xff, 0xfe, 0xee, 0xe7,
    0xbf, 0xf1, 0x0, 0x0, 0xff, 0xff, 0xff, 0xf7,

    /* U+00C7 "Ç" */
    0x0, 0x7, 0xdf, 0xfb, 0x40, 0x0, 0xc, 0xff,
    0xff, 0xff, 0x70, 0x8, 0xff, 0x61, 0x2a, 0xff,
    0x20, 0xef, 0x90, 0x0, 0xf, 0xf7, 0x2f, 0xf5,
    0x0, 0x0, 0x22, 0x14, 0xff, 0x30, 0x0, 0x0,
    0x0, 0x4f, 0xf4, 0x0, 0x0, 0x0, 0x3, 0xff,
    0x50, 0x0, 0x0, 0x10, 0xf, 0xf9, 0x0, 0x0,
    0xff, 0x70, 0x9f, 0xf5, 0x1, 0xaf, 0xf2, 0x1,
    0xdf, 0xff, 0xff, 0xf8, 0x0, 0x1, 0x8e, 0xff,
    0xb5, 0x0, 0x0, 0x0, 0x5f, 0xd4, 0x0, 0x0,
    0x0, 0x1, 0xaf, 0xb0, 0x0, 0x0, 0x0, 0x2f,
    0xc2, 0x0, 0x0,

    /* U+00C8 "È" */
    0x5, 0xff, 0x20, 0x0, 0x0, 0x6, 0xfc, 0x0,
    0x0, 0x0, 0x6, 0x82, 0x0, 0xe, 0xff, 0xff,
    0xff, 0xf2, 0xef, 0xff, 0xff, 0xff, 0x2e, 0xf9,
    0x0, 0x0, 0x0, 0xef, 0x90, 0x0, 0x0, 0xe,
    0xf9, 0x0, 0x0, 0x0, 0xef, 0xff, 0xff, 0xf5,
    0xe, 0xff, 0xee, 0xee, 0x50, 0xef, 0x90, 0x0,
    0x0, 0xe, 0xf9, 0x0, 0x0, 0x0, 0xef, 0x90,
    0x0, 0x0, 0xe, 0xff, 0xff, 0xff, 0xf2, 0xef,
    0xff, 0xff, 0xff, 0x30,

    /* U+00C9 "É" */
    0x0, 0x0, 0x9f, 0xd1, 0x0, 0x0, 0x3f, 0xe1,
    0x0, 0x0, 0x5, 0x82, 0x0, 0xe, 0xff, 0xff,
    0xff, 0xf2, 0xef, 0xff, 0xff, 0xff, 0x2e, 0xf9,
    0x0, 0x0, 0x0, 0xef, 0x90, 0x0, 0x0, 0xe,
    0xf9, 0x0, 0x0, 0x0, 0xef, 0xff, 0xff, 0xf5,
    0xe, 0xff, 0xee, 0xee, 0x50, 0xef, 0x90, 0x0,
    0x0, 0xe, 0xf9, 0x0, 0x0, 0x0, 0xef, 0x90,
    0x0, 0x0, 0xe, 0xff, 0xff, 0xff, 0xf2, 0xef,
    0xff, 0xff, 0xff, 0x30,

    /* U+00CA "Ê" */
    0x0, 0x3d, 0xf9, 0x0, 0x0, 0x6f, 0x94, 0xeb,
    0x10, 0x0, 0x0, 0x0, 0x0, 0xe, 0xff, 0xff,
    0xff, 0xf2, 0xef, 0xff, 0xff, 0xff, 0x2e, 0xf9,
    0x0, 0x0, 0x0, 0xef, 0x90, 0x0, 0x0, 0xe,
    0xf9, 0x0, 0x0, 0x0, 0xef, 0xff, 0xff, 0xf5,
    0xe, 0xff, 0xee, 0xee, 0x50, 0xef, 0x90, 0x0,
    0x0, 0xe, 0xf9, 0x0, 0x0, 0x0, 0xef, 0x90,
    0x0, 0x0, 0xe, 0xff, 0xff, 0xff, 0xf2, 0xef,
    0xff, 0xff, 0xff, 0x30,

    /* U+00CB "Ë" */
    0xa, 0xe3, 0x9, 0xe3, 0x0, 0xbf, 0x30, 0xaf,
    0x40, 0x0, 0x0, 0x0, 0x0, 0xe, 0xff, 0xff,
    0xff, 0xf2, 0xef, 0xff, 0xff, 0xff, 0x2e, 0xf9,
    0x0, 0x0, 0x0, 0xef, 0x90, 0x0, 0x0, 0xe,
    0xf9, 0x0, 0x0, 0x0, 0xef, 0xff, 0xff, 0xf5,
    0xe, 0xff, 0xee, 0xee, 0x50, 0xef, 0x90, 0x0,
    0x0, 0xe, 0xf9, 0x0, 0x0, 0x0, 0xef, 0x90,
    0x0, 0x0, 0xe, 0xff, 0xff, 0xff, 0xf2, 0xef,
    0xff, 0xff, 0xff, 0x30,

    /* U+00CC "Ì" */
    0x3f, 0xf5, 0x0, 0x4f, 0xe1, 0x0, 0x48, 0x40,
    0xc, 0xfb, 0x0, 0xcf, 0xb0, 0xc, 0xfb, 0x0,
    0xcf, 0xb0, 0xc, 0xfb, 0x0, 0xcf, 0xb0, 0xc,
    0xfb, 0x0, 0xcf, 0xb0, 0xc, 0xfb, 0x0, 0xcf,
    0xb0, 0xc, 0xfb, 0x0, 0xcf, 0xb0,

    /* U+00CD "Í" */
    0x5, 0xfe, 0x21, 0xef, 0x30, 0x48, 0x40, 0xc,
    0xfb, 0x0, 0xcf, 0xb0, 0xc, 0xfb, 0x0, 0xcf,
    0xb0, 0xc, 0xfb, 0x0, 0xcf, 0xb0, 0xc, 0xfb,
    0x0, 0xcf, 0xb0, 0xc, 0xfb, 0x0, 0xcf, 0xb0,
    0xc, 0xfb, 0x0, 0xcf, 0xb0, 0x0,

    /* U+00CE "Î" */
    0x1, 0xcf, 0xb1, 0x4, 0xec, 0x3c, 0xd2, 0x0,
    0x0, 0x0, 0x0, 0xc, 0xfb, 0x0, 0x0, 0xcf,
    0xb0, 0x0, 0xc, 0xfb, 0x0, 0x0, 0xcf, 0xb0,
    0x0, 0xc, 0xfb, 0x0, 0x0, 0xcf, 0xb0, 0x0,
    0xc, 0xfb, 0x0, 0x0, 0xcf, 0xb0, 0x0, 0xc,
    0xfb, 0x0, 0x0, 0xcf, 0xb0, 0x0, 0xc, 0xfb,
    0x0, 0x0, 0xcf, 0xb0, 0x0,

    /* U+00CF "Ï" */
    0x7f, 0x50, 0x6f, 0x67, 0xf6, 0x6, 0xf7, 0x0,
    0x0, 0x0, 0x0, 0xc, 0xfb, 0x0, 0x0, 0xcf,
    0xb0, 0x0, 0xc, 0xfb, 0x0, 0x0, 0xcf, 0xb0,
    0x0, 0xc, 0xfb, 0x0, 0x0, 0xcf, 0xb0, 0x0,
    0xc, 0xfb, 0x0, 0x0, 0xcf, 0xb0, 0x0, 0xc,
    0xfb, 0x0, 0x0, 0xcf, 0xb0, 0x0, 0xc, 0xfb,
    0x0, 0x0, 0xcf, 0xb0, 0x0,

    /* U+00D0 "Ð" */
    0x0, 0xaf, 0xff, 0xfc, 0x60, 0x0, 0x0, 0xaf,
    0xff, 0xff, 0xfc, 0x10, 0x0, 0xaf, 0xd0, 0x16,
    0xff, 0xa0, 0x0, 0xaf, 0xd0, 0x0, 0x7f, 0xf2,
    0x0, 0xaf, 0xd0, 0x0, 0x1f, 0xf6, 0x2f, 0xff,
    0xff, 0xa0, 0xf, 0xf8, 0x18, 0xdf, 0xe8, 0x50,
    0xf, 0xf8, 0x0, 0xaf, 0xd0, 0x0, 0x1f, 0xf6,
    0x0, 0xaf, 0xd0, 0x0, 0x7f, 0xf2, 0x0, 0xaf,
    0xd0, 0x6, 0xff, 0xb0, 0x0, 0xaf, 0xff, 0xff,
    0xfc, 0x10, 0x0, 0xaf, 0xff, 0xfc, 0x70, 0x0,

    /* U+00D1 "Ñ" */
    0x0, 0x1, 0x0, 0x2, 0x0, 0x0, 0x6f, 0xd5,
    0x8f, 0x0, 0x0, 0xfa, 0x8f, 0xf9, 0x0, 0x0,
    0x51, 0x1, 0x40, 0x0, 0xef, 0xd0, 0x0, 0x9,
    0xfe, 0xef, 0xf7, 0x0, 0x9, 0xfe, 0xef, 0xff,
    0x20, 0x9, 0xfe, 0xef, 0xff, 0xb0, 0x9, 0xfe,
    0xef, 0xcf, 0xf5, 0x9, 0xfe, 0xef, 0x99, 0xfe,
    0x9, 0xfe, 0xef, 0x90, 0xef, 0x89, 0xfe, 0xef,
    0x90, 0x5f, 0xfc, 0xfe, 0xef, 0x90, 0xb, 0xff,
    0xfe, 0xef, 0x90, 0x2, 0xff, 0xfe, 0xef, 0x90,
    0x0, 0x8f, 0xfe, 0xef, 0x90, 0x0, 0xd, 0xfe,

    /* U+00D2 "Ò" */
    0x0, 0xb, 0xfb, 0x0, 0x0, 0x0, 0x0, 0xc,
    0xf6, 0x0, 0x0, 0x0, 0x0, 0x18, 0x70, 0x0,
    0x0, 0x0, 0x6c, 0xfe, 0xb4, 0x0, 0x0, 0xbf,
    0xff, 0xff, 0xf7, 0x0, 0x7f, 0xf7, 0x12, 0xbf,
    0xf3, 0xe, 0xfa, 0x0, 0x0, 0xef, 0x92, 0xff,
    0x50, 0x0, 0xa, 0xfd, 0x4f, 0xf4, 0x0, 0x0,
    0x8f, 0xf4, 0xff, 0x40, 0x0, 0x8, 0xff, 0x2f,
    0xf5, 0x0, 0x0, 0xaf, 0xe0, 0xef, 0xa0, 0x0,
    0xe, 0xfa, 0x7, 0xff, 0x71, 0x2a, 0xff, 0x30,
    0xb, 0xff, 0xff, 0xff, 0x70, 0x0, 0x6, 0xcf,
    0xeb, 0x40, 0x0,

    /* U+00D3 "Ó" */
    0x0, 0x0, 0x1, 0xef, 0x80, 0x0, 0x0, 0x0,
    0x9f, 0x90, 0x0, 0x0, 0x0, 0x18, 0x70, 0x0,
    0x0, 0x0, 0x6c, 0xfe, 0xb4, 0x0, 0x0, 0xbf,
    0xff, 0xff, 0xf7, 0x0, 0x7f, 0xf7, 0x12, 0xbf,
    0xf3, 0xe, 0xfa, 0x0, 0x0, 0xef, 0x92, 0xff,
    0x50, 0x0, 0xa, 0xfd, 0x4f, 0xf4, 0x0, 0x0,
    0x8f, 0xf4, 0xff, 0x40, 0x0, 0x8, 0xff, 0x2f,
    0xf5, 0x0, 0x0, 0xaf, 0xe0, 0xef, 0xa0, 0x0,
    0xe, 0xfa, 0x7, 0xff, 0x71, 0x2a, 0xff, 0x30,
    0xb, 0xff, 0xff, 0xff, 0x70, 0x0, 0x6, 0xcf,
    0xeb, 0x40, 0x0,

    /* U+00D4 "Ô" */
    0x0, 0x0, 0x17, 0x60, 0x0, 0x0, 0x0, 0x1c,
    0xff, 0x80, 0x0, 0x0, 0x1d, 0xe3, 0x6f, 0x80,
    0x0, 0x0, 0x0, 0x0, 0x0, 0x0, 0x0, 0x6,
    0xcf, 0xeb, 0x40, 0x0, 0xb, 0xff, 0xff, 0xff,
    0x70, 0x7, 0xff, 0x71, 0x2b, 0xff, 0x30, 0xef,
    0xa0, 0x0, 0xe, 0xf9, 0x2f, 0xf5, 0x0, 0x0,
    0xaf, 0xd4, 0xff, 0x40, 0x0, 0x8, 0xff, 0x4f,
    0xf4, 0x0, 0x0, 0x8f, 0xf2, 0xff, 0x50, 0x0,
    0xa, 0xfe, 0xe, 0xfa, 0x0, 0x0, 0xef, 0xa0,
    0x7f, 0xf7, 0x12, 0xaf, 0xf3, 0x0, 0xbf, 0xff,
    0xff, 0xf7, 0x0, 0x0, 0x6c, 0xfe, 0xb4, 0x0,

    /* U+00D5 "Õ" */
    0x0, 0x0, 0x10, 0x0, 0x20, 0x0, 0x0, 0x9f,
    0xc4, 0xae, 0x0, 0x0, 0x2f, 0x99, 0xff, 0x70,
    0x0, 0x1, 0x50, 0x2, 0x30, 0x0, 0x0, 0x6,
    0xcf, 0xeb, 0x40, 0x0, 0xb, 0xff, 0xff, 0xff,
    0x70, 0x7, 0xff, 0x71, 0x2b, 0xff, 0x30, 0xef,
    0xa0, 0x0, 0xe, 0xf9, 0x2f, 0xf5, 0x0, 0x0,
    0xaf, 0xd4, 0xff, 0x40, 0x0, 0x8, 0xff, 0x4f,
    0xf4, 0x0, 0x0, 0x8f, 0xf2, 0xff, 0x50, 0x0,
    0xa, 0xfe, 0xe, 0xfa, 0x0, 0x0, 0xef, 0xa0,
    0x7f, 0xf7, 0x12, 0xaf, 0xf3, 0x0, 0xbf, 0xff,
    0xff, 0xf7, 0x0, 0x0, 0x6c, 0xfe, 0xb4, 0x0,

    /* U+00D6 "Ö" */
    0x0, 0x2e, 0xb0, 0x1e, 0xc0, 0x0, 0x2, 0xfc,
    0x2, 0xfd, 0x0, 0x0, 0x0, 0x0, 0x0, 0x0,
    0x0, 0x0, 0x6c, 0xfe, 0xb4, 0x0, 0x0, 0xbf,
    0xff, 0xff, 0xf7, 0x0, 0x7f, 0xf7, 0x12, 0xbf,
    0xf3, 0xe, 0xfa, 0x0, 0x0, 0xef, 0x92, 0xff,
    0x50, 0x0, 0xa, 0xfd, 0x4f, 0xf4, 0x0, 0x0,
    0x8f, 0xf4, 0xff, 0x40, 0x0, 0x8, 0xff, 0x2f,
    0xf5, 0x0, 0x0, 0xaf, 0xe0, 0xef, 0xa0, 0x0,
    0xe, 0xfa, 0x7, 0xff, 0x71, 0x2a, 0xff, 0x30,
    0xb, 0xff, 0xff, 0xff, 0x70, 0x0, 0x6, 0xcf,
    0xeb, 0x40, 0x0,

    /* U+00D7 "×" */
    0x2, 0x10, 0x0, 0x22, 0x2, 0xed, 0x10, 0x2e,
    0xe2, 0xb, 0xfd, 0x3e, 0xfb, 0x0, 0xc, 0xff,
    0xfb, 0x0, 0x0, 0x2f, 0xff, 0x20, 0x0, 0x2e,
    0xff, 0xfd, 0x10, 0x1e, 0xfb, 0x1c, 0xfd, 0x11,
    0xdb, 0x0, 0xc, 0xc1, 0x1, 0x0, 0x0, 0x0,
    0x0,

    /* U+00D8 "Ø" */
    0x0, 0x6, 0xcf, 0xeb, 0x8f, 0x50, 0x0, 0xaf,
    0xff, 0xff, 0xfc, 0x0, 0x6, 0xff, 0x81, 0x2d,
    0xff, 0x40, 0xd, 0xfb, 0x0, 0x3f, 0xff, 0xb0,
    0x1f, 0xf6, 0x0, 0xcb, 0x9f, 0xf0, 0x3f, 0xf5,
    0x6, 0xf2, 0x7f, 0xf0, 0x3f, 0xf5, 0x1f, 0x80,
    0x7f, 0xf0, 0x1f, 0xf6, 0xad, 0x0, 0x9f, 0xf0,
    0xe, 0xfd, 0xf4, 0x0, 0xef, 0xb0, 0x7, 0xff,
    0xd1, 0x1a, 0xff, 0x40, 0x0, 0xcf, 0xff, 0xff,
    0xf8, 0x0, 0x2, 0xfa, 0xcf, 0xec, 0x50, 0x0,
    0x4, 0x70, 0x0, 0x0, 0x0, 0x0,

    /* U+00D9 "Ù" */
    0x0, 0x2e, 0xf6, 0x0, 0x0, 0x0, 0x0, 0x3f,
    0xf1, 0x0, 0x0, 0x0, 0x0, 0x38, 0x50, 0x0,
    0x0, 0xff, 0x70, 0x0, 0x4f, 0xf3, 0xf, 0xf7,
    0x0, 0x4, 0xff, 0x30, 0xff, 0x70, 0x0, 0x4f,
    0xf3, 0xf, 0xf7, 0x0, 0x4, 0xff, 0x30, 0xff,
    0x70, 0x0, 0x4f, 0xf3, 0xf, 0xf7, 0x0, 0x4,
    0xff, 0x30, 0xff, 0x70, 0x0, 0x4f, 0xf3, 0xf,
    0xf7, 0x0, 0x4, 0xff, 0x30, 0xff, 0x80, 0x0,
    0x5f, 0xf2, 0xb, 0xfe, 0x30, 0x2d, 0xfe, 0x0,
    0x2f, 0xff, 0xff, 0xff, 0x50, 0x0, 0x2a, 0xef,
    0xeb, 0x30, 0x0,

    /* U+00DA "Ú" */
    0x0, 0x0, 0x4, 0xff, 0x30, 0x0, 0x0, 0x0,
    0xdf, 0x50, 0x0, 0x0, 0x0, 0x38, 0x50, 0x0,
    0x0, 0xff, 0x70, 0x0, 0x4f, 0xf3, 0xf, 0xf7,
    0x0, 0x4, 0xff, 0x30, 0xff, 0x70, 0x0, 0x4f,
    0xf3, 0xf, 0xf7, 0x0, 0x4, 0xff, 0x30, 0xff,
    0x70, 0x0, 0x4f, 0xf3, 0xf, 0xf7, 0x0, 0x4,
    0xff, 0x30, 0xff, 0x70, 0x0, 0x4f, 0xf3, 0xf,
    0xf7, 0x0, 0x4, 0xff, 0x30, 0xff, 0x80, 0x0,
    0x5f, 0xf2, 0xb, 0xfe, 0x30, 0x2d, 0xfe, 0x0,
    0x2f, 0xff, 0xff, 0xff, 0x50, 0x0, 0x2a, 0xef,
    0xeb, 0x30, 0x0,

    /* U+00DB "Û" */
    0x0, 0x0, 0x38, 0x40, 0x0, 0x0, 0x0, 0x3f,
    0xff, 0x40, 0x0, 0x0, 0x3f, 0xc1, 0xaf, 0x40,
    0x0, 0x0, 0x0, 0x0, 0x0, 0x0, 0xf, 0xf7,
    0x0, 0x4, 0xff, 0x30, 0xff, 0x70, 0x0, 0x4f,
    0xf3, 0xf, 0xf7, 0x0, 0x4, 0xff, 0x30, 0xff,
    0x70, 0x0, 0x4f, 0xf3, 0xf, 0xf7, 0x0, 0x4,
    0xff, 0x30, 0xff, 0x70, 0x0, 0x4f, 0xf3, 0xf,
    0xf7, 0x0, 0x4, 0xff, 0x30, 0xff, 0x70, 0x0,
    0x4f, 0xf3, 0xf, 0xf8, 0x0, 0x5, 0xff, 0x20,
    0xbf, 0xe3, 0x2, 0xdf, 0xe0, 0x2, 0xff, 0xff,
    0xff, 0xf5, 0x0, 0x2, 0xae, 0xfe, 0xb3, 0x0,

    /* U+00DC "Ü" */
    0x0, 0x5f, 0x60, 0x5f, 0x70, 0x0, 0x6, 0xf7,
    0x6, 0xf8, 0x0, 0x0, 0x0, 0x0, 0x0, 0x0,
    0x0, 0xff, 0x70, 0x0, 0x4f, 0xf3, 0xf, 0xf7,
    0x0, 0x4, 0xff, 0x30, 0xff, 0x70, 0x0, 0x4f,
    0xf3, 0xf, 0xf7, 0x0, 0x4, 0xff, 0x30, 0xff,
    0x70, 0x0, 0x4f, 0xf3, 0xf, 0xf7, 0x0, 0x4,
    0xff, 0x30, 0xff, 0x70, 0x0, 0x4f, 0xf3, 0xf,
    0xf7, 0x0, 0x4, 0xff, 0x30, 0xff, 0x80, 0x0,
    0x5f, 0xf2, 0xb, 0xfe, 0x30, 0x2d, 0xfe, 0x0,
    0x2f, 0xff, 0xff, 0xff, 0x50, 0x0, 0x2a, 0xef,
    0xeb, 0x30, 0x0,

    /* U+00DD "Ý" */
    0x0, 0x0, 0x9, 0xfd, 0x10, 0x0, 0x0, 0x3,
    0xfe, 0x10, 0x0, 0x0, 0x0, 0x68, 0x20, 0x0,
    0xb, 0xfe, 0x0, 0x0, 0x7f, 0xf3, 0x3f, 0xf7,
    0x0, 0xe, 0xfb, 0x0, 0xbf, 0xe0, 0x6, 0xff,
    0x30, 0x2, 0xff, 0x60, 0xdf, 0xa0, 0x0, 0xa,
    0xfd, 0x5f, 0xf2, 0x0, 0x0, 0x2f, 0xfe, 0xfa,
    0x0, 0x0, 0x0, 0x9f, 0xff, 0x20, 0x0, 0x0,
    0x1, 0xff, 0x90, 0x0, 0x0, 0x0, 0xf, 0xf8,
    0x0, 0x0, 0x0, 0x0, 0xff, 0x80, 0x0, 0x0,
    0x0, 0xf, 0xf8, 0x0, 0x0, 0x0, 0x0, 0xff,
    0x80, 0x0, 0x0,

    /* U+00DE "Þ" */
    0xef, 0x80, 0x0, 0x0, 0xe, 0xf8, 0x0, 0x0,
    0x0, 0xef, 0xfe, 0xdc, 0x70, 0xe, 0xff, 0xff,
    0xff, 0xd0, 0xef, 0x80, 0x5, 0xff, 0x7e, 0xf8,
    0x0, 0xa, 0xfb, 0xef, 0x80, 0x0, 0xaf, 0xce,
    0xf8, 0x0, 0x5f, 0xf8, 0xef, 0xff, 0xff, 0xfd,
    0x1e, 0xff, 0xee, 0xc8, 0x10, 0xef, 0x80, 0x0,
    0x0, 0xe, 0xf8, 0x0, 0x0, 0x0,

    /* U+00DF "ß" */
    0x4, 0xce, 0xfc, 0x40, 0x0, 0x5f, 0xff, 0xff,
    0xf2, 0x0, 0xbf, 0xc0, 0x1e, 0xf7, 0x0, 0xdf,
    0x80, 0xe, 0xf6, 0x0, 0xef, 0x80, 0x5f, 0xf1,
    0x0, 0xef, 0x80, 0xbf, 0xb0, 0x0, 0xef, 0x80,
    0x8f, 0xf5, 0x0, 0xef, 0x80, 0xb, 0xff, 0x60,
    0xef, 0x80, 0x0, 0x9f, 0xf0, 0xef, 0x80, 0x0,
    0x5f, 0xf1, 0xef, 0x88, 0xdc, 0xff, 0xc0, 0xef,
    0x8a, 0xff, 0xe9, 0x10,

    /* U+00E0 "à" */
    0x2, 0xef, 0x70, 0x0, 0x0, 0x3, 0xff, 0x20,
    0x0, 0x0, 0x3, 0x85, 0x0, 0x0, 0x8, 0xdf,
    0xd8, 0x0, 0xb, 0xff, 0xcf, 0xfb, 0x2, 0xff,
    0x40, 0x6f, 0xf1, 0x0, 0x0, 0x14, 0xff, 0x20,
    0x4c, 0xff, 0xff, 0xf3, 0x2f, 0xf9, 0x57, 0xff,
    0x36, 0xff, 0x10, 0x6f, 0xf3, 0x2f, 0xff, 0xdf,
    0xff, 0x30, 0x4c, 0xfd, 0x5f, 0xf6,

    /* U+00E1 "á" */
    0x0, 0x0, 0x4f, 0xf3, 0x0, 0x0, 0xd, 0xf5,
    0x0, 0x0, 0x3, 0x85, 0x0, 0x0, 0x8, 0xdf,
    0xd8, 0x0, 0xb, 0xff, 0xcf, 0xfb, 0x2, 0xff,
    0x40, 0x6f, 0xf1, 0x0, 0x0, 0x14, 0xff, 0x20,
    0x4c, 0xff, 0xff, 0xf3, 0x2f, 0xf9, 0x57, 0xff,
    0x36, 0xff, 0x10, 0x6f, 0xf3, 0x2f, 0xff, 0xdf,
    0xff, 0x30, 0x4c, 0xfd, 0x5f, 0xf6,

    /* U+00E2 "â" */
    0x0, 0x1b, 0xfc, 0x10, 0x0, 0x3d, 0xc3, 0xbe,
    0x30, 0x0, 0x0, 0x0, 0x0, 0x0, 0x8, 0xdf,
    0xd8, 0x0, 0xb, 0xff, 0xcf, 0xfb, 0x2, 0xff,
    0x40, 0x6f, 0xf1, 0x0, 0x0, 0x14, 0xff, 0x20,
    0x4c, 0xff, 0xff, 0xf3, 0x2f, 0xf9, 0x57, 0xff,
    0x36, 0xff, 0x10, 0x6f, 0xf3, 0x2f, 0xff, 0xdf,
    0xff, 0x30, 0x4c, 0xfd, 0x5f, 0xf6,

    /* U+00E3 "ã" */
    0x2, 0xcf, 0xff, 0xf8, 0x0, 0x37, 0x77, 0x75,
    0x0, 0x0, 0x0, 0x0, 0x0, 0x0, 0x8, 0xdf,
    0xd8, 0x0, 0xb, 0xff, 0xcf, 0xfb, 0x2, 0xff,
    0x40, 0x6f, 0xf1, 0x0, 0x0, 0x14, 0xff, 0x20,
    0x4c, 0xff, 0xff, 0xf3, 0x2f, 0xf9, 0x57, 0xff,
    0x36, 0xff, 0x10, 0x6f, 0xf3, 0x2f, 0xff, 0xdf,
    0xff, 0x30, 0x4c, 0xfd, 0x5f, 0xf6,

    /* U+00E4 "ä" */
    0x5, 0xf7, 0x5, 0xf7, 0x0, 0x6f, 0x70, 0x5f,
    0x80, 0x0, 0x0, 0x0, 0x0, 0x0, 0x8, 0xdf,
    0xd8, 0x0, 0xb, 0xff, 0xcf, 0xfb, 0x2, 0xff,
    0x40, 0x6f, 0xf1, 0x0, 0x0, 0x14, 0xff, 0x20,
    0x4c, 0xff, 0xff, 0xf3, 0x2f, 0xf9, 0x57, 0xff,
    0x36, 0xff, 0x10, 0x6f, 0xf3, 0x2f, 0xff, 0xdf,
    0xff, 0x30, 0x4c, 0xfd, 0x5f, 0xf6,

    /* U+00E5 "å" */
    0x0, 0x7, 0xc9, 0x0, 0x0, 0x2, 0xd0, 0xb5,
    0x0, 0x0, 0x2d, 0xb, 0x50, 0x0, 0x0, 0x7c,
    0x90, 0x0, 0x0, 0x0, 0x0, 0x0, 0x0, 0x8,
    0xdf, 0xd8, 0x0, 0xb, 0xff, 0xcf, 0xfb, 0x2,
    0xff, 0x40, 0x6f, 0xf1, 0x0, 0x0, 0x14, 0xff,
    0x20, 0x4c, 0xff, 0xff, 0xf3, 0x2f, 0xf9, 0x57,
    0xff, 0x36, 0xff, 0x10, 0x6f, 0xf3, 0x2f, 0xff,
    0xdf, 0xff, 0x30, 0x4c, 0xfd, 0x5f, 0xf6,

    /* U+00E6 "æ" */
    0x0, 0x7d, 0xfe, 0xa4, 0xae, 0xfc, 0x40, 0xb,
    0xff, 0xff, 0xff, 0xff, 0xff, 0xf4, 0x1d, 0xd6,
    0x2, 0xff, 0xc0, 0xa, 0xfb, 0x0, 0x48, 0x9a,
    0xff, 0xca, 0xac, 0xfe, 0xc, 0xff, 0xff, 0xff,
    0xff, 0xff, 0xfe, 0x5f, 0xf5, 0x0, 0xff, 0x70,
    0x0, 0x0, 0x6f, 0xf1, 0x2, 0xff, 0xe2, 0x0,
    0x51, 0x2f, 0xff, 0xef, 0xff, 0xff, 0xef, 0xf7,
    0x3, 0xcf, 0xfb, 0x42, 0xae, 0xfe, 0x92,

    /* U+00E7 "ç" */
    0x0, 0x7d, 0xfd, 0x91, 0x0, 0x9f, 0xff, 0xff,
    0xc0, 0x2f, 0xf7, 0x3, 0xff, 0x46, 0xff, 0x0,
    0x5, 0x62, 0x7f, 0xf0, 0x0, 0x0, 0x5, 0xff,
    0x0, 0x2, 0x21, 0x2f, 0xf6, 0x2, 0xff, 0x40,
    0x9f, 0xfe, 0xff, 0xd0, 0x0, 0x7e, 0xff, 0x91,
    0x0, 0x0, 0x6f, 0xd3, 0x0, 0x0, 0x1, 0xbf,
    0x90, 0x0, 0x0, 0x3f, 0xb2, 0x0,

    /* U+00E8 "è" */
    0x2, 0xef, 0x60, 0x0, 0x0, 0x3, 0xff, 0x10,
    0x0, 0x0, 0x4, 0x84, 0x0, 0x0, 0x5, 0xcf,
    0xea, 0x20, 0x6, 0xff, 0xff, 0xfe, 0x10, 0xff,
    0x80, 0x1d, 0xf8, 0x4f, 0xfa, 0x99, 0xdf, 0xb6,
    0xff, 0xff, 0xff, 0xfb, 0x5f, 0xf2, 0x0, 0x0,
    0x1, 0xff, 0xb1, 0x3, 0xa0, 0x7, 0xff, 0xfe,
    0xff, 0x50, 0x5, 0xcf, 0xfc, 0x50,

    /* U+00E9 "é" */
    0x0, 0x0, 0x5f, 0xf3, 0x0, 0x0, 0x1e, 0xf4,
    0x0, 0x0, 0x3, 0x84, 0x0, 0x0, 0x5, 0xcf,
    0xea, 0x20, 0x6, 0xff, 0xff, 0xfe, 0x10, 0xff,
    0x80, 0x1d, 0xf8, 0x4f, 0xfa, 0x99, 0xdf, 0xb6,
    0xff, 0xff, 0xff, 0xfb, 0x5f, 0xf2, 0x0, 0x0,
    0x1, 0xff, 0xb1, 0x3, 0xa0, 0x7, 0xff, 0xfe,
    0xff, 0x50, 0x5, 0xcf, 0xfc, 0x50,

    /* U+00EA "ê" */
    0x0, 0x1c, 0xfc, 0x10, 0x0, 0x3e, 0xc3, 0xbd,
    0x30, 0x0, 0x0, 0x0, 0x0, 0x0, 0x5, 0xcf,
    0xea, 0x20, 0x6, 0xff, 0xff, 0xfe, 0x10, 0xff,
    0x80, 0x1d, 0xf8, 0x4f, 0xfa, 0x99, 0xdf, 0xb6,
    0xff, 0xff, 0xff, 0xfb, 0x5f, 0xf2, 0x0, 0x0,
    0x1, 0xff, 0xb1, 0x3, 0xa0, 0x7, 0xff, 0xfe,
    0xff, 0x50, 0x5, 0xcf, 0xfc, 0x50,

    /* U+00EB "ë" */
    0x6, 0xf6, 0x5, 0xf6, 0x0, 0x7f, 0x60, 0x6f,
    0x70, 0x0, 0x0, 0x0, 0x0, 0x0, 0x5, 0xcf,
    0xea, 0x20, 0x6, 0xff, 0xff, 0xfe, 0x10, 0xff,
    0x80, 0x1d, 0xf8, 0x4f, 0xfa, 0x99, 0xdf, 0xb6,
    0xff, 0xff, 0xff, 0xfb, 0x5f, 0xf2, 0x0, 0x0,
    0x1, 0xff, 0xb1, 0x3, 0xa0, 0x7, 0xff, 0xfe,
    0xff, 0x50, 0x5, 0xcf, 0xfc, 0x50,

    /* U+00EC "ì" */
    0x4f, 0xf3, 0x0, 0x6f, 0xd0, 0x0, 0x58, 0x30,
    0xe, 0xf8, 0x0, 0xef, 0x80, 0xe, 0xf8, 0x0,
    0xef, 0x80, 0xe, 0xf8, 0x0, 0xef, 0x80, 0xe,
    0xf8, 0x0, 0xef, 0x80, 0xe, 0xf8,

    /* U+00ED "í" */
    0x8, 0xfd, 0x12, 0xfe, 0x20, 0x58, 0x30, 0xe,
    0xf8, 0x0, 0xef, 0x80, 0xe, 0xf8, 0x0, 0xef,
    0x80, 0xe, 0xf8, 0x0, 0xef, 0x80, 0xe, 0xf8,
    0x0, 0xef, 0x80, 0xe, 0xf8, 0x0,

    /* U+00EE "î" */
    0x2, 0xdf, 0xa0, 0x5, 0xe9, 0x3d, 0xc1, 0x0,
    0x0, 0x0, 0x0, 0xe, 0xf8, 0x0, 0x0, 0xef,
    0x80, 0x0, 0xe, 0xf8, 0x0, 0x0, 0xef, 0x80,
    0x0, 0xe, 0xf8, 0x0, 0x0, 0xef, 0x80, 0x0,
    0xe, 0xf8, 0x0, 0x0, 0xef, 0x80, 0x0, 0xe,
    0xf8, 0x0,

    /* U+00EF "ï" */
    0x9f, 0x30, 0x8f, 0x4a, 0xf4, 0x9, 0xf5, 0x0,
    0x0, 0x0, 0x0, 0xe, 0xf8, 0x0, 0x0, 0xef,
    0x80, 0x0, 0xe, 0xf8, 0x0, 0x0, 0xef, 0x80,
    0x0, 0xe, 0xf8, 0x0, 0x0, 0xef, 0x80, 0x0,
    0xe, 0xf8, 0x0, 0x0, 0xef, 0x80, 0x0, 0xe,
    0xf8, 0x0,

    /* U+00F0 "ð" */
    0x0, 0x0, 0x0, 0x0, 0x0, 0x0, 0x8c, 0x70,
    0x3, 0x0, 0x0, 0xef, 0xfe, 0xcd, 0x0, 0x0,
    0x17, 0xff, 0xf5, 0x0, 0x0, 0xd, 0xdd, 0xff,
    0x10, 0x0, 0x3, 0x2, 0xff, 0x90, 0x0, 0x8e,
    0xfc, 0xdf, 0xe0, 0x9, 0xff, 0xee, 0xff, 0xf1,
    0x1f, 0xf9, 0x0, 0x6f, 0xf2, 0x4f, 0xf2, 0x0,
    0x3f, 0xf2, 0x3f, 0xf2, 0x0, 0x6f, 0xf0, 0xf,
    0xfa, 0x1, 0xdf, 0xa0, 0x6, 0xff, 0xff, 0xfe,
    0x10, 0x0, 0x5c, 0xfe, 0xa1, 0x0,

    /* U+00F1 "ñ" */
    0x0, 0xbf, 0xff, 0xfb, 0x0, 0x27, 0x77, 0x76,
    0x0, 0x0, 0x0, 0x0, 0x0, 0x2, 0xff, 0x5b,
    0xfe, 0x70, 0x2f, 0xff, 0xff, 0xff, 0x42, 0xff,
    0x80, 0x1e, 0xf8, 0x2f, 0xf4, 0x0, 0xcf, 0x92,
    0xff, 0x40, 0xc, 0xfa, 0x2f, 0xf4, 0x0, 0xcf,
    0xa2, 0xff, 0x40, 0xc, 0xfa, 0x2f, 0xf4, 0x0,
    0xcf, 0xa2, 0xff, 0x40, 0xc, 0xfa,

    /* U+00F2 "ò" */
    0x0, 0xcf, 0xa0, 0x0, 0x0, 0x0, 0x1d, 0xf4,
    0x0, 0x0, 0x0, 0x1, 0x86, 0x0, 0x0, 0x0,
    0x5c, 0xfe, 0xa2, 0x0, 0x7, 0xff, 0xff, 0xff,
    0x20, 0x1f, 0xf9, 0x1, 0xef, 0xa0, 0x5f, 0xf1,
    0x0, 0x7f, 0xf0, 0x6f, 0xf0, 0x0, 0x5f, 0xf0,
    0x5f, 0xf1, 0x0, 0x7f, 0xf0, 0x1f, 0xf8, 0x1,
    0xdf, 0xb0, 0x8, 0xff, 0xff, 0xff, 0x20, 0x0,
    0x6d, 0xfe, 0xb2, 0x0,

    /* U+00F3 "ó" */
    0x0, 0x0, 0x1f, 0xf6, 0x0, 0x0, 0x0, 0xbf,
    0x80, 0x0, 0x0, 0x1, 0x86, 0x0, 0x0, 0x0,
    0x5c, 0xfe, 0xa2, 0x0, 0x7, 0xff, 0xff, 0xff,
    0x20, 0x1f, 0xf9, 0x1, 0xef, 0xa0, 0x5f, 0xf1,
    0x0, 0x7f, 0xf0, 0x6f, 0xf0, 0x0, 0x5f, 0xf0,
    0x5f, 0xf1, 0x0, 0x7f, 0xf0, 0x1f, 0xf8, 0x1,
    0xdf, 0xb0, 0x8, 0xff, 0xff, 0xff, 0x20, 0x0,
    0x6d, 0xfe, 0xb2, 0x0,

    /* U+00F4 "ô" */
    0x0, 0x8, 0xfe, 0x30, 0x0, 0x1, 0xbe, 0x48,
    0xf5, 0x0, 0x0, 0x0, 0x0, 0x0, 0x0, 0x0,
    0x5c, 0xfe, 0xa2, 0x0, 0x7, 0xff, 0xff, 0xff,
    0x20, 0x1f, 0xf9, 0x1, 0xef, 0xa0, 0x5f, 0xf1,
    0x0, 0x7f, 0xf0, 0x6f, 0xf0, 0x0, 0x5f, 0xf0,
    0x5f, 0xf1, 0x0, 0x7f, 0xf0, 0x1f, 0xf8, 0x1,
    0xdf, 0xb0, 0x8, 0xff, 0xff, 0xff, 0x20, 0x0,
    0x6d, 0xfe, 0xb2, 0x0,

    /* U+00F5 "õ" */
    0x0, 0xbf, 0xff, 0xfb, 0x0, 0x2, 0x77, 0x77,
    0x60, 0x0, 0x0, 0x0, 0x0, 0x0, 0x0, 0x0,
    0x5c, 0xfe, 0xa2, 0x0, 0x7, 0xff, 0xff, 0xff,
    0x20, 0x1f, 0xf9, 0x1, 0xef, 0xa0, 0x5f, 0xf1,
    0x0, 0x7f, 0xf0, 0x6f, 0xf0, 0x0, 0x5f, 0xf0,
    0x5f, 0xf1, 0x0, 0x7f, 0xf0, 0x1f, 0xf8, 0x1,
    0xdf, 0xb0, 0x8, 0xff, 0xff, 0xff, 0x20, 0x0,
    0x6d, 0xfe, 0xb2, 0x0,

    /* U+00F6 "ö" */
    0x3, 0xea, 0x2, 0xeb, 0x0, 0x3, 0xfb, 0x2,
    0xfc, 0x0, 0x0, 0x0, 0x0, 0x0, 0x0, 0x0,
    0x5c, 0xfe, 0xa2, 0x0, 0x7, 0xff, 0xff, 0xff,
    0x20, 0x1f, 0xf9, 0x1, 0xef, 0xa0, 0x5f, 0xf1,
    0x0, 0x7f, 0xf0, 0x6f, 0xf0, 0x0, 0x5f, 0xf0,
    0x5f, 0xf1, 0x0, 0x7f, 0xf0, 0x1f, 0xf8, 0x1,
    0xdf, 0xb0, 0x8, 0xff, 0xff, 0xff, 0x20, 0x0,
    0x6d, 0xfe, 0xb2, 0x0,

    /* U+00F7 "÷" */
    0x0, 0x4, 0xec, 0x0, 0x0, 0x0, 0x7, 0xff,
    0x10, 0x0, 0x0, 0x0, 0x64, 0x0, 0x0, 0x6e,
    0xee, 0xee, 0xee, 0xe0, 0x7f, 0xff, 0xff, 0xff,
    0xf1, 0x0, 0x0, 0x0, 0x0, 0x0, 0x0, 0x0,
    0x64, 0x0, 0x0, 0x0, 0x7, 0xff, 0x10, 0x0,
    0x0, 0x4, 0xec, 0x0, 0x0,

    /* U+00F8 "ø" */
    0x0, 0x0, 0x0, 0x5f, 0x10, 0x0, 0x5c, 0xfe,
    0xe9, 0x0, 0x7, 0xff, 0xff, 0xfe, 0x20, 0x1f,
    0xf9, 0xc, 0xff, 0xa0, 0x5f, 0xf1, 0x4f, 0x8f,
    0xf0, 0x6f, 0xf0, 0xd8, 0x5f, 0xf0, 0x5f, 0xf6,
    0xe0, 0x7f, 0xf0, 0x1f, 0xff, 0x71, 0xdf, 0xb0,
    0x8, 0xff, 0xff, 0xff, 0x20, 0x0, 0xee, 0xff,
    0xb2, 0x0, 0x5, 0xe0, 0x0, 0x0, 0x0,

    /* U+00F9 "ù" */
    0x0, 0xcf, 0x90, 0x0, 0x0, 0x1, 0xdf, 0x40,
    0x0, 0x0, 0x2, 0x86, 0x0, 0x2, 0xff, 0x40,
    0xc, 0xfa, 0x2f, 0xf4, 0x0, 0xcf, 0xa2, 0xff,
    0x40, 0xc, 0xfa, 0x2f, 0xf4, 0x0, 0xcf, 0xa2,
    0xff, 0x40, 0xc, 0xfa, 0x2f, 0xf4, 0x0, 0xcf,
    0xa0, 0xff, 0x70, 0x2e, 0xfa, 0xb, 0xff, 0xff,
    0xff, 0xa0, 0x1b, 0xfe, 0x9b, 0xfa,

    /* U+00FA "ú" */
    0x0, 0x0, 0x2f, 0xf6, 0x0, 0x0, 0xb, 0xf7,
    0x0, 0x0, 0x1, 0x86, 0x0, 0x2, 0xff, 0x40,
    0xc, 0xfa, 0x2f, 0xf4, 0x0, 0xcf, 0xa2, 0xff,
    0x40, 0xc, 0xfa, 0x2f, 0xf4, 0x0, 0xcf, 0xa2,
    0xff, 0x40, 0xc, 0xfa, 0x2f, 0xf4, 0x0, 0xcf,
    0xa0, 0xff, 0x70, 0x2e, 0xfa, 0xb, 0xff, 0xff,
    0xff, 0xa0, 0x1b, 0xfe, 0x9b, 0xfa,

    /* U+00FB "û" */
    0x0, 0x9, 0xfe, 0x30, 0x0, 0x1b, 0xc3, 0x8d,
    0x50, 0x0, 0x0, 0x0, 0x0, 0x2, 0xff, 0x40,
    0xc, 0xfa, 0x2f, 0xf4, 0x0, 0xcf, 0xa2, 0xff,
    0x40, 0xc, 0xfa, 0x2f, 0xf4, 0x0, 0xcf, 0xa2,
    0xff, 0x40, 0xc, 0xfa, 0x2f, 0xf4, 0x0, 0xcf,
    0xa0, 0xff, 0x70, 0x2e, 0xfa, 0xb, 0xff, 0xff,
    0xff, 0xa0, 0x1b, 0xfe, 0x9b, 0xfa,

    /* U+00FC "ü" */
    0x3, 0xe9, 0x2, 0xea, 0x0, 0x3f, 0xa0, 0x3f,
    0xb0, 0x0, 0x0, 0x0, 0x0, 0x2, 0xff, 0x40,
    0xc, 0xfa, 0x2f, 0xf4, 0x0, 0xcf, 0xa2, 0xff,
    0x40, 0xc, 0xfa, 0x2f, 0xf4, 0x0, 0xcf, 0xa2,
    0xff, 0x40, 0xc, 0xfa, 0x2f, 0xf4, 0x0, 0xcf,
    0xa0, 0xff, 0x70, 0x2e, 0xfa, 0xb, 0xff, 0xff,
    0xff, 0xa0, 0x1b, 0xfe, 0x9b, 0xfa,

    /* U+00FD "ý" */
    0x0, 0x0, 0x8f, 0xd1, 0x0, 0x0, 0x3f, 0xe2,
    0x0, 0x0, 0x5, 0x82, 0x0, 0xc, 0xfc, 0x0,
    0x3f, 0xf5, 0x6f, 0xf1, 0x8, 0xfe, 0x1, 0xff,
    0x50, 0xdf, 0x90, 0xa, 0xfa, 0x1f, 0xf3, 0x0,
    0x4f, 0xf7, 0xfd, 0x0, 0x0, 0xef, 0xef, 0x70,
    0x0, 0x9, 0xff, 0xf2, 0x0, 0x0, 0x3f, 0xfc,
    0x0, 0x0, 0x0, 0xef, 0x60, 0x0, 0x0, 0x6f,
    0xf0, 0x0, 0x0, 0xff, 0xf9, 0x0, 0x0, 0xe,
    0xf9, 0x0, 0x0, 0x0,

    /* U+00FE "þ" */
    0x1f, 0xf5, 0x0, 0x0, 0x0, 0x1f, 0xf5, 0x0,
    0x0, 0x0, 0x1f, 0xf5, 0x0, 0x0, 0x0, 0x1f,
    0xf8, 0xcf, 0xd5, 0x0, 0x1f, 0xff, 0xff, 0xff,
    0x30, 0x1f, 0xf9, 0x1, 0xdf, 0xb0, 0x1f, 0xf5,
    0x0, 0x7f, 0xe0, 0x1f, 0xf5, 0x0, 0x6f, 0xf0,
    0x1f, 0xf5, 0x0, 0x8f, 0xe0, 0x1f, 0xf9, 0x1,
    0xdf, 0xb0, 0x1f, 0xff, 0xff, 0xff, 0x30, 0x1f,
    0xf8, 0xcf, 0xd5, 0x0, 0x1f, 0xf5, 0x0, 0x0,
    0x0, 0x1f, 0xf5, 0x0, 0x0, 0x0, 0x1f, 0xf5,
    0x0, 0x0, 0x0,

    /* U+00FF "ÿ" */
    0x9, 0xe3, 0x8, 0xf4, 0x0, 0xaf, 0x40, 0x9f,
    0x40, 0x0, 0x0, 0x0, 0x0, 0xc, 0xfc, 0x0,
    0x3f, 0xf5, 0x6f, 0xf1, 0x8, 0xfe, 0x1, 0xff,
    0x50, 0xdf, 0x90, 0xa, 0xfa, 0x1f, 0xf3, 0x0,
    0x4f, 0xf7, 0xfd, 0x0, 0x0, 0xef, 0xef, 0x70,
    0x0, 0x9, 0xff, 0xf2, 0x0, 0x0, 0x3f, 0xfc,
    0x0, 0x0, 0x0, 0xef, 0x60, 0x0, 0x0, 0x6f,
    0xf0, 0x0, 0x0, 0xff, 0xf9, 0x0, 0x0, 0xe,
    0xf9, 0x0, 0x0, 0x0,

    /* U+0100 "Ā" */
    0x0, 0x1, 0x11, 0x11, 0x0, 0x0, 0x0, 0x1f,
    0xff, 0xff, 0xa0, 0x0, 0x0, 0x4, 0x44, 0x44,
    0x20, 0x0, 0x0, 0x0, 0xaf, 0xf1, 0x0, 0x0,
    0x0, 0x0, 0xff, 0xf6, 0x0, 0x0, 0x0, 0x6,
    0xff, 0xfc, 0x0, 0x0, 0x0, 0xc, 0xfc, 0xff,
    0x20, 0x0, 0x0, 0x2f, 0xf4, 0xdf, 0x80, 0x0,
    0x0, 0x8f, 0xf0, 0x8f, 0xe0, 0x0, 0x0, 0xdf,
    0xa0, 0x3f, 0xf4, 0x0, 0x4, 0xff, 0x50, 0xe,
    0xfb, 0x0, 0xa, 0xff, 0xff, 0xff, 0xff, 0x10,
    0xf, 0xff, 0xff, 0xff, 0xff, 0x70, 0x6f, 0xf5,
    0x0, 0x0, 0xdf, 0xd0, 0xcf, 0xe0, 0x0, 0x0,
    0x7f, 0xf3,

    /* U+0101 "ā" */
    0x4, 0xff, 0xff, 0xf7, 0x0, 0x15, 0x55, 0x55,
    0x20, 0x0, 0x0, 0x0, 0x0, 0x0, 0x8, 0xdf,
    0xd8, 0x0, 0xb, 0xff, 0xcf, 0xfb, 0x2, 0xff,
    0x40, 0x6f, 0xf1, 0x0, 0x0, 0x14, 0xff, 0x20,
    0x4c, 0xff, 0xff, 0xf3, 0x2f, 0xf9, 0x57, 0xff,
    0x36, 0xff, 0x10, 0x6f, 0xf3, 0x2f, 0xff, 0xdf,
    0xff, 0x30, 0x4c, 0xfd, 0x5f, 0xf6,

    /* U+0102 "Ă" */
    0x0, 0x2, 0x10, 0x2, 0x10, 0x0, 0x0, 0xf,
    0xc2, 0x6f, 0x70, 0x0, 0x0, 0x5, 0xff, 0xfc,
    0x0, 0x0, 0x0, 0x0, 0x13, 0x20, 0x0, 0x0,
    0x0, 0x0, 0xaf, 0xf1, 0x0, 0x0, 0x0, 0x0,
    0xff, 0xf6, 0x0, 0x0, 0x0, 0x6, 0xff, 0xfc,
    0x0, 0x0, 0x0, 0xc, 0xfc, 0xff, 0x20, 0x0,
    0x0, 0x2f, 0xf4, 0xdf, 0x80, 0x0, 0x0, 0x8f,
    0xf0, 0x8f, 0xe0, 0x0, 0x0, 0xdf, 0xa0, 0x3f,
    0xf4, 0x0, 0x4, 0xff, 0x50, 0xe, 0xfb, 0x0,
    0xa, 0xff, 0xff, 0xff, 0xff, 0x10, 0xf, 0xff,
    0xff, 0xff, 0xff, 0x70, 0x6f, 0xf5, 0x0, 0x0,
    0xdf, 0xd0, 0xcf, 0xe0, 0x0, 0x0, 0x7f, 0xf3,

    /* U+0103 "ă" */
    0x3, 0xfa, 0x28, 0xf5, 0x0, 0x8, 0xff, 0xfa,
    0x0, 0x0, 0x1, 0x32, 0x0, 0x0, 0x8, 0xdf,
    0xd8, 0x0, 0xb, 0xff, 0xcf, 0xfb, 0x2, 0xff,
    0x40, 0x6f, 0xf1, 0x0, 0x0, 0x14, 0xff, 0x20,
    0x4c, 0xff, 0xff, 0xf3, 0x2f, 0xf9, 0x57, 0xff,
    0x36, 0xff, 0x10, 0x6f, 0xf3, 0x2f, 0xff, 0xdf,
    0xff, 0x30, 0x4c, 0xfd, 0x5f, 0xf6,

    /* U+0104 "Ą" */
    0x0, 0x0, 0xaf, 0xf1, 0x0, 0x0, 0x0, 0x0,
    0xff, 0xf6, 0x0, 0x0, 0x0, 0x6, 0xff, 0xfc,
    0x0, 0x0, 0x0, 0xc, 0xf8, 0xff, 0x20, 0x0,
    0x0, 0x2f, 0xf1, 0xaf, 0x80, 0x0, 0x0, 0x8f,
    0xc0, 0x5f, 0xe0, 0x0, 0x0, 0xdf, 0x60, 0xe,
    0xf4, 0x0, 0x4, 0xff, 0xff, 0xff, 0xfb, 0x0,
    0xa, 0xff, 0xff, 0xff, 0xff, 0x10, 0xf, 0xf6,
    0x0, 0x0, 0xff, 0x70, 0x6f, 0xf1, 0x0, 0x0,
    0xaf, 0xd0, 0xcf, 0xd0, 0x0, 0x0, 0x6f, 0xf3,
    0x0, 0x0, 0x0, 0x1, 0xec, 0x10, 0x0, 0x0,
    0x0, 0x5, 0xfc, 0x60, 0x0, 0x0, 0x0, 0x1,
    0xcf, 0xa0,

    /* U+0105 "ą" */
    0x1, 0x9e, 0xfd, 0x91, 0x0, 0xef, 0xec, 0xff,
    0xb0, 0x16, 0x61, 0x15, 0xff, 0x10, 0x2a, 0xff,
    0xff, 0xf2, 0x1e, 0xfb, 0x57, 0xff, 0x35, 0xff,
    0x0, 0x3f, 0xf3, 0x5f, 0xf2, 0x8, 0xff, 0x31,
    0xff, 0xfd, 0xff, 0xf3, 0x3, 0xcf, 0xd5, 0xff,
    0x60, 0x0, 0x0, 0x9f, 0x30, 0x0, 0x0, 0xe,
    0xf8, 0x10, 0x0, 0x0, 0x6e, 0xe3,

    /* U+0106 "Ć" */
    0x0, 0x0, 0x0, 0x88, 0x40, 0x0, 0x0, 0x0,
    0x7f, 0xd0, 0x0, 0x0, 0x0, 0x2f, 0xd1, 0x0,
    0x0, 0x0, 0x0, 0x0, 0x0, 0x0, 0x0, 0x7,
    0xdf, 0xfb, 0x40, 0x0, 0xc, 0xff, 0xff, 0xff,
    0x70, 0x8, 0xff, 0x61, 0x2a, 0xff, 0x20, 0xef,
    0x90, 0x0, 0xf, 0xf7, 0x2f, 0xf5, 0x0, 0x0,
    0x22, 0x14, 0xff, 0x30, 0x0, 0x0, 0x0, 0x4f,
    0xf4, 0x0, 0x0, 0x0, 0x3, 0xff, 0x50, 0x0,
    0x0, 0x10, 0xf, 0xf9, 0x0, 0x0, 0xff, 0x70,
    0x9f, 0xf5, 0x1, 0xaf, 0xf2, 0x1, 0xdf, 0xff,
    0xff, 0xf8, 0x0, 0x1, 0x8d, 0xff, 0xb5, 0x0,

    /* U+0107 "ć" */
    0x0, 0x0, 0x6f, 0xe2, 0x0, 0x0, 0x1f, 0xf3,
    0x0, 0x0, 0x4, 0x84, 0x0, 0x0, 0x7, 0xdf,
    0xd9, 0x10, 0x9, 0xff, 0xff, 0xfd, 0x2, 0xff,
    0x70, 0x3f, 0xf4, 0x6f, 0xf0, 0x0, 0x56, 0x27,
    0xff, 0x0, 0x0, 0x0, 0x5f, 0xf0, 0x0, 0x23,
    0x12, 0xff, 0x70, 0x2f, 0xf4, 0x9, 0xff, 0xff,
    0xfc, 0x0, 0x7, 0xdf, 0xe9, 0x10,

    /* U+0108 "Ĉ" */
    0x0, 0x0, 0x17, 0x50, 0x0, 0x0, 0x0, 0x2e,
    0xff, 0x60, 0x0, 0x0, 0x2e, 0xd1, 0x8f, 0x60,
    0x0, 0x0, 0x0, 0x0, 0x0, 0x0, 0x0, 0x7,
    0xdf, 0xfb, 0x40, 0x0, 0xc, 0xff, 0xff, 0xff,
    0x70, 0x8, 0xff, 0x61, 0x2a, 0xff, 0x20, 0xef,
    0x90, 0x0, 0xf, 0xf7, 0x2f, 0xf5, 0x0, 0x0,
    0x22, 0x14, 0xff, 0x30, 0x0, 0x0, 0x0, 0x4f,
    0xf4, 0x0, 0x0, 0x0, 0x3, 0xff, 0x50, 0x0,
    0x0, 0x10, 0xf, 0xf9, 0x0, 0x0, 0xff, 0x70,
    0x9f, 0xf5, 0x1, 0xaf, 0xf2, 0x1, 0xdf, 0xff,
    0xff, 0xf8, 0x0, 0x1, 0x8d, 0xff, 0xb5, 0x0,

    /* U+0109 "ĉ" */
    0x0, 0x2c, 0xfb, 0x0, 0x0, 0x4e, 0xb3, 0xcd,
    0x20, 0x0, 0x0, 0x0, 0x0, 0x0, 0x7, 0xdf,
    0xd9, 0x10, 0x9, 0xff, 0xff, 0xfd, 0x2, 0xff,
    0x70, 0x3f, 0xf4, 0x6f, 0xf0, 0x0, 0x56, 0x27,
    0xff, 0x0, 0x0, 0x0, 0x5f, 0xf0, 0x0, 0x23,
    0x12, 0xff, 0x70, 0x2f, 0xf4, 0x9, 0xff, 0xff,
    0xfc, 0x0, 0x7, 0xdf, 0xe9, 0x10,

    /* U+010A "Ċ" */
    0x0, 0x0, 0x2, 0x0, 0x0, 0x0, 0x0, 0x6,
    0xfc, 0x0, 0x0, 0x0, 0x0, 0x4f, 0xa0, 0x0,
    0x0, 0x0, 0x0, 0x0, 0x0, 0x0, 0x0, 0x7,
    0xdf, 0xfb, 0x40, 0x0, 0xc, 0xff, 0xff, 0xff,
    0x70, 0x8, 0xff, 0x61, 0x2a, 0xff, 0x20, 0xef,
    0x90, 0x0, 0xf, 0xf7, 0x2f, 0xf5, 0x0, 0x0,
    0x22, 0x14, 0xff, 0x30, 0x0, 0x0, 0x0, 0x4f,
    0xf4, 0x0, 0x0, 0x0, 0x3, 0xff, 0x50, 0x0,
    0x0, 0x10, 0xf, 0xf9, 0x0, 0x0, 0xff, 0x70,
    0x9f, 0xf5, 0x1, 0xaf, 0xf2, 0x1, 0xdf, 0xff,
    0xff, 0xf8, 0x0, 0x1, 0x8d, 0xff, 0xb5, 0x0,

    /* U+010B "ċ" */
    0x0, 0x8, 0xf6, 0x0, 0x0, 0x0, 0xaf, 0x80,
    0x0, 0x0, 0x0, 0x30, 0x0, 0x0, 0x7, 0xdf,
    0xd9, 0x10, 0x9, 0xff, 0xff, 0xfd, 0x2, 0xff,
    0x70, 0x3f, 0xf4, 0x6f, 0xf0, 0x0, 0x56, 0x27,
    0xff, 0x0, 0x0, 0x0, 0x5f, 0xf0, 0x0, 0x23,
    0x12, 0xff, 0x70, 0x2f, 0xf4, 0x9, 0xff, 0xff,
    0xfc, 0x0, 0x7, 0xdf, 0xe9, 0x10,

    /* U+010C "Č" */
    0x0, 0x14, 0x30, 0x14, 0x40, 0x0, 0x0, 0xbf,
    0x6d, 0xf4, 0x0, 0x0, 0x0, 0xbf, 0xf4, 0x0,
    0x0, 0x0, 0x0, 0x32, 0x0, 0x0, 0x0, 0x7,
    0xdf, 0xfc, 0x50, 0x0, 0xc, 0xff, 0xff, 0xff,
    0x80, 0x8, 0xff, 0x61, 0x1a, 0xff, 0x20, 0xef,
    0x90, 0x0, 0xf, 0xf7, 0x2f, 0xf5, 0x0, 0x0,
    0x0, 0x4, 0xff, 0x30, 0x0, 0x0, 0x0, 0x4f,
    0xf4, 0x0, 0x0, 0x0, 0x3, 0xff, 0x50, 0x0,
    0x1, 0x21, 0xf, 0xf9, 0x0, 0x1, 0xff, 0x70,
    0x9f, 0xf5, 0x1, 0xaf, 0xf2, 0x1, 0xdf, 0xff,
    0xff, 0xf7, 0x0, 0x1, 0x8d, 0xff, 0xb4, 0x0,

    /* U+010D "č" */
    0x4, 0xeb, 0x1c, 0xe3, 0x0, 0x2, 0xdf, 0xc1,
    0x0, 0x0, 0x0, 0x0, 0x0, 0x0, 0x7, 0xdf,
    0xd9, 0x10, 0x9, 0xff, 0xff, 0xfd, 0x2, 0xff,
    0x70, 0x3f, 0xf4, 0x6f, 0xf0, 0x0, 0x56, 0x27,
    0xff, 0x0, 0x0, 0x0, 0x5f, 0xf0, 0x0, 0x23,
    0x12, 0xff, 0x70, 0x2f, 0xf4, 0x9, 0xff, 0xff,
    0xfc, 0x0, 0x7, 0xdf, 0xe9, 0x10,

    /* U+010E "Ď" */
    0x6f, 0xa1, 0xdf, 0x40, 0x0, 0x6, 0xff, 0xf3,
    0x0, 0x0, 0x0, 0x58, 0x30, 0x0, 0x0, 0xef,
    0xff, 0xeb, 0x50, 0x0, 0xef, 0xff, 0xff, 0xf9,
    0x0, 0xef, 0x90, 0x28, 0xff, 0x60, 0xef, 0x90,
    0x0, 0xbf, 0xe0, 0xef, 0x90, 0x0, 0x5f, 0xf2,
    0xef, 0x90, 0x0, 0x3f, 0xf4, 0xef, 0x90, 0x0,
    0x3f, 0xf4, 0xef, 0x90, 0x0, 0x5f, 0xf2, 0xef,
    0x90, 0x0, 0xbf, 0xe0, 0xef, 0x90, 0x18, 0xff,
    0x70, 0xef, 0xff, 0xff, 0xfa, 0x0, 0xef, 0xff,
    0xeb, 0x50, 0x0,

    /* U+010F "ď" */
    0x0, 0x0, 0x0, 0xcf, 0xa1, 0xfa, 0x0, 0x0,
    0x0, 0xcf, 0xa4, 0xf7, 0x0, 0x0, 0x0, 0xcf,
    0xa5, 0xc0, 0x0, 0x9e, 0xe9, 0xcf, 0xa0, 0x0,
    0xa, 0xff, 0xff, 0xff, 0xa0, 0x0, 0x2f, 0xf8,
    0x2, 0xef, 0xa0, 0x0, 0x5f, 0xf1, 0x0, 0xcf,
    0xa0, 0x0, 0x6f, 0xf0, 0x0, 0xcf, 0xa0, 0x0,
    0x5f, 0xf0, 0x0, 0xcf, 0xa0, 0x0, 0x2f, 0xf6,
    0x1, 0xef, 0xa0, 0x0, 0xa, 0xff, 0xdf, 0xff,
    0xa0, 0x0, 0x0, 0x9e, 0xea, 0xaf, 0xa0, 0x0,

    /* U+0110 "Đ" */
    0x0, 0xaf, 0xff, 0xfc, 0x60, 0x0, 0x0, 0xaf,
    0xff, 0xff, 0xfc, 0x10, 0x0, 0xaf, 0xd0, 0x16,
    0xff, 0xa0, 0x0, 0xaf, 0xd0, 0x0, 0x7f, 0xf2,
    0x0, 0xaf, 0xd0, 0x0, 0x1f, 0xf6, 0x2f, 0xff,
    0xff, 0xa0, 0xf, 0xf8, 0x18, 0xdf, 0xe8, 0x50,
    0xf, 0xf8, 0x0, 0xaf, 0xd0, 0x0, 0x1f, 0xf6,
    0x0, 0xaf, 0xd0, 0x0, 0x7f, 0xf2, 0x0, 0xaf,
    0xd0, 0x6, 0xff, 0xb0, 0x0, 0xaf, 0xff, 0xff,
    0xfc, 0x10, 0x0, 0xaf, 0xff, 0xfc, 0x70, 0x0,

    /* U+0111 "đ" */
    0x0, 0x0, 0x68, 0xef, 0xd7, 0x0, 0x0, 0xdf,
    0xff, 0xff, 0x0, 0x0, 0x0, 0xcf, 0xa0, 0x0,
    0x9e, 0xe9, 0xcf, 0xa0, 0xa, 0xff, 0xff, 0xff,
    0xa0, 0x2f, 0xf8, 0x2, 0xef, 0xa0, 0x5f, 0xf1,
    0x0, 0xcf, 0xa0, 0x6f, 0xf0, 0x0, 0xcf, 0xa0,
    0x5f, 0xf0, 0x0, 0xcf, 0xa0, 0x2f, 0xf6, 0x1,
    0xef, 0xa0, 0xa, 0xff, 0xdf, 0xff, 0xa0, 0x0,
    0x9e, 0xea, 0xaf, 0xa0,

    /* U+0112 "Ē" */
    0x0, 0x11, 0x11, 0x10, 0x0, 0x9f, 0xff, 0xff,
    0x20, 0x2, 0x44, 0x44, 0x40, 0xe, 0xff, 0xff,
    0xff, 0xf2, 0xef, 0xff, 0xff, 0xff, 0x2e, 0xf9,
    0x0, 0x0, 0x0, 0xef, 0x90, 0x0, 0x0, 0xe,
    0xf9, 0x0, 0x0, 0x0, 0xef, 0xff, 0xff, 0xf5,
    0xe, 0xff, 0xee, 0xee, 0x50, 0xef, 0x90, 0x0,
    0x0, 0xe, 0xf9, 0x0, 0x0, 0x0, 0xef, 0x90,
    0x0, 0x0, 0xe, 0xff, 0xff, 0xff, 0xf2, 0xef,
    0xff, 0xff, 0xff, 0x30,

    /* U+0113 "ē" */
    0x5, 0xff, 0xff, 0xf6, 0x0, 0x15, 0x55, 0x55,
    0x20, 0x0, 0x0, 0x0, 0x0, 0x0, 0x5, 0xcf,
    0xea, 0x20, 0x6, 0xff, 0xff, 0xfe, 0x10, 0xff,
    0x80, 0x1d, 0xf8, 0x4f, 0xfa, 0x99, 0xdf, 0xb6,
    0xff, 0xff, 0xff, 0xfb, 0x5f, 0xf2, 0x0, 0x0,
    0x1, 0xff, 0xb1, 0x3, 0xa0, 0x7, 0xff, 0xfe,
    0xff, 0x50, 0x5, 0xcf, 0xfc, 0x50,

    /* U+0114 "Ĕ" */
    0x1, 0x20, 0x1, 0x20, 0x0, 0x7f, 0x62, 0xcf,
    0x0, 0x0, 0xcf, 0xff, 0x60, 0x0, 0x0, 0x23,
    0x10, 0x0, 0xef, 0xff, 0xff, 0xff, 0x2e, 0xff,
    0xff, 0xff, 0xf2, 0xef, 0x90, 0x0, 0x0, 0xe,
    0xf9, 0x0, 0x0, 0x0, 0xef, 0x90, 0x0, 0x0,
    0xe, 0xff, 0xff, 0xff, 0x50, 0xef, 0xfe, 0xee,
    0xe5, 0xe, 0xf9, 0x0, 0x0, 0x0, 0xef, 0x90,
    0x0, 0x0, 0xe, 0xf9, 0x0, 0x0, 0x0, 0xef,
    0xff, 0xff, 0xff, 0x2e, 0xff, 0xff, 0xff, 0xf3,

    /* U+0115 "ĕ" */
    0x3, 0xf9, 0x29, 0xf4, 0x0, 0x9, 0xff, 0xfa,
    0x0, 0x0, 0x1, 0x31, 0x0, 0x0, 0x5, 0xcf,
    0xea, 0x20, 0x6, 0xff, 0xff, 0xfe, 0x10, 0xff,
    0x80, 0x1d, 0xf8, 0x4f, 0xfa, 0x99, 0xdf, 0xb6,
    0xff, 0xff, 0xff, 0xfb, 0x5f, 0xf2, 0x0, 0x0,
    0x1, 0xff, 0xb1, 0x3, 0xa0, 0x7, 0xff, 0xfe,
    0xff, 0x50, 0x5, 0xcf, 0xfc, 0x50,

    /* U+0116 "Ė" */
    0x0, 0xa, 0xf3, 0x0, 0x0, 0x0, 0xdf, 0x50,
    0x0, 0x0, 0x1, 0x20, 0x0, 0xe, 0xff, 0xff,
    0xff, 0xf2, 0xef, 0xff, 0xff, 0xff, 0x2e, 0xf9,
    0x0, 0x0, 0x0, 0xef, 0x90, 0x0, 0x0, 0xe,
    0xf9, 0x0, 0x0, 0x0, 0xef, 0xff, 0xff, 0xf5,
    0xe, 0xff, 0xee, 0xee, 0x50, 0xef, 0x90, 0x0,
    0x0, 0xe, 0xf9, 0x0, 0x0, 0x0, 0xef, 0x90,
    0x0, 0x0, 0xe, 0xff, 0xff, 0xff, 0xf2, 0xef,
    0xff, 0xff, 0xff, 0x30,

    /* U+0117 "ė" */
    0x0, 0x7, 0xf7, 0x0, 0x0, 0x0, 0x9f, 0x90,
    0x0, 0x0, 0x0, 0x30, 0x0, 0x0, 0x5, 0xcf,
    0xea, 0x20, 0x6, 0xff, 0xff, 0xfe, 0x10, 0xff,
    0x80, 0x1d, 0xf8, 0x4f, 0xfa, 0x99, 0xdf, 0xb6,
    0xff, 0xff, 0xff, 0xfb, 0x5f, 0xf2, 0x0, 0x0,
    0x1, 0xff, 0xb1, 0x3, 0xa0, 0x7, 0xff, 0xfe,
    0xff, 0x50, 0x5, 0xcf, 0xfc, 0x50,

    /* U+0118 "Ę" */
    0xef, 0xff, 0xff, 0xff, 0x2e, 0xff, 0xff, 0xff,
    0xf2, 0xef, 0x90, 0x0, 0x0, 0xe, 0xf9, 0x0,
    0x0, 0x0, 0xef, 0xfe, 0xee, 0xe5, 0xe, 0xff,
    0xff, 0xff, 0x50, 0xef, 0x90, 0x0, 0x0, 0xe,
    0xf9, 0x0, 0x0, 0x0, 0xef, 0x90, 0x0, 0x0,
    0xe, 0xf9, 0x0, 0x0, 0x0, 0xef, 0xff, 0xff,
    0xff, 0x2e, 0xff, 0xff, 0xff, 0xf3, 0x0, 0x0,
    0xbe, 0x30, 0x0, 0x0, 0x1f, 0xd7, 0x0, 0x0,
    0x0, 0xaf, 0xd0, 0x0,

    /* U+0119 "ę" */
    0x0, 0x5c, 0xfe, 0xa2, 0x0, 0x7f, 0xff, 0xff,
    0xe1, 0xf, 0xf8, 0x1, 0xdf, 0x84, 0xff, 0xa9,
    0x9d, 0xfb, 0x6f, 0xff, 0xff, 0xff, 0xb5, 0xff,
    0x20, 0x0, 0x0, 0x1f, 0xfc, 0x21, 0x5c, 0x0,
    0x5f, 0xff, 0xff, 0xf4, 0x0, 0x3a, 0xef, 0xd3,
    0x0, 0x0, 0xc, 0xe0, 0x0, 0x0, 0x0, 0xef,
    0x80, 0x0, 0x0, 0x6, 0xee, 0x20,

    /* U+011A "Ě" */
    0x8, 0xf8, 0x2e, 0xe2, 0x0, 0x8, 0xff, 0xe2,
    0x0, 0x0, 0x6, 0x82, 0x0, 0xe, 0xff, 0xff,
    0xff, 0xf2, 0xef, 0xff, 0xff, 0xff, 0x2e, 0xf9,
    0x0, 0x0, 0x0, 0xef, 0x90, 0x0, 0x0, 0xe,
    0xf9, 0x0, 0x0, 0x0, 0xef, 0xff, 0xff, 0xf5,
    0xe, 0xff, 0xee, 0xee, 0x50, 0xef, 0x90, 0x0,
    0x0, 0xe, 0xf9, 0x0, 0x0, 0x0, 0xef, 0x90,
    0x0, 0x0, 0xe, 0xff, 0xff, 0xff, 0xf2, 0xef,
    0xff, 0xff, 0xff, 0x30,

    /* U+011B "ě" */
    0x3, 0xec, 0x1b, 0xe4, 0x0, 0x1, 0xcf, 0xc2,
    0x0, 0x0, 0x0, 0x0, 0x0, 0x0, 0x5, 0xcf,
    0xea, 0x20, 0x6, 0xff, 0xff, 0xfe, 0x10, 0xff,
    0x80, 0x1d, 0xf8, 0x4f, 0xfa, 0x99, 0xdf, 0xb6,
    0xff, 0xff, 0xff, 0xfb, 0x5f, 0xf2, 0x0, 0x0,
    0x1, 0xff, 0xb1, 0x3, 0xa0, 0x7, 0xff, 0xfe,
    0xff, 0x50, 0x5, 0xcf, 0xfc, 0x50,

    /* U+011C "Ĝ" */
    0x0, 0x0, 0x17, 0x50, 0x0, 0x0, 0x0, 0x1d,
    0xff, 0x70, 0x0, 0x0, 0x1d, 0xd2, 0x7f, 0x70,
    0x0, 0x0, 0x0, 0x0, 0x0, 0x0, 0x0, 0x7,
    0xdf, 0xec, 0x60, 0x0, 0xc, 0xff, 0xff, 0xff,
    0xa0, 0x8, 0xff, 0x71, 0x7, 0xff, 0x40, 0xef,
    0xb0, 0x0, 0x9, 0xa5, 0x1f, 0xf6, 0x0, 0x0,
    0x0, 0x3, 0xff, 0x50, 0x1c, 0xcc, 0xc8, 0x3f,
    0xf5, 0x1, 0xff, 0xff, 0xa1, 0xff, 0x70, 0x0,
    0xd, 0xfa, 0xe, 0xfb, 0x0, 0x0, 0xdf, 0xa0,
    0x7f, 0xf8, 0x10, 0x4e, 0xfa, 0x0, 0xbf, 0xff,
    0xff, 0xff, 0x60, 0x0, 0x6c, 0xff, 0xd9, 0x30,

    /* U+011D "ĝ" */
    0x0, 0x1b, 0xfc, 0x10, 0x0, 0x2d, 0xc3, 0xae,
    0x30, 0x0, 0x0, 0x0, 0x0, 0x0, 0x8, 0xee,
    0xb8, 0xfc, 0x9, 0xff, 0xff, 0xff, 0xc1, 0xff,
    0x90, 0x1d, 0xfc, 0x4f, 0xf1, 0x0, 0xaf, 0xc6,
    0xff, 0x0, 0xa, 0xfc, 0x4f, 0xf1, 0x0, 0xaf,
    0xc1, 0xff, 0x90, 0x1d, 0xfc, 0x8, 0xff, 0xff,
    0xff, 0xc0, 0x8, 0xee, 0xab, 0xfc, 0x1, 0x60,
    0x2, 0xef, 0x90, 0xaf, 0xfe, 0xff, 0xe1, 0x1,
    0x8e, 0xfe, 0xa2, 0x0,

    /* U+011E "Ğ" */
    0x0, 0x2, 0x10, 0x2, 0x10, 0x0, 0x0, 0xfd,
    0x26, 0xf8, 0x0, 0x0, 0x5, 0xff, 0xfc, 0x10,
    0x0, 0x0, 0x0, 0x32, 0x0, 0x0, 0x0, 0x7,
    0xdf, 0xec, 0x60, 0x0, 0xc, 0xff, 0xff, 0xff,
    0xa0, 0x8, 0xff, 0x71, 0x7, 0xff, 0x40, 0xef,
    0xb0, 0x0, 0x9, 0xa5, 0x1f, 0xf6, 0x0, 0x0,
    0x0, 0x3, 0xff, 0x50, 0x1c, 0xcc, 0xc8, 0x3f,
    0xf5, 0x1, 0xff, 0xff, 0xa1, 0xff, 0x70, 0x0,
    0xd, 0xfa, 0xe, 0xfb, 0x0, 0x0, 0xdf, 0xa0,
    0x7f, 0xf8, 0x10, 0x4e, 0xfa, 0x0, 0xbf, 0xff,
    0xff, 0xff, 0x60, 0x0, 0x6c, 0xff, 0xd9, 0x30,

    /* U+011F "ğ" */
    0x0, 0x0, 0x10, 0x0, 0x0, 0x1d, 0xff, 0xfe,
    0x30, 0x0, 0x2, 0x33, 0x0, 0x0, 0x0, 0x0,
    0x0, 0x0, 0x0, 0x8e, 0xeb, 0x8f, 0xc0, 0x9f,
    0xff, 0xff, 0xfc, 0x1f, 0xf9, 0x1, 0xdf, 0xc4,
    0xff, 0x10, 0xa, 0xfc, 0x6f, 0xf0, 0x0, 0xaf,
    0xc4, 0xff, 0x10, 0xa, 0xfc, 0x1f, 0xf9, 0x1,
    0xdf, 0xc0, 0x8f, 0xff, 0xff, 0xfc, 0x0, 0x8e,
    0xea, 0xbf, 0xc0, 0x16, 0x0, 0x2e, 0xf9, 0xa,
    0xff, 0xef, 0xfe, 0x10, 0x18, 0xef, 0xea, 0x20,

    /* U+0120 "Ġ" */
    0x0, 0x0, 0x2, 0x10, 0x0, 0x0, 0x0, 0x5,
    0xfd, 0x0, 0x0, 0x0, 0x0, 0x3e, 0xb0, 0x0,
    0x0, 0x0, 0x0, 0x0, 0x0, 0x0, 0x0, 0x7,
    0xdf, 0xec, 0x60, 0x0, 0xc, 0xff, 0xff, 0xff,
    0xa0, 0x8, 0xff, 0x71, 0x7, 0xff, 0x40, 0xef,
    0xb0, 0x0, 0x9, 0xa5, 0x1f, 0xf6, 0x0, 0x0,
    0x0, 0x3, 0xff, 0x50, 0x1c, 0xcc, 0xc8, 0x3f,
    0xf5, 0x1, 0xff, 0xff, 0xa1, 0xff, 0x70, 0x0,
    0xd, 0xfa, 0xe, 0xfb, 0x0, 0x0, 0xdf, 0xa0,
    0x7f, 0xf8, 0x10, 0x4e, 0xfa, 0x0, 0xbf, 0xff,
    0xff, 0xff, 0x60, 0x0, 0x6c, 0xff, 0xd9, 0x30,

    /* U+0121 "ġ" */
    0x0, 0x6, 0xf8, 0x0, 0x0, 0x0, 0x8f, 0xb0,
    0x0, 0x0, 0x0, 0x30, 0x0, 0x0, 0x8, 0xee,
    0xb8, 0xfc, 0x9, 0xff, 0xff, 0xff, 0xc1, 0xff,
    0x90, 0x1d, 0xfc, 0x4f, 0xf1, 0x0, 0xaf, 0xc6,
    0xff, 0x0, 0xa, 0xfc, 0x4f, 0xf1, 0x0, 0xaf,
    0xc1, 0xff, 0x90, 0x1d, 0xfc, 0x8, 0xff, 0xff,
    0xff, 0xc0, 0x8, 0xee, 0xab, 0xfc, 0x1, 0x60,
    0x2, 0xef, 0x90, 0xaf, 0xfe, 0xff, 0xe1, 0x1,
    0x8e, 0xfe, 0xa2, 0x0,

    /* U+0122 "Ģ" */
    0x0, 0x7, 0xdf, 0xec, 0x60, 0x0, 0xc, 0xff,
    0xff, 0xff, 0xa0, 0x8, 0xff, 0x71, 0x7, 0xff,
    0x40, 0xef, 0xb0, 0x0, 0x9, 0xa5, 0x1f, 0xf6,
    0x0, 0x0, 0x0, 0x3, 0xff, 0x50, 0x1c, 0xcc,
    0xc8, 0x3f, 0xf5, 0x1, 0xff, 0xff, 0xa1, 0xff,
    0x70, 0x0, 0xd, 0xfa, 0xe, 0xfb, 0x0, 0x0,
    0xdf, 0xa0, 0x7f, 0xf8, 0x10, 0x4e, 0xfa, 0x0,
    0xbf, 0xff, 0xff, 0xff, 0x60, 0x0, 0x6c, 0xff,
    0xd9, 0x30, 0x0, 0x0, 0x6, 0x70, 0x0, 0x0,
    0x0, 0x0, 0xde, 0x0, 0x0, 0x0, 0x0, 0x1f,
    0xa0, 0x0, 0x0, 0x0, 0x2, 0xc2, 0x0, 0x0,

    /* U+0123 "ģ" */
    0x0, 0x0, 0x66, 0x0, 0x0, 0x0, 0x1f, 0xc0,
    0x0, 0x0, 0x5, 0xf8, 0x0, 0x0, 0x0, 0x6f,
    0x80, 0x0, 0x0, 0x0, 0x0, 0x0, 0x0, 0x0,
    0x0, 0x0, 0x0, 0x0, 0x8e, 0xeb, 0x8f, 0xc0,
    0x9f, 0xff, 0xff, 0xfc, 0x1f, 0xf9, 0x1, 0xdf,
    0xc4, 0xff, 0x10, 0xa, 0xfc, 0x6f, 0xf0, 0x0,
    0xaf, 0xc4, 0xff, 0x10, 0xa, 0xfc, 0x1f, 0xf9,
    0x1, 0xdf, 0xc0, 0x8f, 0xff, 0xff, 0xfc, 0x0,
    0x8e, 0xea, 0xbf, 0xc0, 0x16, 0x0, 0x2e, 0xf9,
    0xa, 0xff, 0xef, 0xfe, 0x10, 0x18, 0xef, 0xea,
    0x20,

    /* U+0124 "Ĥ" */
    0x0, 0x6, 0xff, 0x50, 0x0, 0x0, 0xaf, 0x66,
    0xf8, 0x0, 0x0, 0x0, 0x0, 0x0, 0x0, 0xef,
    0x90, 0x0, 0x9, 0xfe, 0xef, 0x90, 0x0, 0x9,
    0xfe, 0xef, 0x90, 0x0, 0x9, 0xfe, 0xef, 0x90,
    0x0, 0x9, 0xfe, 0xef, 0x90, 0x0, 0x9, 0xfe,
    0xef, 0xff, 0xff, 0xff, 0xfe, 0xef, 0xff, 0xff,
    0xff, 0xfe, 0xef, 0x90, 0x0, 0x9, 0xfe, 0xef,
    0x90, 0x0, 0x9, 0xfe, 0xef, 0x90, 0x0, 0x9,
    0xfe, 0xef, 0x90, 0x0, 0x9, 0xfe, 0xef, 0x90,
    0x0, 0x9, 0xfe,

    /* U+0125 "ĥ" */
    0x0, 0x5, 0x82, 0x0, 0x0, 0x9, 0xfb, 0xf5,
    0x0, 0x4, 0x83, 0x5, 0x71, 0x0, 0x0, 0x0,
    0x0, 0x0, 0x2f, 0xf4, 0x0, 0x0, 0x2, 0xff,
    0x40, 0x0, 0x0, 0x2f, 0xf4, 0x0, 0x0, 0x2,
    0xff, 0x6c, 0xfd, 0x60, 0x2f, 0xff, 0xff, 0xff,
    0x32, 0xff, 0x80, 0x1f, 0xf8, 0x2f, 0xf4, 0x0,
    0xcf, 0x92, 0xff, 0x40, 0xc, 0xfa, 0x2f, 0xf4,
    0x0, 0xcf, 0xa2, 0xff, 0x40, 0xc, 0xfa, 0x2f,
    0xf4, 0x0, 0xcf, 0xa2, 0xff, 0x40, 0xc, 0xfa,

    /* U+0126 "Ħ" */
    0xc, 0xfb, 0x0, 0x0, 0x7f, 0xf0, 0x1, 0xdf,
    0xb1, 0x11, 0x17, 0xff, 0x20, 0xbf, 0xff, 0xff,
    0xff, 0xff, 0xff, 0x13, 0xdf, 0xc4, 0x44, 0x49,
    0xff, 0x50, 0xc, 0xfb, 0x0, 0x0, 0x7f, 0xf0,
    0x0, 0xcf, 0xff, 0xff, 0xff, 0xff, 0x0, 0xc,
    0xff, 0xff, 0xff, 0xff, 0xf0, 0x0, 0xcf, 0xb0,
    0x0, 0x7, 0xff, 0x0, 0xc, 0xfb, 0x0, 0x0,
    0x7f, 0xf0, 0x0, 0xcf, 0xb0, 0x0, 0x7, 0xff,
    0x0, 0xc, 0xfb, 0x0, 0x0, 0x7f, 0xf0, 0x0,
    0xcf, 0xb0, 0x0, 0x7, 0xff, 0x0,

    /* U+0127 "ħ" */
    0x38, 0xff, 0xc8, 0x20, 0x0, 0x7f, 0xff, 0xff,
    0x50, 0x0, 0x0, 0xef, 0x80, 0x0, 0x0, 0x0,
    0xef, 0x9a, 0xfe, 0x90, 0x0, 0xef, 0xff, 0xff,
    0xf7, 0x0, 0xef, 0xb0, 0xc, 0xfc, 0x0, 0xef,
    0x80, 0x8, 0xfd, 0x0, 0xef, 0x80, 0x8, 0xfe,
    0x0, 0xef, 0x80, 0x8, 0xfe, 0x0, 0xef, 0x80,
    0x8, 0xfe, 0x0, 0xef, 0x80, 0x8, 0xfe, 0x0,
    0xef, 0x80, 0x8, 0xfe,

    /* U+0128 "Ĩ" */
    0x0, 0x10, 0x1, 0x11, 0xdf, 0x93, 0xf8, 0x8f,
    0x6c, 0xfe, 0x23, 0x40, 0x4, 0x10, 0x0, 0xcf,
    0xb0, 0x0, 0xc, 0xfb, 0x0, 0x0, 0xcf, 0xb0,
    0x0, 0xc, 0xfb, 0x0, 0x0, 0xcf, 0xb0, 0x0,
    0xc, 0xfb, 0x0, 0x0, 0xcf, 0xb0, 0x0, 0xc,
    0xfb, 0x0, 0x0, 0xcf, 0xb0, 0x0, 0xc, 0xfb,
    0x0, 0x0, 0xcf, 0xb0, 0x0, 0xc, 0xfb, 0x0,

    /* U+0129 "ĩ" */
    0x4e, 0xff, 0xff, 0x45, 0x77, 0x77, 0x40, 0x0,
    0x0, 0x0, 0x0, 0xe, 0xf8, 0x0, 0x0, 0xef,
    0x80, 0x0, 0xe, 0xf8, 0x0, 0x0, 0xef, 0x80,
    0x0, 0xe, 0xf8, 0x0, 0x0, 0xef, 0x80, 0x0,
    0xe, 0xf8, 0x0, 0x0, 0xef, 0x80, 0x0, 0xe,
    0xf8, 0x0,

    /* U+012A "Ī" */
    0x1, 0x11, 0x11, 0x5, 0xff, 0xff, 0xf5, 0x14,
    0x44, 0x44, 0x10, 0xc, 0xfb, 0x0, 0x0, 0xcf,
    0xb0, 0x0, 0xc, 0xfb, 0x0, 0x0, 0xcf, 0xb0,
    0x0, 0xc, 0xfb, 0x0, 0x0, 0xcf, 0xb0, 0x0,
    0xc, 0xfb, 0x0, 0x0, 0xcf, 0xb0, 0x0, 0xc,
    0xfb, 0x0, 0x0, 0xcf, 0xb0, 0x0, 0xc, 0xfb,
    0x0, 0x0, 0xcf, 0xb0, 0x0,

    /* U+012B "ī" */
    0x8f, 0xff, 0xff, 0x33, 0x66, 0x66, 0x61, 0x0,
    0x0, 0x0, 0x0, 0xe, 0xf8, 0x0, 0x0, 0xef,
    0x80, 0x0, 0xe, 0xf8, 0x0, 0x0, 0xef, 0x80,
    0x0, 0xe, 0xf8, 0x0, 0x0, 0xef, 0x80, 0x0,
    0xe, 0xf8, 0x0, 0x0, 0xef, 0x80, 0x0, 0xe,
    0xf8, 0x0,

    /* U+012C "Ĭ" */
    0x2, 0x0, 0x2, 0x3, 0xf9, 0x1a, 0xf3, 0x9,
    0xff, 0xf9, 0x0, 0x1, 0x31, 0x0, 0x0, 0xcf,
    0xb0, 0x0, 0xc, 0xfb, 0x0, 0x0, 0xcf, 0xb0,
    0x0, 0xc, 0xfb, 0x0, 0x0, 0xcf, 0xb0, 0x0,
    0xc, 0xfb, 0x0, 0x0, 0xcf, 0xb0, 0x0, 0xc,
    0xfb, 0x0, 0x0, 0xcf, 0xb0, 0x0, 0xc, 0xfb,
    0x0, 0x0, 0xcf, 0xb0, 0x0, 0xc, 0xfb, 0x0,

    /* U+012D "ĭ" */
    0x6f, 0x72, 0xbf, 0x10, 0xbf, 0xff, 0x70, 0x0,
    0x23, 0x10, 0x0, 0xe, 0xf8, 0x0, 0x0, 0xef,
    0x80, 0x0, 0xe, 0xf8, 0x0, 0x0, 0xef, 0x80,
    0x0, 0xe, 0xf8, 0x0, 0x0, 0xef, 0x80, 0x0,
    0xe, 0xf8, 0x0, 0x0, 0xef, 0x80, 0x0, 0xe,
    0xf8, 0x0,

    /* U+012E "Į" */
    0xc, 0xfb, 0xc, 0xfb, 0xc, 0xfb, 0xc, 0xfb,
    0xc, 0xfb, 0xc, 0xfb, 0xc, 0xfb, 0xc, 0xfb,
    0xc, 0xfb, 0xc, 0xfb, 0xc, 0xfb, 0xf, 0xfc,
    0x6f, 0x50, 0xcf, 0x92, 0x5e, 0xf4,

    /* U+012F "į" */
    0xb, 0xf4, 0xf, 0xf8, 0x3, 0x60, 0xf, 0xf7,
    0xf, 0xf7, 0xf, 0xf7, 0xf, 0xf7, 0xf, 0xf7,
    0xf, 0xf7, 0xf, 0xf7, 0xf, 0xf7, 0xf, 0xf7,
    0x9f, 0x30, 0xef, 0x80, 0x7f, 0xe2,

    /* U+0130 "İ" */
    0x7f, 0x6a, 0xf9, 0x3, 0xc, 0xfb, 0xcf, 0xbc,
    0xfb, 0xcf, 0xbc, 0xfb, 0xcf, 0xbc, 0xfb, 0xcf,
    0xbc, 0xfb, 0xcf, 0xbc, 0xfb, 0xcf, 0xb0,

    /* U+0131 "ı" */
    0xef, 0x8e, 0xf8, 0xef, 0x8e, 0xf8, 0xef, 0x8e,
    0xf8, 0xef, 0x8e, 0xf8, 0xef, 0x80,

    /* U+0132 "Ĳ" */
    0xcf, 0xb0, 0x0, 0x0, 0x1, 0xff, 0x6c, 0xfb,
    0x0, 0x0, 0x0, 0x1f, 0xf6, 0xcf, 0xb0, 0x0,
    0x0, 0x1, 0xff, 0x6c, 0xfb, 0x0, 0x0, 0x0,
    0x1f, 0xf6, 0xcf, 0xb0, 0x0, 0x0, 0x1, 0xff,
    0x6c, 0xfb, 0x0, 0x0, 0x0, 0x1f, 0xf6, 0xcf,
    0xb0, 0x0, 0x0, 0x1, 0xff, 0x6c, 0xfb, 0x0,
    0x0, 0x0, 0x1f, 0xf6, 0xcf, 0xb0, 0x58, 0x70,
    0x1, 0xff, 0x5c, 0xfb, 0x9, 0xff, 0x10, 0x7f,
    0xf2, 0xcf, 0xb0, 0x2f, 0xff, 0xdf, 0xfa, 0xc,
    0xfb, 0x0, 0x2a, 0xef, 0xd7, 0x0,

    /* U+0133 "ĳ" */
    0xb, 0xf4, 0x5, 0xfb, 0x0, 0xff, 0x80, 0x8f,
    0xf0, 0x3, 0x60, 0x0, 0x63, 0x0, 0xff, 0x70,
    0x7f, 0xf0, 0xf, 0xf7, 0x7, 0xff, 0x0, 0xff,
    0x70, 0x7f, 0xf0, 0xf, 0xf7, 0x7, 0xff, 0x0,
    0xff, 0x70, 0x7f, 0xf0, 0xf, 0xf7, 0x7, 0xff,
    0x0, 0xff, 0x70, 0x7f, 0xf0, 0xf, 0xf7, 0x7,
    0xff, 0x0, 0xff, 0x70, 0x7f, 0xf0, 0x0, 0x0,
    0x9, 0xfe, 0x0, 0x0, 0x4f, 0xff, 0x90, 0x0,
    0x3, 0xfe, 0x90, 0x0,

    /* U+0134 "Ĵ" */
    0x0, 0x0, 0x0, 0x67, 0x0, 0x0, 0x0, 0x0,
    0xaf, 0xfb, 0x0, 0x0, 0x0, 0xaf, 0x53, 0xeb,
    0x0, 0x0, 0x0, 0x0, 0x0, 0x0, 0x0, 0x0,
    0x0, 0xff, 0x70, 0x0, 0x0, 0x0, 0xf, 0xf7,
    0x0, 0x0, 0x0, 0x0, 0xff, 0x70, 0x0, 0x0,
    0x0, 0xf, 0xf7, 0x0, 0x0, 0x0, 0x0, 0xff,
    0x70, 0x0, 0x0, 0x0, 0xf, 0xf7, 0x0, 0x0,
    0x0, 0x0, 0xff, 0x70, 0x0, 0x0, 0x0, 0xf,
    0xf7, 0x0, 0x6a, 0x90, 0x1, 0xff, 0x60, 0x8,
    0xff, 0x30, 0x8f, 0xf3, 0x0, 0x1e, 0xff, 0xff,
    0xfa, 0x0, 0x0, 0x2a, 0xef, 0xd7, 0x0, 0x0,

    /* U+0135 "ĵ" */
    0x3, 0xdf, 0x90, 0x6, 0xfa, 0x4e, 0xc1, 0x0,
    0x0, 0x0, 0x0, 0xc, 0xfa, 0x0, 0x0, 0xcf,
    0xa0, 0x0, 0xc, 0xfa, 0x0, 0x0, 0xcf, 0xa0,
    0x0, 0xc, 0xfa, 0x0, 0x0, 0xcf, 0xa0, 0x0,
    0xc, 0xfa, 0x0, 0x0, 0xcf, 0xa0, 0x0, 0xc,
    0xfa, 0x0, 0x0, 0xef, 0x80, 0x9, 0xff, 0xf3,
    0x0, 0x9f, 0xd5, 0x0, 0x0,

    /* U+0136 "Ķ" */
    0xef, 0x90, 0x0, 0xaf, 0xf6, 0xef, 0x90, 0x6,
    0xff, 0x90, 0xef, 0x90, 0x3f, 0xfc, 0x0, 0xef,
    0x91, 0xef, 0xe1, 0x0, 0xef, 0x9b, 0xff, 0x30,
    0x0, 0xef, 0xef, 0xfb, 0x0, 0x0, 0xef, 0xff,
    0xff, 0x40, 0x0, 0xef, 0xf9, 0xef, 0xe0, 0x0,
    0xef, 0xb0, 0x4f, 0xf9, 0x0, 0xef, 0x90, 0xa,
    0xff, 0x40, 0xef, 0x90, 0x1, 0xef, 0xe0, 0xef,
    0x90, 0x0, 0x5f, 0xf9, 0x0, 0x7, 0xf4, 0x0,
    0x0, 0x0, 0x9, 0xf2, 0x0, 0x0, 0x0, 0xe,
    0xc0, 0x0, 0x0, 0x0, 0x2, 0x20, 0x0, 0x0,

    /* U+0137 "ķ" */
    0x1f, 0xf5, 0x0, 0x0, 0x0, 0x1f, 0xf5, 0x0,
    0x0, 0x0, 0x1f, 0xf5, 0x0, 0x0, 0x0, 0x1f,
    0xf5, 0x5, 0xff, 0x80, 0x1f, 0xf5, 0x3f, 0xfa,
    0x0, 0x1f, 0xf7, 0xef, 0xc0, 0x0, 0x1f, 0xff,
    0xfe, 0x10, 0x0, 0x1f, 0xff, 0xff, 0x30, 0x0,
    0x1f, 0xfe, 0xcf, 0xd0, 0x0, 0x1f, 0xf5, 0x2f,
    0xf9, 0x0, 0x1f, 0xf5, 0x7, 0xff, 0x30, 0x1f,
    0xf5, 0x0, 0xdf, 0xd0, 0x0, 0x1, 0x84, 0x0,
    0x0, 0x0, 0x3, 0xf8, 0x0, 0x0, 0x0, 0x7,
    0xf4, 0x0, 0x0, 0x0, 0x6, 0xa0, 0x0, 0x0,

    /* U+0138 "ĸ" */
    0xef, 0x70, 0xc, 0xff, 0x3e, 0xf7, 0x6, 0xff,
    0x90, 0xef, 0x71, 0xef, 0xd0, 0xe, 0xf9, 0xaf,
    0xf3, 0x0, 0xef, 0xff, 0xf9, 0x0, 0xe, 0xff,
    0xff, 0xe1, 0x0, 0xef, 0x73, 0xff, 0xc0, 0xe,
    0xf7, 0x7, 0xff, 0x90, 0xef, 0x70, 0xb, 0xff,
    0x50,

    /* U+0139 "Ĺ" */
    0x7, 0xfe, 0x10, 0x0, 0x2f, 0xf2, 0x0, 0x0,
    0x58, 0x30, 0x0, 0x0, 0xef, 0x90, 0x0, 0x0,
    0xef, 0x90, 0x0, 0x0, 0xef, 0x90, 0x0, 0x0,
    0xef, 0x90, 0x0, 0x0, 0xef, 0x90, 0x0, 0x0,
    0xef, 0x90, 0x0, 0x0, 0xef, 0x90, 0x0, 0x0,
    0xef, 0x90, 0x0, 0x0, 0xef, 0x90, 0x0, 0x0,
    0xef, 0x90, 0x0, 0x0, 0xef, 0xff, 0xff, 0xfd,
    0xef, 0xff, 0xff, 0xfd,

    /* U+013A "ĺ" */
    0x3, 0x88, 0x10, 0xef, 0x60, 0x9f, 0x80, 0x0,
    0x0, 0x0, 0xff, 0x70, 0xf, 0xf7, 0x0, 0xff,
    0x70, 0xf, 0xf7, 0x0, 0xff, 0x70, 0xf, 0xf7,
    0x0, 0xff, 0x70, 0xf, 0xf7, 0x0, 0xff, 0x70,
    0xf, 0xf7, 0x0, 0xff, 0x70, 0xf, 0xf7, 0x0,

    /* U+013B "Ļ" */
    0xef, 0x90, 0x0, 0x0, 0xef, 0x90, 0x0, 0x0,
    0xef, 0x90, 0x0, 0x0, 0xef, 0x90, 0x0, 0x0,
    0xef, 0x90, 0x0, 0x0, 0xef, 0x90, 0x0, 0x0,
    0xef, 0x90, 0x0, 0x0, 0xef, 0x90, 0x0, 0x0,
    0xef, 0x90, 0x0, 0x0, 0xef, 0x90, 0x0, 0x0,
    0xef, 0xff, 0xff, 0xfd, 0xef, 0xff, 0xff, 0xfd,
    0x0, 0x7, 0x70, 0x0, 0x0, 0xe, 0xd0, 0x0,
    0x0, 0x2f, 0x90, 0x0, 0x0, 0x3c, 0x10, 0x0,

    /* U+013C "ļ" */
    0xf, 0xf7, 0xf, 0xf7, 0xf, 0xf7, 0xf, 0xf7,
    0xf, 0xf7, 0xf, 0xf7, 0xf, 0xf7, 0xf, 0xf7,
    0xf, 0xf7, 0xf, 0xf7, 0xf, 0xf7, 0xf, 0xf7,
    0x4, 0x81, 0xa, 0xf1, 0xd, 0xd0, 0x1b, 0x40,

    /* U+013D "Ľ" */
    0xef, 0x90, 0x3f, 0x80, 0xef, 0x90, 0x5f, 0x60,
    0xef, 0x90, 0xaf, 0x10, 0xef, 0x90, 0x13, 0x0,
    0xef, 0x90, 0x0, 0x0, 0xef, 0x90, 0x0, 0x0,
    0xef, 0x90, 0x0, 0x0, 0xef, 0x90, 0x0, 0x0,
    0xef, 0x90, 0x0, 0x0, 0xef, 0x90, 0x0, 0x0,
    0xef, 0xff, 0xff, 0xfd, 0xef, 0xff, 0xff, 0xfd,

    /* U+013E "ľ" */
    0xff, 0x74, 0xf7, 0xff, 0x76, 0xf5, 0xff, 0x7a,
    0xd0, 0xff, 0x70, 0x10, 0xff, 0x70, 0x0, 0xff,
    0x70, 0x0, 0xff, 0x70, 0x0, 0xff, 0x70, 0x0,
    0xff, 0x70, 0x0, 0xff, 0x70, 0x0, 0xff, 0x70,
    0x0, 0xff, 0x70, 0x0,

    /* U+013F "Ŀ" */
    0xef, 0x90, 0x0, 0x0, 0xef, 0x90, 0x0, 0x0,
    0xef, 0x90, 0x0, 0x0, 0xef, 0x90, 0x0, 0x0,
    0xef, 0x90, 0xce, 0x20, 0xef, 0x90, 0xef, 0x40,
    0xef, 0x90, 0x12, 0x0, 0xef, 0x90, 0x0, 0x0,
    0xef, 0x90, 0x0, 0x0, 0xef, 0x90, 0x0, 0x0,
    0xef, 0xff, 0xff, 0xfd, 0xef, 0xff, 0xff, 0xfd,

    /* U+0140 "ŀ" */
    0xff, 0x70, 0x0, 0xff, 0x70, 0x0, 0xff, 0x70,
    0x0, 0xff, 0x70, 0x0, 0xff, 0x70, 0x30, 0xff,
    0x79, 0xf9, 0xff, 0x77, 0xf7, 0xff, 0x70, 0x0,
    0xff, 0x70, 0x0, 0xff, 0x70, 0x0, 0xff, 0x70,
    0x0, 0xff, 0x70, 0x0,

    /* U+0141 "Ł" */
    0xa, 0xfd, 0x0, 0x0, 0x0, 0xa, 0xfd, 0x0,
    0x0, 0x0, 0xa, 0xfd, 0x0, 0x0, 0x0, 0xa,
    0xfd, 0x0, 0x0, 0x0, 0xa, 0xfe, 0x87, 0x0,
    0x0, 0x5d, 0xff, 0xd5, 0x0, 0x0, 0xbe, 0xfd,
    0x0, 0x0, 0x0, 0xa, 0xfd, 0x0, 0x0, 0x0,
    0xa, 0xfd, 0x0, 0x0, 0x0, 0xa, 0xfd, 0x0,
    0x0, 0x0, 0xa, 0xff, 0xff, 0xff, 0xf1, 0xa,
    0xff, 0xff, 0xff, 0xf2,

    /* U+0142 "ł" */
    0xa, 0xfc, 0x0, 0xaf, 0xc0, 0xa, 0xfc, 0x0,
    0xaf, 0xc0, 0xa, 0xfc, 0x41, 0xcf, 0xfd, 0xcf,
    0xfc, 0x1, 0xaf, 0xc0, 0xa, 0xfc, 0x0, 0xaf,
    0xc0, 0xa, 0xfc, 0x0, 0xaf, 0xc0,

    /* U+0143 "Ń" */
    0x0, 0x0, 0xc, 0xfa, 0x0, 0x0, 0x0, 0x7f,
    0xb0, 0x0, 0x0, 0x0, 0x88, 0x0, 0x0, 0xef,
    0xd0, 0x0, 0x9, 0xfe, 0xef, 0xf7, 0x0, 0x9,
    0xfe, 0xef, 0xff, 0x20, 0x9, 0xfe, 0xef, 0xff,
    0xb0, 0x9, 0xfe, 0xef, 0xcf, 0xf5, 0x9, 0xfe,
    0xef, 0x99, 0xfe, 0x9, 0xfe, 0xef, 0x90, 0xef,
    0x89, 0xfe, 0xef, 0x90, 0x5f, 0xfc, 0xfe, 0xef,
    0x90, 0xb, 0xff, 0xfe, 0xef, 0x90, 0x2, 0xff,
    0xfe, 0xef, 0x90, 0x0, 0x8f, 0xfe, 0xef, 0x90,
    0x0, 0xd, 0xfe,

    /* U+0144 "ń" */
    0x0, 0x0, 0x1f, 0xf6, 0x0, 0x0, 0xb, 0xf8,
    0x0, 0x0, 0x1, 0x86, 0x0, 0x2, 0xff, 0x5b,
    0xfe, 0x70, 0x2f, 0xff, 0xff, 0xff, 0x42, 0xff,
    0x80, 0x1e, 0xf8, 0x2f, 0xf4, 0x0, 0xcf, 0x92,
    0xff, 0x40, 0xc, 0xfa, 0x2f, 0xf4, 0x0, 0xcf,
    0xa2, 0xff, 0x40, 0xc, 0xfa, 0x2f, 0xf4, 0x0,
    0xcf, 0xa2, 0xff, 0x40, 0xc, 0xfa,

    /* U+0145 "Ņ" */
    0xef, 0xd0, 0x0, 0x9, 0xfe, 0xef, 0xf7, 0x0,
    0x9, 0xfe, 0xef, 0xff, 0x20, 0x9, 0xfe, 0xef,
    0xff, 0xb0, 0x9, 0xfe, 0xef, 0xcf, 0xf5, 0x9,
    0xfe, 0xef, 0x99, 0xfe, 0x9, 0xfe, 0xef, 0x90,
    0xef, 0x89, 0xfe, 0xef, 0x90, 0x5f, 0xfc, 0xfe,
    0xef, 0x90, 0xb, 0xff, 0xfe, 0xef, 0x90, 0x2,
    0xff, 0xfe, 0xef, 0x90, 0x0, 0x8f, 0xfe, 0xef,
    0x90, 0x0, 0xd, 0xfe, 0x0, 0x0, 0x67, 0x0,
    0x0, 0x0, 0x0, 0xed, 0x0, 0x0, 0x0, 0x1,
    0xf9, 0x0, 0x0, 0x0, 0x3, 0xc2, 0x0, 0x0,

    /* U+0146 "ņ" */
    0x2f, 0xf5, 0xbf, 0xe7, 0x2, 0xff, 0xff, 0xff,
    0xf4, 0x2f, 0xf8, 0x1, 0xef, 0x82, 0xff, 0x40,
    0xc, 0xf9, 0x2f, 0xf4, 0x0, 0xcf, 0xa2, 0xff,
    0x40, 0xc, 0xfa, 0x2f, 0xf4, 0x0, 0xcf, 0xa2,
    0xff, 0x40, 0xc, 0xfa, 0x2f, 0xf4, 0x0, 0xcf,
    0xa0, 0x0, 0x8, 0x50, 0x0, 0x0, 0x2, 0xf9,
    0x0, 0x0, 0x0, 0x6f, 0x50, 0x0, 0x0, 0x5,
    0xb0, 0x0, 0x0,

    /* U+0147 "Ň" */
    0x0, 0xbf, 0x54, 0xfc, 0x10, 0x0, 0xb, 0xff,
    0xc0, 0x0, 0x0, 0x0, 0x77, 0x0, 0x0, 0xef,
    0xd0, 0x0, 0x9, 0xfe, 0xef, 0xf7, 0x0, 0x9,
    0xfe, 0xef, 0xff, 0x20, 0x9, 0xfe, 0xef, 0xff,
    0xb0, 0x9, 0xfe, 0xef, 0xcf, 0xf5, 0x9, 0xfe,
    0xef, 0x99, 0xfe, 0x9, 0xfe, 0xef, 0x90, 0xef,
    0x89, 0xfe, 0xef, 0x90, 0x5f, 0xfc, 0xfe, 0xef,
    0x90, 0xb, 0xff, 0xfe, 0xef, 0x90, 0x2, 0xff,
    0xfe, 0xef, 0x90, 0x0, 0x8f, 0xfe, 0xef, 0x90,
    0x0, 0xd, 0xfe,

    /* U+0148 "ň" */
    0x1, 0xce, 0x28, 0xf7, 0x0, 0x0, 0x9f, 0xe4,
    0x0, 0x0, 0x0, 0x0, 0x0, 0x2, 0xff, 0x5b,
    0xfe, 0x70, 0x2f, 0xff, 0xff, 0xff, 0x42, 0xff,
    0x80, 0x1e, 0xf8, 0x2f, 0xf4, 0x0, 0xcf, 0x92,
    0xff, 0x40, 0xc, 0xfa, 0x2f, 0xf4, 0x0, 0xcf,
    0xa2, 0xff, 0x40, 0xc, 0xfa, 0x2f, 0xf4, 0x0,
    0xcf, 0xa2, 0xff, 0x40, 0xc, 0xfa,

    /* U+0149 "ŉ" */
    0x4f, 0x70, 0x0, 0x0, 0x0, 0x7f, 0x30, 0x0,
    0x0, 0x0, 0x8a, 0x0, 0x0, 0x0, 0x0, 0x2,
    0xff, 0x5b, 0xfe, 0x70, 0x2, 0xff, 0xff, 0xff,
    0xf4, 0x2, 0xff, 0x80, 0x1e, 0xf8, 0x2, 0xff,
    0x40, 0xc, 0xf9, 0x2, 0xff, 0x40, 0xc, 0xfa,
    0x2, 0xff, 0x40, 0xc, 0xfa, 0x2, 0xff, 0x40,
    0xc, 0xfa, 0x2, 0xff, 0x40, 0xc, 0xfa, 0x2,
    0xff, 0x40, 0xc, 0xfa,

    /* U+014A "Ŋ" */
    0xff, 0xd0, 0x0, 0x9, 0xfe, 0xff, 0xf7, 0x0,
    0x9, 0xfe, 0xff, 0xff, 0x10, 0x9, 0xfe, 0xff,
    0xff, 0xa0, 0x9, 0xfe, 0xff, 0xbf, 0xf4, 0x9,
    0xfe, 0xff, 0x97, 0xfd, 0x9, 0xfe, 0xff, 0x90,
    0xdf, 0x79, 0xfe, 0xff, 0x90, 0x4f, 0xfb, 0xfe,
    0xff, 0x90, 0xb, 0xff, 0xfe, 0xff, 0x90, 0x2,
    0xff, 0xfe, 0xff, 0x90, 0x0, 0x7f, 0xfe, 0xff,
    0x90, 0x0, 0xd, 0xfe, 0x0, 0x0, 0x0, 0xb,
    0xfc, 0x0, 0x0, 0x7, 0xff, 0xf7, 0x0, 0x0,
    0x7, 0xfd, 0x70,

    /* U+014B "ŋ" */
    0x1f, 0xf4, 0xbf, 0xe7, 0x1, 0xff, 0xef, 0xff,
    0xf4, 0x1f, 0xf8, 0x1, 0xef, 0x91, 0xff, 0x40,
    0xb, 0xfa, 0x1f, 0xf4, 0x0, 0xbf, 0xb1, 0xff,
    0x40, 0xb, 0xfb, 0x1f, 0xf4, 0x0, 0xbf, 0xb1,
    0xff, 0x40, 0xb, 0xfb, 0x1f, 0xf4, 0x0, 0xbf,
    0xa0, 0x0, 0x0, 0xd, 0xf9, 0x0, 0x0, 0x9f,
    0xff, 0x40, 0x0, 0x9, 0xfd, 0x60,

    /* U+014C "Ō" */
    0x0, 0x1, 0x11, 0x11, 0x10, 0x0, 0x0, 0xff,
    0xff, 0xfb, 0x0, 0x0, 0x4, 0x44, 0x44, 0x30,
    0x0, 0x0, 0x6c, 0xfe, 0xb4, 0x0, 0x0, 0xbf,
    0xff, 0xff, 0xf7, 0x0, 0x7f, 0xf7, 0x12, 0xbf,
    0xf3, 0xe, 0xfa, 0x0, 0x0, 0xef, 0x92, 0xff,
    0x50, 0x0, 0xa, 0xfd, 0x4f, 0xf4, 0x0, 0x0,
    0x8f, 0xf4, 0xff, 0x40, 0x0, 0x8, 0xff, 0x2f,
    0xf5, 0x0, 0x0, 0xaf, 0xe0, 0xef, 0xa0, 0x0,
    0xe, 0xfa, 0x7, 0xff, 0x71, 0x2a, 0xff, 0x30,
    0xb, 0xff, 0xff, 0xff, 0x70, 0x0, 0x6, 0xcf,
    0xeb, 0x40, 0x0,

    /* U+014D "ō" */
    0x1, 0xff, 0xff, 0xfa, 0x0, 0x0, 0x55, 0x55,
    0x53, 0x0, 0x0, 0x0, 0x0, 0x0, 0x0, 0x0,
    0x5c, 0xfe, 0xa2, 0x0, 0x7, 0xff, 0xff, 0xff,
    0x20, 0x1f, 0xf9, 0x1, 0xef, 0xa0, 0x5f, 0xf1,
    0x0, 0x7f, 0xf0, 0x6f, 0xf0, 0x0, 0x5f, 0xf0,
    0x5f, 0xf1, 0x0, 0x7f, 0xf0, 0x1f, 0xf8, 0x1,
    0xdf, 0xb0, 0x8, 0xff, 0xff, 0xff, 0x20, 0x0,
    0x6d, 0xfe, 0xb2, 0x0,

    /* U+014E "Ŏ" */
    0x0, 0x2, 0x10, 0x2, 0x10, 0x0, 0x0, 0xde,
    0x24, 0xf9, 0x0, 0x0, 0x4, 0xef, 0xfd, 0x10,
    0x0, 0x0, 0x0, 0x32, 0x0, 0x0, 0x0, 0x6,
    0xcf, 0xeb, 0x40, 0x0, 0xb, 0xff, 0xff, 0xff,
    0x70, 0x7, 0xff, 0x71, 0x2b, 0xff, 0x30, 0xef,
    0xa0, 0x0, 0xe, 0xf9, 0x2f, 0xf5, 0x0, 0x0,
    0xaf, 0xd4, 0xff, 0x40, 0x0, 0x8, 0xff, 0x4f,
    0xf4, 0x0, 0x0, 0x8f, 0xf2, 0xff, 0x50, 0x0,
    0xa, 0xfe, 0xe, 0xfa, 0x0, 0x0, 0xef, 0xa0,
    0x7f, 0xf7, 0x12, 0xaf, 0xf3, 0x0, 0xbf, 0xff,
    0xff, 0xf7, 0x0, 0x0, 0x6c, 0xfe, 0xb4, 0x0,

    /* U+014F "ŏ" */
    0x0, 0xfc, 0x25, 0xf8, 0x0, 0x0, 0x6f, 0xff,
    0xc1, 0x0, 0x0, 0x1, 0x32, 0x0, 0x0, 0x0,
    0x5c, 0xfe, 0xa2, 0x0, 0x7, 0xff, 0xff, 0xff,
    0x20, 0x1f, 0xf9, 0x1, 0xef, 0xa0, 0x5f, 0xf1,
    0x0, 0x7f, 0xf0, 0x6f, 0xf0, 0x0, 0x5f, 0xf0,
    0x5f, 0xf1, 0x0, 0x7f, 0xf0, 0x1f, 0xf8, 0x1,
    0xdf, 0xb0, 0x8, 0xff, 0xff, 0xff, 0x20, 0x0,
    0x6d, 0xfe, 0xb2, 0x0,

    /* U+0150 "Ő" */
    0x0, 0x0, 0x17, 0x50, 0x77, 0x0, 0x0, 0xb,
    0xf4, 0x9f, 0x60, 0x0, 0x5, 0xf7, 0x5f, 0x80,
    0x0, 0x0, 0x0, 0x0, 0x0, 0x0, 0x0, 0x6,
    0xcf, 0xeb, 0x40, 0x0, 0xb, 0xff, 0xff, 0xff,
    0x70, 0x7, 0xff, 0x71, 0x2b, 0xff, 0x30, 0xef,
    0xa0, 0x0, 0xe, 0xf9, 0x2f, 0xf5, 0x0, 0x0,
    0xaf, 0xd4, 0xff, 0x40, 0x0, 0x8, 0xff, 0x4f,
    0xf4, 0x0, 0x0, 0x8f, 0xf2, 0xff, 0x50, 0x0,
    0xa, 0xfe, 0xe, 0xfa, 0x0, 0x0, 0xef, 0xa0,
    0x7f, 0xf7, 0x12, 0xaf, 0xf3, 0x0, 0xbf, 0xff,
    0xff, 0xf7, 0x0, 0x0, 0x6c, 0xfe, 0xb4, 0x0,

    /* U+0151 "ő" */
    0x0, 0x8, 0xf8, 0x5f, 0xb0, 0x0, 0x2f, 0xb2,
    0xfc, 0x0, 0x0, 0x47, 0x14, 0x71, 0x0, 0x0,
    0x5c, 0xfe, 0xa2, 0x0, 0x7, 0xff, 0xff, 0xff,
    0x20, 0x1f, 0xf9, 0x1, 0xef, 0xa0, 0x5f, 0xf1,
    0x0, 0x7f, 0xf0, 0x6f, 0xf0, 0x0, 0x5f, 0xf0,
    0x5f, 0xf1, 0x0, 0x7f, 0xf0, 0x1f, 0xf8, 0x1,
    0xdf, 0xb0, 0x8, 0xff, 0xff, 0xff, 0x20, 0x0,
    0x6d, 0xfe, 0xb2, 0x0,

    /* U+0152 "Œ" */
    0x0, 0x8, 0xdf, 0xff, 0xff, 0xff, 0xff, 0xf9,
    0x1, 0xdf, 0xff, 0xff, 0xff, 0xff, 0xff, 0xf9,
    0xa, 0xff, 0x73, 0x18, 0xff, 0x22, 0x22, 0x21,
    0xf, 0xf8, 0x0, 0x8, 0xff, 0x0, 0x0, 0x0,
    0x2f, 0xf4, 0x0, 0x8, 0xff, 0x0, 0x0, 0x0,
    0x3f, 0xf3, 0x0, 0x8, 0xff, 0xff, 0xff, 0xc0,
    0x3f, 0xf3, 0x0, 0x8, 0xff, 0xee, 0xee, 0xb0,
    0x2f, 0xf3, 0x0, 0x8, 0xff, 0x0, 0x0, 0x0,
    0xf, 0xf7, 0x0, 0x8, 0xff, 0x0, 0x0, 0x0,
    0xa, 0xfe, 0x40, 0x8, 0xff, 0x0, 0x0, 0x0,
    0x1, 0xdf, 0xff, 0xee, 0xff, 0xff, 0xff, 0xf8,
    0x0, 0x8, 0xdf, 0xff, 0xff, 0xff, 0xff, 0xf9,

    /* U+0153 "œ" */
    0x0, 0x4c, 0xff, 0xb3, 0x3c, 0xfe, 0xa2, 0x0,
    0x5f, 0xff, 0xff, 0xff, 0xff, 0xff, 0xe1, 0xe,
    0xfa, 0x1, 0xcf, 0xfb, 0x1, 0xdf, 0x83, 0xff,
    0x30, 0x6, 0xff, 0xb9, 0x9d, 0xfa, 0x4f, 0xf1,
    0x0, 0x4f, 0xff, 0xff, 0xff, 0xb3, 0xff, 0x30,
    0x6, 0xff, 0x60, 0x0, 0x0, 0xe, 0xfa, 0x0,
    0xcf, 0xfd, 0x20, 0x5, 0x0, 0x6f, 0xff, 0xff,
    0xff, 0xff, 0xef, 0xf4, 0x0, 0x5c, 0xff, 0xb3,
    0x3b, 0xff, 0xd8, 0x10,

    /* U+0154 "Ŕ" */
    0x0, 0x0, 0xdf, 0x90, 0x0, 0x0, 0x8, 0xfb,
    0x0, 0x0, 0x0, 0x8, 0x80, 0x0, 0x0, 0xef,
    0xff, 0xfe, 0xb3, 0x0, 0xef, 0xff, 0xff, 0xff,
    0x40, 0xef, 0x90, 0x3, 0xef, 0xd0, 0xef, 0x90,
    0x0, 0x8f, 0xf0, 0xef, 0x90, 0x0, 0x8f, 0xf0,
    0xef, 0x90, 0x3, 0xef, 0xb0, 0xef, 0xff, 0xff,
    0xfe, 0x20, 0xef, 0xff, 0xff, 0xf1, 0x0, 0xef,
    0x90, 0x2f, 0xf8, 0x0, 0xef, 0x90, 0x9, 0xff,
    0x10, 0xef, 0x90, 0x1, 0xff, 0xa0, 0xef, 0x90,
    0x0, 0x7f, 0xf3,

    /* U+0155 "ŕ" */
    0x0, 0x6, 0xfe, 0x20, 0x2, 0xff, 0x30, 0x0,
    0x48, 0x30, 0x1, 0xff, 0x7d, 0xf0, 0x1f, 0xff,
    0xff, 0x1, 0xff, 0xc4, 0x20, 0x1f, 0xf5, 0x0,
    0x1, 0xff, 0x50, 0x0, 0x1f, 0xf5, 0x0, 0x1,
    0xff, 0x50, 0x0, 0x1f, 0xf5, 0x0, 0x1, 0xff,
    0x50, 0x0,

    /* U+0156 "Ŗ" */
    0xef, 0xff, 0xfe, 0xb3, 0x0, 0xef, 0xff, 0xff,
    0xff, 0x40, 0xef, 0x90, 0x3, 0xef, 0xd0, 0xef,
    0x90, 0x0, 0x8f, 0xf0, 0xef, 0x90, 0x0, 0x8f,
    0xf0, 0xef, 0x90, 0x3, 0xef, 0xb0, 0xef, 0xff,
    0xff, 0xfe, 0x20, 0xef, 0xff, 0xff, 0xf1, 0x0,
    0xef, 0x90, 0x2f, 0xf8, 0x0, 0xef, 0x90, 0x9,
    0xff, 0x10, 0xef, 0x90, 0x1, 0xff, 0xa0, 0xef,
    0x90, 0x0, 0x7f, 0xf3, 0x0, 0x6, 0x70, 0x0,
    0x0, 0x0, 0xd, 0xe0, 0x0, 0x0, 0x0, 0x1f,
    0xa0, 0x0, 0x0, 0x0, 0x2c, 0x20, 0x0, 0x0,

    /* U+0157 "ŗ" */
    0x0, 0x0, 0x0, 0x1f, 0xf7, 0xdf, 0x1f, 0xff,
    0xff, 0x1f, 0xfc, 0x42, 0x1f, 0xf5, 0x0, 0x1f,
    0xf5, 0x0, 0x1f, 0xf5, 0x0, 0x1f, 0xf5, 0x0,
    0x1f, 0xf5, 0x0, 0x1f, 0xf5, 0x0, 0x5, 0x80,
    0x0, 0xb, 0xf0, 0x0, 0xe, 0xb0, 0x0, 0x1c,
    0x30, 0x0,

    /* U+0158 "Ř" */
    0xc, 0xf4, 0x5f, 0xb0, 0x0, 0x0, 0xcf, 0xfb,
    0x0, 0x0, 0x0, 0x7, 0x70, 0x0, 0x0, 0xef,
    0xff, 0xfe, 0xb3, 0x0, 0xef, 0xff, 0xff, 0xff,
    0x40, 0xef, 0x90, 0x3, 0xef, 0xd0, 0xef, 0x90,
    0x0, 0x8f, 0xf0, 0xef, 0x90, 0x0, 0x8f, 0xf0,
    0xef, 0x90, 0x3, 0xef, 0xb0, 0xef, 0xff, 0xff,
    0xfe, 0x20, 0xef, 0xff, 0xff, 0xf1, 0x0, 0xef,
    0x90, 0x2f, 0xf8, 0x0, 0xef, 0x90, 0x9, 0xff,
    0x10, 0xef, 0x90, 0x1, 0xff, 0xa0, 0xef, 0x90,
    0x0, 0x7f, 0xf3,

    /* U+0159 "ř" */
    0x4e, 0xa1, 0xde, 0x30, 0x1c, 0xea, 0x10, 0x0,
    0x0, 0x0, 0x1, 0xff, 0x7d, 0xf0, 0x1f, 0xff,
    0xff, 0x1, 0xff, 0xc4, 0x20, 0x1f, 0xf5, 0x0,
    0x1, 0xff, 0x50, 0x0, 0x1f, 0xf5, 0x0, 0x1,
    0xff, 0x50, 0x0, 0x1f, 0xf5, 0x0, 0x1, 0xff,
    0x50, 0x0,

    /* U+015A "Ś" */
    0x0, 0x0, 0x7, 0xfe, 0x10, 0x0, 0x0, 0x2f,
    0xf2, 0x0, 0x0, 0x0, 0x58, 0x30, 0x0, 0x0,
    0x4b, 0xef, 0xe9, 0x10, 0x6, 0xff, 0xff, 0xff,
    0xe2, 0xe, 0xfc, 0x10, 0x3f, 0xf9, 0xf, 0xf8,
    0x0, 0x7, 0xa7, 0xb, 0xff, 0x81, 0x0, 0x0,
    0x1, 0xcf, 0xff, 0xc5, 0x0, 0x0, 0x5, 0xbf,
    0xff, 0xc0, 0x0, 0x0, 0x1, 0x8f, 0xf8, 0x4d,
    0xd2, 0x0, 0xb, 0xfc, 0x2f, 0xfa, 0x10, 0x2e,
    0xfb, 0x7, 0xff, 0xff, 0xff, 0xf4, 0x0, 0x4b,
    0xef, 0xea, 0x30,

    /* U+015B "ś" */
    0x0, 0x0, 0x7f, 0xe2, 0x0, 0x0, 0x2f, 0xf2,
    0x0, 0x0, 0x5, 0x83, 0x0, 0x0, 0x19, 0xef,
    0xd7, 0x0, 0xd, 0xfe, 0xbf, 0xfa, 0x2, 0xff,
    0x20, 0x5d, 0xd0, 0x1f, 0xfc, 0x62, 0x0, 0x0,
    0x4d, 0xff, 0xfd, 0x30, 0x0, 0x2, 0x7d, 0xfe,
    0x6, 0xfd, 0x0, 0x4f, 0xf1, 0x1e, 0xfd, 0xbe,
    0xfc, 0x0, 0x2a, 0xef, 0xd8, 0x10,

    /* U+015C "Ŝ" */
    0x0, 0x0, 0x48, 0x20, 0x0, 0x0, 0x5, 0xff,
    0xe2, 0x0, 0x0, 0x6f, 0x91, 0xce, 0x20, 0x0,
    0x0, 0x0, 0x0, 0x0, 0x0, 0x4b, 0xef, 0xe9,
    0x10, 0x6, 0xff, 0xff, 0xff, 0xe2, 0xe, 0xfc,
    0x10, 0x3f, 0xf9, 0xf, 0xf8, 0x0, 0x7, 0xa7,
    0xb, 0xff, 0x81, 0x0, 0x0, 0x1, 0xcf, 0xff,
    0xc5, 0x0, 0x0, 0x5, 0xbf, 0xff, 0xc0, 0x0,
    0x0, 0x1, 0x8f, 0xf8, 0x4d, 0xd2, 0x0, 0xb,
    0xfc, 0x2f, 0xfa, 0x10, 0x2e, 0xfb, 0x7, 0xff,
    0xff, 0xff, 0xf4, 0x0, 0x4b, 0xef, 0xea, 0x30,

    /* U+015D "ŝ" */
    0x0, 0x2d, 0xfa, 0x0, 0x0, 0x4e, 0xa3, 0xcc,
    0x20, 0x0, 0x0, 0x0, 0x0, 0x0, 0x19, 0xef,
    0xd7, 0x0, 0xd, 0xfe, 0xbf, 0xfa, 0x2, 0xff,
    0x20, 0x5d, 0xd0, 0x1f, 0xfc, 0x62, 0x0, 0x0,
    0x4d, 0xff, 0xfd, 0x30, 0x0, 0x2, 0x7d, 0xfe,
    0x6, 0xfd, 0x0, 0x4f, 0xf1, 0x1e, 0xfd, 0xbe,
    0xfc, 0x0, 0x2a, 0xef, 0xd8, 0x10,

    /* U+015E "Ş" */
    0x0, 0x4b, 0xef, 0xe9, 0x10, 0x6, 0xff, 0xff,
    0xff, 0xe2, 0xe, 0xfc, 0x10, 0x3f, 0xf9, 0xf,
    0xf8, 0x0, 0x7, 0xa7, 0xb, 0xff, 0x81, 0x0,
    0x0, 0x1, 0xcf, 0xff, 0xc5, 0x0, 0x0, 0x5,
    0xbf, 0xff, 0xc0, 0x0, 0x0, 0x1, 0x8f, 0xf8,
    0x4d, 0xd2, 0x0, 0xb, 0xfc, 0x2f, 0xfa, 0x10,
    0x2e, 0xfb, 0x7, 0xff, 0xff, 0xff, 0xf4, 0x0,
    0x4b, 0xff, 0xfa, 0x30, 0x0, 0x0, 0x9f, 0xb1,
    0x0, 0x0, 0x0, 0x3d, 0xf6, 0x0, 0x0, 0x0,
    0x7e, 0xa0, 0x0,

    /* U+015F "ş" */
    0x1, 0x9e, 0xfd, 0x70, 0x0, 0xdf, 0xeb, 0xff,
    0xa0, 0x2f, 0xf2, 0x5, 0xdd, 0x1, 0xff, 0xc6,
    0x20, 0x0, 0x4, 0xdf, 0xff, 0xd3, 0x0, 0x0,
    0x37, 0xdf, 0xe0, 0x6e, 0xc0, 0x4, 0xff, 0x11,
    0xef, 0xda, 0xef, 0xc0, 0x2, 0xaf, 0xfe, 0x81,
    0x0, 0x0, 0x9f, 0xa1, 0x0, 0x0, 0x3, 0xdf,
    0x60, 0x0, 0x0, 0x7e, 0xa0, 0x0,

    /* U+0160 "Š" */
    0x0, 0x6f, 0xa1, 0xdf, 0x30, 0x0, 0x5, 0xff,
    0xe2, 0x0, 0x0, 0x0, 0x35, 0x10, 0x0, 0x0,
    0x4b, 0xef, 0xe9, 0x10, 0x6, 0xff, 0xff, 0xff,
    0xe1, 0xe, 0xfc, 0x10, 0x4f, 0xf9, 0xf, 0xf8,
    0x0, 0x7, 0xb8, 0xb, 0xff, 0x81, 0x0, 0x0,
    0x1, 0xcf, 0xff, 0xc5, 0x0, 0x0, 0x5, 0xbf,
    0xff, 0xc0, 0x0, 0x0, 0x1, 0x8f, 0xf8, 0x4d,
    0xd2, 0x0, 0xb, 0xfc, 0x2f, 0xfa, 0x10, 0x2e,
    0xfb, 0x7, 0xff, 0xff, 0xff, 0xf4, 0x0, 0x4b,
    0xef, 0xea, 0x30,

    /* U+0161 "š" */
    0x4, 0xfa, 0x1d, 0xe3, 0x0, 0x2, 0xdf, 0xb1,
    0x0, 0x0, 0x0, 0x0, 0x0, 0x0, 0x19, 0xef,
    0xd7, 0x0, 0xd, 0xfe, 0xbf, 0xfa, 0x2, 0xff,
    0x20, 0x5d, 0xd0, 0x1f, 0xfc, 0x62, 0x0, 0x0,
    0x4d, 0xff, 0xfd, 0x30, 0x0, 0x2, 0x7d, 0xfe,
    0x6, 0xfd, 0x0, 0x4f, 0xf1, 0x1e, 0xfd, 0xbe,
    0xfc, 0x0, 0x2a, 0xef, 0xd8, 0x10,

    /* U+0162 "Ţ" */
    0xaf, 0xff, 0xff, 0xff, 0xff, 0x2a, 0xff, 0xff,
    0xff, 0xff, 0xf2, 0x0, 0x0, 0xff, 0x70, 0x0,
    0x0, 0x0, 0xf, 0xf7, 0x0, 0x0, 0x0, 0x0,
    0xff, 0x70, 0x0, 0x0, 0x0, 0xf, 0xf7, 0x0,
    0x0, 0x0, 0x0, 0xff, 0x70, 0x0, 0x0, 0x0,
    0xf, 0xf7, 0x0, 0x0, 0x0, 0x0, 0xff, 0x70,
    0x0, 0x0, 0x0, 0xf, 0xf7, 0x0, 0x0, 0x0,
    0x0, 0xff, 0x70, 0x0, 0x0, 0x0, 0xf, 0xf7,
    0x0, 0x0, 0x0, 0x0, 0xcf, 0x80, 0x0, 0x0,
    0x0, 0x5, 0xef, 0x30, 0x0, 0x0, 0x0, 0x9e,
    0x80, 0x0, 0x0,

    /* U+0163 "ţ" */
    0x9, 0xfc, 0x0, 0x9, 0xfc, 0x0, 0x9, 0xfc,
    0x0, 0xef, 0xff, 0xf5, 0xae, 0xff, 0xb3, 0x9,
    0xfc, 0x0, 0x9, 0xfc, 0x0, 0x9, 0xfc, 0x0,
    0x9, 0xfc, 0x0, 0x9, 0xfd, 0x0, 0x6, 0xff,
    0xf6, 0x0, 0xbf, 0xf5, 0x0, 0x6f, 0xd3, 0x0,
    0x1b, 0xf9, 0x0, 0x3f, 0xb2,

    /* U+0164 "Ť" */
    0x0, 0x8f, 0x82, 0xee, 0x20, 0x0, 0x0, 0x8f,
    0xfd, 0x20, 0x0, 0x0, 0x0, 0x67, 0x10, 0x0,
    0xa, 0xff, 0xff, 0xff, 0xff, 0xf2, 0xaf, 0xff,
    0xff, 0xff, 0xff, 0x20, 0x0, 0xf, 0xf7, 0x0,
    0x0, 0x0, 0x0, 0xff, 0x70, 0x0, 0x0, 0x0,
    0xf, 0xf7, 0x0, 0x0, 0x0, 0x0, 0xff, 0x70,
    0x0, 0x0, 0x0, 0xf, 0xf7, 0x0, 0x0, 0x0,
    0x0, 0xff, 0x70, 0x0, 0x0, 0x0, 0xf, 0xf7,
    0x0, 0x0, 0x0, 0x0, 0xff, 0x70, 0x0, 0x0,
    0x0, 0xf, 0xf7, 0x0, 0x0, 0x0, 0x0, 0xff,
    0x70, 0x0, 0x0,

    /* U+0165 "ť" */
    0x0, 0x0, 0xb, 0xf0, 0x0, 0x0, 0xc, 0xf0,
    0x0, 0x0, 0x1f, 0xa0, 0x9, 0xfc, 0x1a, 0x20,
    0x9, 0xfc, 0x0, 0x0, 0xef, 0xff, 0xf5, 0x0,
    0xae, 0xff, 0xb3, 0x0, 0x9, 0xfc, 0x0, 0x0,
    0x9, 0xfc, 0x0, 0x0, 0x9, 0xfc, 0x0, 0x0,
    0x9, 0xfc, 0x0, 0x0, 0x9, 0xfd, 0x0, 0x0,
    0x6, 0xff, 0xf6, 0x0, 0x0, 0xae, 0xe5, 0x0,

    /* U+0166 "Ŧ" */
    0xaf, 0xff, 0xff, 0xff, 0xff, 0x2a, 0xff, 0xff,
    0xff, 0xff, 0xf2, 0x0, 0x0, 0xff, 0x70, 0x0,
    0x0, 0x0, 0xf, 0xf7, 0x0, 0x0, 0x0, 0x68,
    0xff, 0xb8, 0x0, 0x0, 0xc, 0xff, 0xff, 0xf0,
    0x0, 0x0, 0x0, 0xff, 0x70, 0x0, 0x0, 0x0,
    0xf, 0xf7, 0x0, 0x0, 0x0, 0x0, 0xff, 0x70,
    0x0, 0x0, 0x0, 0xf, 0xf7, 0x0, 0x0, 0x0,
    0x0, 0xff, 0x70, 0x0, 0x0, 0x0, 0xf, 0xf7,
    0x0, 0x0,

    /* U+0167 "ŧ" */
    0x0, 0x9f, 0xc0, 0x0, 0x9, 0xfc, 0x0, 0xe,
    0xff, 0xff, 0x50, 0xae, 0xff, 0xb3, 0x0, 0x9f,
    0xc0, 0x4, 0xff, 0xff, 0xf8, 0x28, 0xcf, 0xe8,
    0x40, 0x9, 0xfc, 0x0, 0x0, 0x9f, 0xd0, 0x0,
    0x6, 0xff, 0xf6, 0x0, 0xa, 0xee, 0x50,

    /* U+0168 "Ũ" */
    0x0, 0x0, 0x10, 0x1, 0x10, 0x0, 0x0, 0xdf,
    0xa3, 0xe9, 0x0, 0x0, 0x6f, 0x6c, 0xff, 0x30,
    0x0, 0x2, 0x40, 0x4, 0x20, 0x0, 0xf, 0xf7,
    0x0, 0x4, 0xff, 0x30, 0xff, 0x70, 0x0, 0x4f,
    0xf3, 0xf, 0xf7, 0x0, 0x4, 0xff, 0x30, 0xff,
    0x70, 0x0, 0x4f, 0xf3, 0xf, 0xf7, 0x0, 0x4,
    0xff, 0x30, 0xff, 0x70, 0x0, 0x4f, 0xf3, 0xf,
    0xf7, 0x0, 0x4, 0xff, 0x30, 0xff, 0x70, 0x0,
    0x4f, 0xf3, 0xf, 0xf8, 0x0, 0x5, 0xff, 0x20,
    0xbf, 0xe3, 0x2, 0xdf, 0xe0, 0x2, 0xff, 0xff,
    0xff, 0xf5, 0x0, 0x2, 0xae, 0xfe, 0xb3, 0x0,

    /* U+0169 "ũ" */
    0x0, 0xbf, 0xff, 0xfb, 0x0, 0x27, 0x77, 0x76,
    0x0, 0x0, 0x0, 0x0, 0x0, 0x2, 0xff, 0x40,
    0xc, 0xfa, 0x2f, 0xf4, 0x0, 0xcf, 0xa2, 0xff,
    0x40, 0xc, 0xfa, 0x2f, 0xf4, 0x0, 0xcf, 0xa2,
    0xff, 0x40, 0xc, 0xfa, 0x2f, 0xf4, 0x0, 0xcf,
    0xa0, 0xff, 0x70, 0x2e, 0xfa, 0xb, 0xff, 0xff,
    0xff, 0xa0, 0x1b, 0xfe, 0x9b, 0xfa,

    /* U+016A "Ū" */
    0x0, 0x1, 0x11, 0x11, 0x0, 0x0, 0x4, 0xff,
    0xff, 0xf7, 0x0, 0x0, 0x14, 0x44, 0x44, 0x10,
    0x0, 0xff, 0x70, 0x0, 0x4f, 0xf3, 0xf, 0xf7,
    0x0, 0x4, 0xff, 0x30, 0xff, 0x70, 0x0, 0x4f,
    0xf3, 0xf, 0xf7, 0x0, 0x4, 0xff, 0x30, 0xff,
    0x70, 0x0, 0x4f, 0xf3, 0xf, 0xf7, 0x0, 0x4,
    0xff, 0x30, 0xff, 0x70, 0x0, 0x4f, 0xf3, 0xf,
    0xf7, 0x0, 0x4, 0xff, 0x30, 0xff, 0x80, 0x0,
    0x5f, 0xf2, 0xb, 0xfe, 0x30, 0x2d, 0xfe, 0x0,
    0x2f, 0xff, 0xff, 0xff, 0x50, 0x0, 0x2a, 0xef,
    0xeb, 0x30, 0x0,

    /* U+016B "ū" */
    0x1, 0xff, 0xff, 0xfa, 0x0, 0x5, 0x55, 0x55,
    0x30, 0x0, 0x0, 0x0, 0x0, 0x2, 0xff, 0x40,
    0xc, 0xfa, 0x2f, 0xf4, 0x0, 0xcf, 0xa2, 0xff,
    0x40, 0xc, 0xfa, 0x2f, 0xf4, 0x0, 0xcf, 0xa2,
    0xff, 0x40, 0xc, 0xfa, 0x2f, 0xf4, 0x0, 0xcf,
    0xa0, 0xff, 0x70, 0x2e, 0xfa, 0xb, 0xff, 0xff,
    0xff, 0xa0, 0x1b, 0xfe, 0x9b, 0xfa,

    /* U+016C "Ŭ" */
    0x0, 0x2, 0x10, 0x2, 0x10, 0x0, 0x2, 0xfa,
    0x19, 0xf4, 0x0, 0x0, 0x8, 0xff, 0xf9, 0x0,
    0x0, 0x0, 0x1, 0x31, 0x0, 0x0, 0xf, 0xf7,
    0x0, 0x4, 0xff, 0x30, 0xff, 0x70, 0x0, 0x4f,
    0xf3, 0xf, 0xf7, 0x0, 0x4, 0xff, 0x30, 0xff,
    0x70, 0x0, 0x4f, 0xf3, 0xf, 0xf7, 0x0, 0x4,
    0xff, 0x30, 0xff, 0x70, 0x0, 0x4f, 0xf3, 0xf,
    0xf7, 0x0, 0x4, 0xff, 0x30, 0xff, 0x70, 0x0,
    0x4f, 0xf3, 0xf, 0xf8, 0x0, 0x5, 0xff, 0x20,
    0xbf, 0xe3, 0x2, 0xdf, 0xe0, 0x2, 0xff, 0xff,
    0xff, 0xf5, 0x0, 0x2, 0xae, 0xfe, 0xb3, 0x0,

    /* U+016D "ŭ" */
    0x0, 0xfc, 0x26, 0xf8, 0x0, 0x6, 0xff, 0xfc,
    0x10, 0x0, 0x1, 0x32, 0x0, 0x2, 0xff, 0x40,
    0xc, 0xfa, 0x2f, 0xf4, 0x0, 0xcf, 0xa2, 0xff,
    0x40, 0xc, 0xfa, 0x2f, 0xf4, 0x0, 0xcf, 0xa2,
    0xff, 0x40, 0xc, 0xfa, 0x2f, 0xf4, 0x0, 0xcf,
    0xa0, 0xff, 0x70, 0x2e, 0xfa, 0xb, 0xff, 0xff,
    0xff, 0xa0, 0x1b, 0xfe, 0x9b, 0xfa,

    /* U+016E "Ů" */
    0x0, 0x0, 0x9c, 0xa0, 0x0, 0x0, 0x0, 0x3d,
    0xa, 0x50, 0x0, 0x0, 0x0, 0x9c, 0xa0, 0x0,
    0x0, 0x0, 0x0, 0x0, 0x0, 0x0, 0xf, 0xf7,
    0x0, 0x4, 0xff, 0x30, 0xff, 0x70, 0x0, 0x4f,
    0xf3, 0xf, 0xf7, 0x0, 0x4, 0xff, 0x30, 0xff,
    0x70, 0x0, 0x4f, 0xf3, 0xf, 0xf7, 0x0, 0x4,
    0xff, 0x30, 0xff, 0x70, 0x0, 0x4f, 0xf3, 0xf,
    0xf7, 0x0, 0x4, 0xff, 0x30, 0xff, 0x70, 0x0,
    0x4f, 0xf3, 0xf, 0xf8, 0x0, 0x5, 0xff, 0x20,
    0xbf, 0xe3, 0x2, 0xdf, 0xe0, 0x2, 0xff, 0xff,
    0xff, 0xf5, 0x0, 0x2, 0xae, 0xfe, 0xb3, 0x0,

    /* U+016F "ů" */
    0x0, 0x5, 0xca, 0x0, 0x0, 0x0, 0xe1, 0x87,
    0x0, 0x0, 0xe, 0x8, 0x80, 0x0, 0x0, 0x5c,
    0xa1, 0x0, 0x0, 0x0, 0x0, 0x0, 0x2, 0xff,
    0x40, 0xc, 0xfa, 0x2f, 0xf4, 0x0, 0xcf, 0xa2,
    0xff, 0x40, 0xc, 0xfa, 0x2f, 0xf4, 0x0, 0xcf,
    0xa2, 0xff, 0x40, 0xc, 0xfa, 0x2f, 0xf4, 0x0,
    0xcf, 0xa0, 0xff, 0x70, 0x2e, 0xfa, 0xb, 0xff,
    0xff, 0xff, 0xa0, 0x1b, 0xfe, 0x9b, 0xfa,

    /* U+0170 "Ű" */
    0x0, 0x0, 0x47, 0x32, 0x75, 0x0, 0x0, 0x1e,
    0xe2, 0xde, 0x20, 0x0, 0xa, 0xf3, 0xaf, 0x30,
    0x0, 0x0, 0x0, 0x0, 0x0, 0x0, 0xf, 0xf7,
    0x0, 0x4, 0xff, 0x30, 0xff, 0x70, 0x0, 0x4f,
    0xf3, 0xf, 0xf7, 0x0, 0x4, 0xff, 0x30, 0xff,
    0x70, 0x0, 0x4f, 0xf3, 0xf, 0xf7, 0x0, 0x4,
    0xff, 0x30, 0xff, 0x70, 0x0, 0x4f, 0xf3, 0xf,
    0xf7, 0x0, 0x4, 0xff, 0x30, 0xff, 0x70, 0x0,
    0x4f, 0xf3, 0xf, 0xf8, 0x0, 0x5, 0xff, 0x20,
    0xbf, 0xe3, 0x2, 0xdf, 0xe0, 0x2, 0xff, 0xff,
    0xff, 0xf5, 0x0, 0x2, 0xae, 0xfe, 0xb3, 0x0,

    /* U+0171 "ű" */
    0x0, 0x8, 0xf7, 0x6f, 0xb0, 0x0, 0x3f, 0xb2,
    0xfc, 0x0, 0x0, 0x47, 0x15, 0x71, 0x0, 0x2f,
    0xf4, 0x0, 0xcf, 0xa0, 0x2f, 0xf4, 0x0, 0xcf,
    0xa0, 0x2f, 0xf4, 0x0, 0xcf, 0xa0, 0x2f, 0xf4,
    0x0, 0xcf, 0xa0, 0x2f, 0xf4, 0x0, 0xcf, 0xa0,
    0x2f, 0xf4, 0x0, 0xcf, 0xa0, 0xf, 0xf7, 0x2,
    0xef, 0xa0, 0xb, 0xff, 0xff, 0xff, 0xa0, 0x1,
    0xbf, 0xe9, 0xbf, 0xa0,

    /* U+0172 "Ų" */
    0xf, 0xf7, 0x0, 0x4, 0xff, 0x30, 0xff, 0x70,
    0x0, 0x4f, 0xf3, 0xf, 0xf7, 0x0, 0x4, 0xff,
    0x30, 0xff, 0x70, 0x0, 0x4f, 0xf3, 0xf, 0xf7,
    0x0, 0x4, 0xff, 0x30, 0xff, 0x70, 0x0, 0x4f,
    0xf3, 0xf, 0xf7, 0x0, 0x4, 0xff, 0x30, 0xff,
    0x70, 0x0, 0x4f, 0xf3, 0xf, 0xf8, 0x0, 0x5,
    0xff, 0x10, 0xbf, 0xe3, 0x2, 0xdf, 0xc0, 0x2,
    0xff, 0xff, 0xff, 0xd1, 0x0, 0x2, 0xae, 0xff,
    0xa0, 0x0, 0x0, 0x0, 0x9, 0xf5, 0x10, 0x0,
    0x0, 0x0, 0x7f, 0xf7, 0x0, 0x0, 0x0, 0x0,
    0x34, 0x0, 0x0,

    /* U+0173 "ų" */
    0x2f, 0xf4, 0x0, 0xcf, 0xa2, 0xff, 0x40, 0xc,
    0xfa, 0x2f, 0xf4, 0x0, 0xcf, 0xa2, 0xff, 0x40,
    0xc, 0xfa, 0x2f, 0xf4, 0x0, 0xcf, 0xa2, 0xff,
    0x40, 0xc, 0xfa, 0xf, 0xf7, 0x2, 0xef, 0xa0,
    0xbf, 0xff, 0xff, 0xfa, 0x1, 0xbf, 0xe9, 0xbf,
    0xa0, 0x0, 0x0, 0x6f, 0x80, 0x0, 0x0, 0xa,
    0xf9, 0x30, 0x0, 0x0, 0x4e, 0xf5,

    /* U+0174 "Ŵ" */
    0x0, 0x0, 0x1, 0xcf, 0xb1, 0x0, 0x0, 0x0,
    0x0, 0x3, 0xec, 0x3c, 0xd3, 0x0, 0x0, 0x0,
    0x0, 0x0, 0x0, 0x0, 0x0, 0x0, 0x9, 0xfd,
    0x0, 0xb, 0xfa, 0x0, 0xf, 0xf7, 0x5f, 0xf0,
    0x0, 0xff, 0xd0, 0x2, 0xff, 0x42, 0xff, 0x30,
    0x2f, 0xff, 0x10, 0x5f, 0xf0, 0xe, 0xf7, 0x6,
    0xff, 0xf5, 0x8, 0xfc, 0x0, 0xbf, 0xa0, 0xaf,
    0xbf, 0x90, 0xbf, 0x90, 0x7, 0xfd, 0xe, 0xf4,
    0xfc, 0xe, 0xf5, 0x0, 0x4f, 0xf2, 0xfd, 0xe,
    0xf2, 0xff, 0x20, 0x0, 0xff, 0x9f, 0x90, 0xbf,
    0x9f, 0xe0, 0x0, 0xd, 0xff, 0xf5, 0x7, 0xff,
    0xfb, 0x0, 0x0, 0x9f, 0xff, 0x10, 0x3f, 0xff,
    0x70, 0x0, 0x5, 0xff, 0xd0, 0x0, 0xff, 0xf4,
    0x0, 0x0, 0x2f, 0xf9, 0x0, 0xb, 0xff, 0x0,
    0x0,

    /* U+0175 "ŵ" */
    0x0, 0x0, 0x4e, 0xf8, 0x0, 0x0, 0x0, 0x0,
    0x6e, 0x73, 0xca, 0x10, 0x0, 0x0, 0x0, 0x0,
    0x0, 0x0, 0x0, 0xa, 0xfa, 0x0, 0xcf, 0x30,
    0x3f, 0xf1, 0x6f, 0xd0, 0x1f, 0xf8, 0x6, 0xfd,
    0x2, 0xff, 0x15, 0xff, 0xd0, 0x9f, 0x90, 0xd,
    0xf4, 0xaf, 0xdf, 0x1d, 0xf5, 0x0, 0x9f, 0x7e,
    0xd6, 0xf7, 0xff, 0x10, 0x5, 0xfd, 0xf9, 0x2f,
    0xef, 0xd0, 0x0, 0x1f, 0xff, 0x40, 0xdf, 0xf9,
    0x0, 0x0, 0xdf, 0xf0, 0x8, 0xff, 0x50, 0x0,
    0x9, 0xfa, 0x0, 0x3f, 0xf1, 0x0,

    /* U+0176 "Ŷ" */
    0x0, 0x0, 0x1, 0x0, 0x0, 0x0, 0x0, 0x3e,
    0xf9, 0x0, 0x0, 0x0, 0x4f, 0xb5, 0xfa, 0x0,
    0x0, 0x2, 0x30, 0x1, 0x31, 0x0, 0xbf, 0xe0,
    0x0, 0x7, 0xff, 0x33, 0xff, 0x70, 0x0, 0xef,
    0xb0, 0xb, 0xfe, 0x0, 0x6f, 0xf3, 0x0, 0x2f,
    0xf6, 0xd, 0xfa, 0x0, 0x0, 0xaf, 0xd5, 0xff,
    0x20, 0x0, 0x2, 0xff, 0xef, 0xa0, 0x0, 0x0,
    0x9, 0xff, 0xf2, 0x0, 0x0, 0x0, 0x1f, 0xf9,
    0x0, 0x0, 0x0, 0x0, 0xff, 0x80, 0x0, 0x0,
    0x0, 0xf, 0xf8, 0x0, 0x0, 0x0, 0x0, 0xff,
    0x80, 0x0, 0x0, 0x0, 0xf, 0xf8, 0x0, 0x0,

    /* U+0177 "ŷ" */
    0x0, 0x3d, 0xfa, 0x0, 0x0, 0x5d, 0x82, 0xcb,
    0x10, 0x0, 0x0, 0x0, 0x0, 0xc, 0xfc, 0x0,
    0x3f, 0xf5, 0x6f, 0xf1, 0x8, 0xfe, 0x1, 0xff,
    0x50, 0xdf, 0x90, 0xa, 0xfa, 0x1f, 0xf3, 0x0,
    0x4f, 0xf7, 0xfd, 0x0, 0x0, 0xef, 0xef, 0x70,
    0x0, 0x9, 0xff, 0xf2, 0x0, 0x0, 0x3f, 0xfc,
    0x0, 0x0, 0x0, 0xef, 0x60, 0x0, 0x0, 0x6f,
    0xf0, 0x0, 0x0, 0xff, 0xf9, 0x0, 0x0, 0xe,
    0xf9, 0x0, 0x0, 0x0,

    /* U+0178 "Ÿ" */
    0x0, 0xae, 0x30, 0x9e, 0x30, 0x0, 0xb, 0xf3,
    0xa, 0xf4, 0x0, 0x0, 0x0, 0x0, 0x0, 0x0,
    0xb, 0xfe, 0x0, 0x0, 0x7f, 0xf3, 0x3f, 0xf7,
    0x0, 0xe, 0xfb, 0x0, 0xbf, 0xe0, 0x6, 0xff,
    0x30, 0x2, 0xff, 0x60, 0xdf, 0xa0, 0x0, 0xa,
    0xfd, 0x5f, 0xf2, 0x0, 0x0, 0x2f, 0xfe, 0xfa,
    0x0, 0x0, 0x0, 0x9f, 0xff, 0x20, 0x0, 0x0,
    0x1, 0xff, 0x90, 0x0, 0x0, 0x0, 0xf, 0xf8,
    0x0, 0x0, 0x0, 0x0, 0xff, 0x80, 0x0, 0x0,
    0x0, 0xf, 0xf8, 0x0, 0x0, 0x0, 0x0, 0xff,
    0x80, 0x0, 0x0,

    /* U+0179 "Ź" */
    0x0, 0x0, 0x9, 0xfc, 0x0, 0x0, 0x0, 0x4f,
    0xd1, 0x0, 0x0, 0x0, 0x68, 0x20, 0x0, 0x6f,
    0xff, 0xff, 0xff, 0xfa, 0x6f, 0xff, 0xff, 0xff,
    0xf8, 0x0, 0x0, 0x0, 0xcf, 0xd0, 0x0, 0x0,
    0x7, 0xff, 0x30, 0x0, 0x0, 0x3f, 0xf8, 0x0,
    0x0, 0x0, 0xdf, 0xd0, 0x0, 0x0, 0x8, 0xff,
    0x20, 0x0, 0x0, 0x4f, 0xf7, 0x0, 0x0, 0x1,
    0xef, 0xc0, 0x0, 0x0, 0xa, 0xff, 0x20, 0x0,
    0x0, 0x4f, 0xff, 0xff, 0xff, 0xfc, 0x6f, 0xff,
    0xff, 0xff, 0xfd,

    /* U+017A "ź" */
    0x0, 0x0, 0x8f, 0xd1, 0x0, 0x0, 0x2f, 0xe2,
    0x0, 0x0, 0x5, 0x83, 0x0, 0x4, 0xff, 0xff,
    0xff, 0xf0, 0x3e, 0xee, 0xef, 0xfc, 0x0, 0x0,
    0x9, 0xff, 0x20, 0x0, 0x5, 0xff, 0x50, 0x0,
    0x2, 0xff, 0x90, 0x0, 0x0, 0xdf, 0xd0, 0x0,
    0x0, 0x9f, 0xf2, 0x0, 0x0, 0x4f, 0xff, 0xee,
    0xee, 0x6, 0xff, 0xff, 0xff, 0xf1,

    /* U+017B "Ż" */
    0x0, 0x0, 0xbe, 0x30, 0x0, 0x0, 0x0, 0xef,
    0x50, 0x0, 0x0, 0x0, 0x12, 0x0, 0x0, 0x6f,
    0xff, 0xff, 0xff, 0xfa, 0x6f, 0xff, 0xff, 0xff,
    0xf8, 0x0, 0x0, 0x0, 0xcf, 0xd0, 0x0, 0x0,
    0x7, 0xff, 0x30, 0x0, 0x0, 0x3f, 0xf8, 0x0,
    0x0, 0x0, 0xdf, 0xd0, 0x0, 0x0, 0x8, 0xff,
    0x20, 0x0, 0x0, 0x4f, 0xf7, 0x0, 0x0, 0x1,
    0xef, 0xc0, 0x0, 0x0, 0xa, 0xff, 0x20, 0x0,
    0x0, 0x4f, 0xff, 0xff, 0xff, 0xfc, 0x6f, 0xff,
    0xff, 0xff, 0xfd,

    /* U+017C "ż" */
    0x0, 0x9, 0xf4, 0x0, 0x0, 0x0, 0xcf, 0x60,
    0x0, 0x0, 0x0, 0x20, 0x0, 0x4, 0xff, 0xff,
    0xff, 0xf0, 0x3e, 0xee, 0xef, 0xfc, 0x0, 0x0,
    0x9, 0xff, 0x20, 0x0, 0x5, 0xff, 0x50, 0x0,
    0x2, 0xff, 0x90, 0x0, 0x0, 0xdf, 0xd0, 0x0,
    0x0, 0x9f, 0xf2, 0x0, 0x0, 0x4f, 0xff, 0xee,
    0xee, 0x6, 0xff, 0xff, 0xff, 0xf1,

    /* U+017D "Ž" */
    0x0, 0x8f, 0x82, 0xee, 0x20, 0x0, 0x8, 0xff,
    0xe2, 0x0, 0x0, 0x0, 0x67, 0x10, 0x0, 0x6f,
    0xff, 0xff, 0xff, 0xfa, 0x6f, 0xff, 0xff, 0xff,
    0xf8, 0x0, 0x0, 0x0, 0xcf, 0xd0, 0x0, 0x0,
    0x7, 0xff, 0x30, 0x0, 0x0, 0x3f, 0xf8, 0x0,
    0x0, 0x0, 0xdf, 0xd0, 0x0, 0x0, 0x8, 0xff,
    0x20, 0x0, 0x0, 0x4f, 0xf7, 0x0, 0x0, 0x1,
    0xef, 0xc0, 0x0, 0x0, 0xa, 0xff, 0x20, 0x0,
    0x0, 0x4f, 0xff, 0xff, 0xff, 0xfc, 0x6f, 0xff,
    0xff, 0xff, 0xfd,

    /* U+017E "ž" */
    0x5, 0xf9, 0x2d, 0xd2, 0x0, 0x2, 0xce, 0x90,
    0x0, 0x0, 0x0, 0x0, 0x0, 0x4, 0xff, 0xff,
    0xff, 0xf0, 0x3e, 0xee, 0xef, 0xfc, 0x0, 0x0,
    0x9, 0xff, 0x20, 0x0, 0x5, 0xff, 0x50, 0x0,
    0x2, 0xff, 0x90, 0x0, 0x0, 0xdf, 0xd0, 0x0,
    0x0, 0x9f, 0xf2, 0x0, 0x0, 0x4f, 0xff, 0xee,
    0xee, 0x6, 0xff, 0xff, 0xff, 0xf1,

    /* U+017F "ſ" */
    0x1, 0x9e, 0xf7, 0xa, 0xff, 0xf7, 0xf, 0xf8,
    0x0, 0xf, 0xf6, 0x0, 0xf, 0xf6, 0x0, 0xf,
    0xf6, 0x0, 0xf, 0xf6, 0x0, 0xf, 0xf6, 0x0,
    0xf, 0xf6, 0x0, 0xf, 0xf6, 0x0, 0xf, 0xf6,
    0x0, 0xf, 0xf6, 0x0,

    /* U+018F "Ə" */
    0x3, 0xad, 0xef, 0xea, 0x30, 0x0, 0x4f, 0xff,
    0xff, 0xff, 0x70, 0x1, 0x84, 0x33, 0x5d, 0xff,
    0x30, 0x0, 0x0, 0x0, 0x1e, 0xfb, 0x0, 0x0,
    0x0, 0x0, 0x9f, 0xe6, 0xff, 0xff, 0xff, 0xff,
    0xff, 0x5f, 0xff, 0xff, 0xff, 0xff, 0xf4, 0xff,
    0x20, 0x0, 0xa, 0xfe, 0x1f, 0xf6, 0x0, 0x1,
    0xef, 0xa0, 0xaf, 0xe6, 0x24, 0xcf, 0xf3, 0x1,
    0xdf, 0xff, 0xff, 0xf7, 0x0, 0x1, 0x8d, 0xfe,
    0xb3, 0x0,

    /* U+0192 "ƒ" */
    0x0, 0x5, 0xdf, 0xe1, 0x0, 0x3f, 0xff, 0xe0,
    0x0, 0x7f, 0xf0, 0x0, 0xd, 0xff, 0xff, 0xa0,
    0x9, 0xdf, 0xfb, 0x70, 0x0, 0x7f, 0xe0, 0x0,
    0x0, 0x7f, 0xe0, 0x0, 0x0, 0x7f, 0xe0, 0x0,
    0x0, 0x7f, 0xe0, 0x0, 0x0, 0x7f, 0xe0, 0x0,
    0x0, 0x7f, 0xe0, 0x0, 0x0, 0x7f, 0xe0, 0x0,
    0x0, 0x9f, 0xd0, 0x0, 0x3f, 0xff, 0x80, 0x0,
    0x3f, 0xe9, 0x0, 0x0,

    /* U+01A0 "Ơ" */
    0x0, 0x7, 0xdf, 0xeb, 0x30, 0x8f, 0x10, 0xc,
    0xff, 0xff, 0xff, 0x9e, 0xc0, 0x8, 0xff, 0x71,
    0x2b, 0xff, 0xa1, 0x0, 0xef, 0xa0, 0x0, 0x1f,
    0xf9, 0x0, 0x3f, 0xf5, 0x0, 0x0, 0xbf, 0xd0,
    0x4, 0xff, 0x30, 0x0, 0x9, 0xfe, 0x0, 0x4f,
    0xf3, 0x0, 0x0, 0x9f, 0xe0, 0x3, 0xff, 0x50,
    0x0, 0xb, 0xfd, 0x0, 0xf, 0xfa, 0x0, 0x0,
    0xff, 0x90, 0x0, 0x8f, 0xf7, 0x12, 0xbf, 0xf3,
    0x0, 0x0, 0xcf, 0xff, 0xff, 0xf7, 0x0, 0x0,
    0x0, 0x7d, 0xfe, 0xb4, 0x0, 0x0,

    /* U+01A1 "ơ" */
    0x0, 0x0, 0x0, 0x0, 0x7f, 0x0, 0x6, 0xcf,
    0xea, 0x2a, 0xc0, 0x8, 0xff, 0xff, 0xff, 0xf5,
    0x1, 0xff, 0x90, 0x1e, 0xfa, 0x0, 0x5f, 0xf1,
    0x0, 0x7f, 0xe0, 0x7, 0xff, 0x0, 0x6, 0xff,
    0x0, 0x6f, 0xf0, 0x0, 0x7f, 0xf0, 0x1, 0xff,
    0x80, 0x1d, 0xfa, 0x0, 0x8, 0xff, 0xff, 0xff,
    0x20, 0x0, 0x6, 0xdf, 0xea, 0x20, 0x0,

    /* U+01AF "Ư" */
    0xf, 0xf7, 0x0, 0x4, 0xff, 0x33, 0xf6, 0xf,
    0xf7, 0x0, 0x4, 0xff, 0x6a, 0xf2, 0xf, 0xf7,
    0x0, 0x4, 0xff, 0xfe, 0x60, 0xf, 0xf7, 0x0,
    0x4, 0xff, 0x40, 0x0, 0xf, 0xf7, 0x0, 0x4,
    0xff, 0x30, 0x0, 0xf, 0xf7, 0x0, 0x4, 0xff,
    0x30, 0x0, 0xf, 0xf7, 0x0, 0x4, 0xff, 0x30,
    0x0, 0xf, 0xf7, 0x0, 0x4, 0xff, 0x30, 0x0,
    0xf, 0xf8, 0x0, 0x5, 0xff, 0x20, 0x0, 0xb,
    0xfe, 0x30, 0x2d, 0xfe, 0x0, 0x0, 0x2, 0xff,
    0xff, 0xff, 0xf5, 0x0, 0x0, 0x0, 0x2a, 0xef,
    0xeb, 0x30, 0x0, 0x0,

    /* U+01B0 "ư" */
    0x0, 0x0, 0x0, 0x0, 0x3, 0x80, 0x2f, 0xf4,
    0x0, 0xcf, 0xa8, 0xf0, 0x2f, 0xf4, 0x0, 0xcf,
    0xff, 0x60, 0x2f, 0xf4, 0x0, 0xcf, 0xb1, 0x0,
    0x2f, 0xf4, 0x0, 0xcf, 0xa0, 0x0, 0x2f, 0xf4,
    0x0, 0xcf, 0xa0, 0x0, 0x2f, 0xf4, 0x0, 0xcf,
    0xa0, 0x0, 0xf, 0xf6, 0x1, 0xef, 0xa0, 0x0,
    0xb, 0xff, 0xcf, 0xff, 0xa0, 0x0, 0x1, 0xbf,
    0xe9, 0xbf, 0xa0, 0x0,

    /* U+01F0 "ǰ" */
    0x6f, 0x92, 0xed, 0x20, 0x3e, 0xfa, 0x0, 0x0,
    0x0, 0x0, 0x0, 0xc, 0xfa, 0x0, 0x0, 0xcf,
    0xa0, 0x0, 0xc, 0xfa, 0x0, 0x0, 0xcf, 0xa0,
    0x0, 0xc, 0xfa, 0x0, 0x0, 0xcf, 0xa0, 0x0,
    0xc, 0xfa, 0x0, 0x0, 0xcf, 0xa0, 0x0, 0xc,
    0xfa, 0x0, 0x0, 0xef, 0x80, 0x9, 0xff, 0xf3,
    0x0, 0x9f, 0xd5, 0x0, 0x0,

    /* U+01FA "Ǻ" */
    0x0, 0x0, 0x0, 0x38, 0x40, 0x0, 0x0, 0x0,
    0x2, 0xfb, 0x0, 0x0, 0x0, 0x0, 0x5, 0x70,
    0x0, 0x0, 0x0, 0x0, 0x6c, 0xb1, 0x0, 0x0,
    0x0, 0x0, 0xd2, 0xb5, 0x0, 0x0, 0x0, 0x0,
    0xdf, 0xf1, 0x0, 0x0, 0x0, 0x0, 0xff, 0xf6,
    0x0, 0x0, 0x0, 0x6, 0xff, 0xfc, 0x0, 0x0,
    0x0, 0xc, 0xfc, 0xff, 0x20, 0x0, 0x0, 0x2f,
    0xf4, 0xdf, 0x80, 0x0, 0x0, 0x8f, 0xf0, 0x8f,
    0xe0, 0x0, 0x0, 0xdf, 0xa0, 0x3f, 0xf4, 0x0,
    0x4, 0xff, 0x50, 0xe, 0xfb, 0x0, 0xa, 0xff,
    0xff, 0xff, 0xff, 0x10, 0xf, 0xff, 0xff, 0xff,
    0xff, 0x70, 0x6f, 0xf5, 0x0, 0x0, 0xdf, 0xd0,
    0xcf, 0xe0, 0x0, 0x0, 0x7f, 0xf3,

    /* U+01FB "ǻ" */
    0x0, 0x0, 0x1d, 0xc2, 0x0, 0x0, 0x6, 0x60,
    0x0, 0x0, 0x8, 0xda, 0x0, 0x0, 0x0, 0xe0,
    0xc2, 0x0, 0x0, 0xc, 0xad, 0x0, 0x0, 0x8,
    0xef, 0xe8, 0x0, 0xb, 0xff, 0xef, 0xfb, 0x2,
    0xff, 0x50, 0x7f, 0xf1, 0x0, 0x0, 0x14, 0xff,
    0x20, 0x4c, 0xff, 0xff, 0xf3, 0x2f, 0xf9, 0x57,
    0xff, 0x36, 0xff, 0x10, 0x6f, 0xf3, 0x2f, 0xff,
    0xdf, 0xff, 0x30, 0x4c, 0xfd, 0x5f, 0xf6,

    /* U+01FC "Ǽ" */
    0x0, 0x0, 0x0, 0x2, 0xff, 0x60, 0x0, 0x0,
    0x0, 0x0, 0x0, 0xb, 0xf7, 0x0, 0x0, 0x0,
    0x0, 0x0, 0x0, 0x18, 0x60, 0x0, 0x0, 0x0,
    0x0, 0x0, 0x0, 0xbf, 0xff, 0xff, 0xff, 0xf0,
    0x0, 0x0, 0x4, 0xff, 0xff, 0xff, 0xff, 0xe0,
    0x0, 0x0, 0xc, 0xff, 0xff, 0x0, 0x0, 0x0,
    0x0, 0x0, 0x5f, 0xf7, 0xff, 0x10, 0x0, 0x0,
    0x0, 0x0, 0xef, 0x94, 0xff, 0x10, 0x0, 0x0,
    0x0, 0x7, 0xff, 0x13, 0xff, 0xff, 0xff, 0x40,
    0x0, 0x1e, 0xf8, 0x2, 0xff, 0xfe, 0xee, 0x40,
    0x0, 0x8f, 0xff, 0xff, 0xff, 0x30, 0x0, 0x0,
    0x1, 0xff, 0xff, 0xff, 0xff, 0x40, 0x0, 0x0,
    0xa, 0xff, 0x10, 0x1, 0xff, 0x50, 0x0, 0x0,
    0x2f, 0xf8, 0x0, 0x0, 0xff, 0xfe, 0xee, 0xe7,
    0xbf, 0xf1, 0x0, 0x0, 0xff, 0xff, 0xff, 0xf7,

    /* U+01FD "ǽ" */
    0x0, 0x0, 0x0, 0xb, 0xfc, 0x0, 0x0, 0x0,
    0x0, 0x0, 0x5f, 0xd0, 0x0, 0x0, 0x0, 0x0,
    0x0, 0x78, 0x10, 0x0, 0x0, 0x0, 0x7d, 0xfe,
    0xa4, 0xae, 0xfc, 0x40, 0xb, 0xff, 0xff, 0xff,
    0xff, 0xff, 0xf4, 0x1d, 0xd6, 0x2, 0xff, 0xc0,
    0xa, 0xfb, 0x0, 0x48, 0x9a, 0xff, 0xca, 0xac,
    0xfe, 0xc, 0xff, 0xff, 0xff, 0xff, 0xff, 0xfe,
    0x5f, 0xf5, 0x0, 0xff, 0x70, 0x0, 0x0, 0x6f,
    0xf1, 0x2, 0xff, 0xe2, 0x0, 0x51, 0x2f, 0xff,
    0xef, 0xff, 0xff, 0xef, 0xf7, 0x3, 0xcf, 0xfb,
    0x42, 0xae, 0xfe, 0x92,

    /* U+01FE "Ǿ" */
    0x0, 0x0, 0x0, 0xdf, 0x90, 0x0, 0x0, 0x0,
    0x8, 0xfa, 0x0, 0x0, 0x0, 0x0, 0x8, 0x70,
    0x0, 0x0, 0x0, 0x0, 0x0, 0x0, 0x0, 0x0,
    0x0, 0x6, 0xcf, 0xeb, 0x8f, 0x50, 0x0, 0xaf,
    0xff, 0xff, 0xfc, 0x0, 0x6, 0xff, 0x81, 0x2d,
    0xff, 0x40, 0xd, 0xfb, 0x0, 0x3f, 0xff, 0xb0,
    0x1f, 0xf6, 0x0, 0xcb, 0x9f, 0xf0, 0x3f, 0xf5,
    0x6, 0xf2, 0x7f, 0xf0, 0x3f, 0xf5, 0x1f, 0x80,
    0x7f, 0xf0, 0x1f, 0xf6, 0xad, 0x0, 0x9f, 0xf0,
    0xe, 0xfd, 0xf4, 0x0, 0xef, 0xb0, 0x7, 0xff,
    0xd1, 0x1a, 0xff, 0x40, 0x0, 0xcf, 0xff, 0xff,
    0xf8, 0x0, 0x2, 0xfa, 0xcf, 0xec, 0x50, 0x0,
    0x4, 0x70, 0x0, 0x0, 0x0, 0x0,

    /* U+01FF "ǿ" */
    0x0, 0x0, 0x5f, 0xf2, 0x0, 0x0, 0x1, 0xef,
    0x30, 0x0, 0x0, 0x4, 0x84, 0x17, 0x0, 0x0,
    0x5c, 0xfe, 0xea, 0x0, 0x7, 0xff, 0xff, 0xfe,
    0x20, 0x1f, 0xf9, 0xc, 0xff, 0xa0, 0x5f, 0xf1,
    0x4f, 0x8f, 0xf0, 0x6f, 0xf0, 0xd8, 0x5f, 0xf0,
    0x5f, 0xf6, 0xe0, 0x7f, 0xf0, 0x1f, 0xff, 0x71,
    0xdf, 0xb0, 0x8, 0xff, 0xff, 0xff, 0x20, 0x0,
    0xee, 0xff, 0xb2, 0x0, 0x5, 0xe0, 0x0, 0x0,
    0x0,

    /* U+0218 "Ș" */
    0x0, 0x4b, 0xef, 0xe9, 0x10, 0x6, 0xff, 0xff,
    0xff, 0xe2, 0xe, 0xfc, 0x10, 0x3f, 0xf9, 0xf,
    0xf8, 0x0, 0x7, 0xa7, 0xb, 0xff, 0x81, 0x0,
    0x0, 0x1, 0xcf, 0xff, 0xc5, 0x0, 0x0, 0x5,
    0xbf, 0xff, 0xc0, 0x0, 0x0, 0x1, 0x8f, 0xf8,
    0x4d, 0xd2, 0x0, 0xb, 0xfc, 0x2f, 0xfa, 0x10,
    0x2e, 0xfb, 0x7, 0xff, 0xff, 0xff, 0xf4, 0x0,
    0x4b, 0xef, 0xea, 0x30, 0x0, 0x0, 0x38, 0x20,
    0x0, 0x0, 0x0, 0x8f, 0x30, 0x0, 0x0, 0x0,
    0xbf, 0x0, 0x0, 0x0, 0x0, 0xa6, 0x0, 0x0,

    /* U+0219 "ș" */
    0x1, 0x9e, 0xfd, 0x70, 0x0, 0xdf, 0xeb, 0xff,
    0xa0, 0x2f, 0xf2, 0x5, 0xdd, 0x1, 0xff, 0xc6,
    0x20, 0x0, 0x4, 0xdf, 0xff, 0xd3, 0x0, 0x0,
    0x27, 0xdf, 0xe0, 0x6f, 0xd0, 0x4, 0xff, 0x11,
    0xef, 0xdb, 0xef, 0xc0, 0x2, 0xae, 0xfd, 0x81,
    0x0, 0x0, 0x38, 0x20, 0x0, 0x0, 0x8, 0xf3,
    0x0, 0x0, 0x0, 0xbf, 0x0, 0x0, 0x0, 0xa,
    0x60, 0x0, 0x0,

    /* U+021A "Ț" */
    0xaf, 0xff, 0xff, 0xff, 0xff, 0x2a, 0xff, 0xff,
    0xff, 0xff, 0xf2, 0x0, 0x0, 0xff, 0x70, 0x0,
    0x0, 0x0, 0xf, 0xf7, 0x0, 0x0, 0x0, 0x0,
    0xff, 0x70, 0x0, 0x0, 0x0, 0xf, 0xf7, 0x0,
    0x0, 0x0, 0x0, 0xff, 0x70, 0x0, 0x0, 0x0,
    0xf, 0xf7, 0x0, 0x0, 0x0, 0x0, 0xff, 0x70,
    0x0, 0x0, 0x0, 0xf, 0xf7, 0x0, 0x0, 0x0,
    0x0, 0xff, 0x70, 0x0, 0x0, 0x0, 0xf, 0xf7,
    0x0, 0x0, 0x0, 0x0, 0x58, 0x0, 0x0, 0x0,
    0x0, 0xb, 0xf0, 0x0, 0x0, 0x0, 0x0, 0xec,
    0x0, 0x0, 0x0, 0x0, 0x1b, 0x40, 0x0, 0x0,

    /* U+021B "ț" */
    0x9, 0xfc, 0x0, 0x9, 0xfc, 0x0, 0xef, 0xff,
    0xf5, 0xae, 0xff, 0xb3, 0x9, 0xfc, 0x0, 0x9,
    0xfc, 0x0, 0x9, 0xfc, 0x0, 0x9, 0xfc, 0x0,
    0x9, 0xfd, 0x0, 0x6, 0xff, 0xf6, 0x0, 0xae,
    0xe5, 0x0, 0x28, 0x30, 0x0, 0x4f, 0x60, 0x0,
    0x8f, 0x20, 0x0, 0x79, 0x0,

    /* U+0237 "ȷ" */
    0x0, 0xcf, 0xa0, 0xc, 0xfa, 0x0, 0xcf, 0xa0,
    0xc, 0xfa, 0x0, 0xcf, 0xa0, 0xc, 0xfa, 0x0,
    0xcf, 0xa0, 0xc, 0xfa, 0x0, 0xcf, 0xa0, 0xe,
    0xf8, 0x9f, 0xff, 0x39, 0xfd, 0x50,

    /* U+0259 "ə" */
    0x5, 0xbf, 0xfd, 0x60, 0x0, 0xef, 0xff, 0xff,
    0x90, 0x2, 0x10, 0x7, 0xff, 0x23, 0x99, 0x99,
    0x9f, 0xf6, 0x5f, 0xff, 0xff, 0xff, 0x84, 0xff,
    0x0, 0x1f, 0xf6, 0x1f, 0xf6, 0x8, 0xff, 0x20,
    0x9f, 0xff, 0xff, 0x80, 0x0, 0x8e, 0xfd, 0x60,
    0x0,

    /* U+02BC "ʼ" */
    0xc, 0xf2, 0xd, 0xf1, 0xf, 0xd0, 0x4f, 0x40,
    0x1, 0x0,

    /* U+02C6 "ˆ" */
    0x0, 0x67, 0x10, 0x0, 0x8f, 0xfc, 0x10, 0x9f,
    0x62, 0xec, 0x10,

    /* U+02C7 "ˇ" */
    0x7, 0x70, 0x7, 0x70, 0x5, 0xfb, 0xcf, 0x50,
    0x0, 0x4f, 0xf4, 0x0,

    /* U+02C9 "ˉ" */
    0x1, 0x11, 0x11, 0x9, 0xff, 0xff, 0xf2, 0x24,
    0x44, 0x44, 0x0,

    /* U+02D8 "˘" */
    0x2, 0x10, 0x2, 0x10, 0xfc, 0x26, 0xf7, 0x5,
    0xff, 0xfc, 0x0, 0x1, 0x32, 0x0,

    /* U+02D9 "˙" */
    0x1, 0x20, 0xe, 0xf4, 0xb, 0xe3,

    /* U+02DA "˚" */
    0x4, 0xcb, 0x10, 0xe2, 0x79, 0xe, 0x17, 0x90,
    0x4c, 0xb1,

    /* U+02DB "˛" */
    0x4, 0x70, 0x5f, 0x80, 0xaf, 0x51, 0x6f, 0xf6,
    0x3, 0x40,

    /* U+02DC "˜" */
    0x0, 0x0, 0x0, 0x20, 0x5, 0xfe, 0x57, 0xf1,
    0xe, 0xb7, 0xff, 0xb0, 0x5, 0x20, 0x14, 0x0,

    /* U+02DD "˝" */
    0x0, 0x76, 0x6, 0x71, 0x9, 0xf6, 0x7f, 0x80,
    0x3f, 0x93, 0xfa, 0x0,

    /* U+02F3 "˳" */
    0x4c, 0xa0, 0xc3, 0xc3, 0x5c, 0xa0,

    /* U+0300 "̀" */
    0x18, 0x83, 0x0, 0x8f, 0xd0, 0x0, 0x9f, 0x80,

    /* U+0301 "́" */
    0x1, 0x88, 0x20, 0xbf, 0xa0, 0x5f, 0xb0, 0x0,

    /* U+0303 "̃" */
    0x0, 0x10, 0x1, 0x11, 0xef, 0x84, 0xf7, 0x8e,
    0x6d, 0xfe, 0x13, 0x30, 0x4, 0x10,

    /* U+0309 "̉" */
    0x1e, 0xc5, 0x0, 0x4f, 0xf0, 0xf, 0xe5, 0x0,
    0x21, 0x0,

    /* U+030F "̏" */
    0x12, 0x20, 0x22, 0x0, 0x1c, 0xf6, 0xbf, 0x70,
    0x0, 0xbf, 0x5c, 0xf3,

    /* U+0323 "̣" */
    0x2, 0x20, 0x3f, 0xf3, 0x1d, 0xe2,

    /* U+0384 "΄" */
    0x8, 0xd5, 0xd, 0xe0, 0x1f, 0x70,

    /* U+0385 "΅" */
    0x0, 0x0, 0xdf, 0x20, 0x0, 0x0, 0xf, 0xa0,
    0x0, 0xe, 0xe1, 0xb2, 0xde, 0x10, 0xdd, 0x0,
    0xc, 0xe1,

    /* U+0386 "Ά" */
    0xe, 0xf2, 0x0, 0x0, 0x0, 0x0, 0x1f, 0xa0,
    0xaf, 0xf1, 0x0, 0x0, 0x3d, 0x20, 0xff, 0xf6,
    0x0, 0x0, 0x0, 0x6, 0xff, 0xfc, 0x0, 0x0,
    0x0, 0xc, 0xfd, 0xff, 0x20, 0x0, 0x0, 0x2f,
    0xf5, 0xef, 0x80, 0x0, 0x0, 0x8f, 0xf0, 0x9f,
    0xe0, 0x0, 0x0, 0xdf, 0xa0, 0x3f, 0xf4, 0x0,
    0x4, 0xff, 0x50, 0xe, 0xfb, 0x0, 0xa, 0xff,
    0xff, 0xff, 0xff, 0x10, 0xf, 0xff, 0xff, 0xff,
    0xff, 0x70, 0x6f, 0xf5, 0x0, 0x0, 0xdf, 0xd0,
    0xcf, 0xe0, 0x0, 0x0, 0x7f, 0xf3,

    /* U+0387 "·" */
    0x27, 0x2c, 0xfc, 0x7f, 0x80,

    /* U+0388 "Έ" */
    0x6f, 0xa0, 0x0, 0x0, 0x0, 0x0, 0x9, 0xf2,
    0xe, 0xff, 0xff, 0xff, 0xf2, 0xa9, 0x0, 0xef,
    0xff, 0xff, 0xff, 0x20, 0x0, 0xe, 0xf9, 0x0,
    0x0, 0x0, 0x0, 0x0, 0xef, 0x90, 0x0, 0x0,
    0x0, 0x0, 0xe, 0xf9, 0x0, 0x0, 0x0, 0x0,
    0x0, 0xef, 0xff, 0xff, 0xf5, 0x0, 0x0, 0xe,
    0xff, 0xee, 0xee, 0x50, 0x0, 0x0, 0xef, 0x90,
    0x0, 0x0, 0x0, 0x0, 0xe, 0xf9, 0x0, 0x0,
    0x0, 0x0, 0x0, 0xef, 0x90, 0x0, 0x0, 0x0,
    0x0, 0xe, 0xff, 0xff, 0xff, 0xf2, 0x0, 0x0,
    0xef, 0xff, 0xff, 0xff, 0x30,

    /* U+0389 "Ή" */
    0x5f, 0xb0, 0x0, 0x0, 0x0, 0x0, 0x0, 0x8f,
    0x30, 0xef, 0x90, 0x0, 0x9, 0xfe, 0x9a, 0x0,
    0xef, 0x90, 0x0, 0x9, 0xfe, 0x0, 0x0, 0xef,
    0x90, 0x0, 0x9, 0xfe, 0x0, 0x0, 0xef, 0x90,
    0x0, 0x9, 0xfe, 0x0, 0x0, 0xef, 0x90, 0x0,
    0x9, 0xfe, 0x0, 0x0, 0xef, 0xff, 0xff, 0xff,
    0xfe, 0x0, 0x0, 0xef, 0xff, 0xff, 0xff, 0xfe,
    0x0, 0x0, 0xef, 0x90, 0x0, 0x9, 0xfe, 0x0,
    0x0, 0xef, 0x90, 0x0, 0x9, 0xfe, 0x0, 0x0,
    0xef, 0x90, 0x0, 0x9, 0xfe, 0x0, 0x0, 0xef,
    0x90, 0x0, 0x9, 0xfe, 0x0, 0x0, 0xef, 0x90,
    0x0, 0x9, 0xfe,

    /* U+038A "Ί" */
    0x5f, 0xb0, 0x0, 0x8, 0xf3, 0xc, 0xfb, 0x9a,
    0x0, 0xcf, 0xb0, 0x0, 0xc, 0xfb, 0x0, 0x0,
    0xcf, 0xb0, 0x0, 0xc, 0xfb, 0x0, 0x0, 0xcf,
    0xb0, 0x0, 0xc, 0xfb, 0x0, 0x0, 0xcf, 0xb0,
    0x0, 0xc, 0xfb, 0x0, 0x0, 0xcf, 0xb0, 0x0,
    0xc, 0xfb, 0x0, 0x0, 0xcf, 0xb0,

    /* U+038C "Ό" */
    0x0, 0x0, 0x0, 0x0, 0x0, 0x0, 0x0, 0xb,
    0xf4, 0x0, 0x0, 0x0, 0x0, 0x0, 0xf, 0xd0,
    0x5, 0xce, 0xfc, 0x50, 0x0, 0x2f, 0x60, 0x9f,
    0xff, 0xff, 0xfa, 0x0, 0x0, 0x5, 0xff, 0x92,
    0x29, 0xff, 0x50, 0x0, 0xc, 0xfd, 0x0, 0x0,
    0xcf, 0xc0, 0x0, 0xf, 0xf8, 0x0, 0x0, 0x7f,
    0xf0, 0x0, 0x1f, 0xf6, 0x0, 0x0, 0x5f, 0xf2,
    0x0, 0x1f, 0xf6, 0x0, 0x0, 0x5f, 0xf2, 0x0,
    0xf, 0xf8, 0x0, 0x0, 0x7f, 0xf0, 0x0, 0xc,
    0xfd, 0x0, 0x0, 0xcf, 0xc0, 0x0, 0x5, 0xff,
    0x91, 0x18, 0xff, 0x60, 0x0, 0x0, 0x9f, 0xff,
    0xff, 0xfa, 0x0, 0x0, 0x0, 0x5, 0xce, 0xfc,
    0x60, 0x0,

    /* U+038E "Ύ" */
    0x4f, 0xc0, 0x0, 0x0, 0x0, 0x0, 0x0, 0x7,
    0xf4, 0xe, 0xfc, 0x0, 0x0, 0xaf, 0xf1, 0x8b,
    0x0, 0x6f, 0xf4, 0x0, 0x2f, 0xf8, 0x0, 0x0,
    0x0, 0xdf, 0xb0, 0x9, 0xff, 0x10, 0x0, 0x0,
    0x5, 0xff, 0x31, 0xff, 0x80, 0x0, 0x0, 0x0,
    0xd, 0xfa, 0x8f, 0xe1, 0x0, 0x0, 0x0, 0x0,
    0x5f, 0xff, 0xf7, 0x0, 0x0, 0x0, 0x0, 0x0,
    0xcf, 0xfe, 0x0, 0x0, 0x0, 0x0, 0x0, 0x5,
    0xff, 0x70, 0x0, 0x0, 0x0, 0x0, 0x0, 0x3f,
    0xf5, 0x0, 0x0, 0x0, 0x0, 0x0, 0x3, 0xff,
    0x50, 0x0, 0x0, 0x0, 0x0, 0x0, 0x3f, 0xf5,
    0x0, 0x0, 0x0, 0x0, 0x0, 0x3, 0xff, 0x50,
    0x0, 0x0,

    /* U+038F "Ώ" */
    0x0, 0x0, 0x0, 0x0, 0x0, 0x0, 0x0, 0x9f,
    0x70, 0x0, 0x0, 0x0, 0x0, 0xc, 0xf1, 0x6,
    0xcf, 0xea, 0x30, 0x0, 0xf9, 0xa, 0xff, 0xff,
    0xff, 0x40, 0x0, 0x6, 0xff, 0xa1, 0x3e, 0xfe,
    0x0, 0x0, 0xcf, 0xf0, 0x0, 0x6f, 0xf6, 0x0,
    0xe, 0xfd, 0x0, 0x3, 0xff, 0x80, 0x0, 0xff,
    0xc0, 0x0, 0x3f, 0xf9, 0x0, 0xe, 0xfd, 0x0,
    0x3, 0xff, 0x80, 0x0, 0xaf, 0xf0, 0x0, 0x5f,
    0xf4, 0x0, 0x3, 0xff, 0x30, 0x9, 0xfc, 0x0,
    0x0, 0x8, 0xfc, 0x13, 0xfe, 0x20, 0x0, 0xd,
    0xff, 0xf6, 0xbf, 0xff, 0x70, 0x0, 0xdf, 0xff,
    0x6b, 0xff, 0xf7,

    /* U+0390 "ΐ" */
    0x0, 0x0, 0xef, 0x10, 0x0, 0x0, 0xf, 0xa0,
    0x0, 0xd, 0xd1, 0xb2, 0xce, 0x11, 0xee, 0x0,
    0xd, 0xe1, 0x0, 0x0, 0x0, 0x0, 0x0, 0x0,
    0xdf, 0x80, 0x0, 0x0, 0xd, 0xf8, 0x0, 0x0,
    0x0, 0xdf, 0x80, 0x0, 0x0, 0xd, 0xf8, 0x0,
    0x0, 0x0, 0xdf, 0x80, 0x0, 0x0, 0xd, 0xf8,
    0x0, 0x0, 0x0, 0xdf, 0xa0, 0x0, 0x0, 0xa,
    0xff, 0xf2, 0x0, 0x0, 0x1b, 0xfe, 0x20,

    /* U+0391 "Α" */
    0x0, 0x0, 0xaf, 0xf1, 0x0, 0x0, 0x0, 0x0,
    0xff, 0xf6, 0x0, 0x0, 0x0, 0x6, 0xff, 0xfc,
    0x0, 0x0, 0x0, 0xc, 0xfc, 0xff, 0x20, 0x0,
    0x0, 0x2f, 0xf4, 0xdf, 0x80, 0x0, 0x0, 0x8f,
    0xf0, 0x8f, 0xe0, 0x0, 0x0, 0xdf, 0xa0, 0x3f,
    0xf4, 0x0, 0x4, 0xff, 0x50, 0xe, 0xfb, 0x0,
    0xa, 0xff, 0xff, 0xff, 0xff, 0x10, 0xf, 0xff,
    0xff, 0xff, 0xff, 0x70, 0x6f, 0xf5, 0x0, 0x0,
    0xdf, 0xd0, 0xcf, 0xe0, 0x0, 0x0, 0x7f, 0xf3,

    /* U+0392 "Β" */
    0xef, 0xff, 0xfe, 0xb3, 0x0, 0xef, 0xff, 0xff,
    0xff, 0x40, 0xef, 0x90, 0x3, 0xff, 0xa0, 0xef,
    0x90, 0x0, 0xbf, 0xb0, 0xef, 0x90, 0x3, 0xff,
    0x70, 0xef, 0xff, 0xff, 0xf9, 0x0, 0xef, 0xec,
    0xce, 0xff, 0x40, 0xef, 0x90, 0x0, 0xbf, 0xd0,
    0xef, 0x90, 0x0, 0x7f, 0xf0, 0xef, 0x90, 0x1,
    0xcf, 0xe0, 0xef, 0xff, 0xff, 0xff, 0x70, 0xef,
    0xff, 0xfe, 0xc5, 0x0,

    /* U+0393 "Γ" */
    0xef, 0xff, 0xff, 0xff, 0xef, 0xff, 0xff, 0xff,
    0xef, 0x90, 0x0, 0x0, 0xef, 0x90, 0x0, 0x0,
    0xef, 0x90, 0x0, 0x0, 0xef, 0x90, 0x0, 0x0,
    0xef, 0x90, 0x0, 0x0, 0xef, 0x90, 0x0, 0x0,
    0xef, 0x90, 0x0, 0x0, 0xef, 0x90, 0x0, 0x0,
    0xef, 0x90, 0x0, 0x0, 0xef, 0x90, 0x0, 0x0,

    /* U+0394 "Δ" */
    0x0, 0x0, 0x3f, 0xfc, 0x0, 0x0, 0x0, 0x0,
    0x9, 0xff, 0xf2, 0x0, 0x0, 0x0, 0x0, 0xff,
    0xff, 0x90, 0x0, 0x0, 0x0, 0x6f, 0xf8, 0xfe,
    0x0, 0x0, 0x0, 0xd, 0xfa, 0x1f, 0xf5, 0x0,
    0x0, 0x3, 0xff, 0x40, 0xbf, 0xc0, 0x0, 0x0,
    0xaf, 0xe0, 0x5, 0xff, 0x20, 0x0, 0x1f, 0xf8,
    0x0, 0xf, 0xf8, 0x0, 0x6, 0xff, 0x20, 0x0,
    0x9f, 0xe0, 0x0, 0xdf, 0xb0, 0x0, 0x3, 0xff,
    0x50, 0x3f, 0xff, 0xff, 0xff, 0xff, 0xfb, 0xa,
    0xff, 0xff, 0xff, 0xff, 0xff, 0xf2,

    /* U+0395 "Ε" */
    0xef, 0xff, 0xff, 0xff, 0x2e, 0xff, 0xff, 0xff,
    0xf2, 0xef, 0x90, 0x0, 0x0, 0xe, 0xf9, 0x0,
    0x0, 0x0, 0xef, 0x90, 0x0, 0x0, 0xe, 0xff,
    0xff, 0xff, 0x50, 0xef, 0xfe, 0xee, 0xe5, 0xe,
    0xf9, 0x0, 0x0, 0x0, 0xef, 0x90, 0x0, 0x0,
    0xe, 0xf9, 0x0, 0x0, 0x0, 0xef, 0xff, 0xff,
    0xff, 0x2e, 0xff, 0xff, 0xff, 0xf3,

    /* U+0396 "Ζ" */
    0x6f, 0xff, 0xff, 0xff, 0xfa, 0x6f, 0xff, 0xff,
    0xff, 0xf8, 0x0, 0x0, 0x0, 0xcf, 0xd0, 0x0,
    0x0, 0x7, 0xff, 0x30, 0x0, 0x0, 0x3f, 0xf8,
    0x0, 0x0, 0x0, 0xdf, 0xd0, 0x0, 0x0, 0x8,
    0xff, 0x20, 0x0, 0x0, 0x4f, 0xf7, 0x0, 0x0,
    0x1, 0xef, 0xc0, 0x0, 0x0, 0xa, 0xff, 0x20,
    0x0, 0x0, 0x4f, 0xff, 0xff, 0xff, 0xfc, 0x6f,
    0xff, 0xff, 0xff, 0xfd,

    /* U+0397 "Η" */
    0xef, 0x90, 0x0, 0x9, 0xfe, 0xef, 0x90, 0x0,
    0x9, 0xfe, 0xef, 0x90, 0x0, 0x9, 0xfe, 0xef,
    0x90, 0x0, 0x9, 0xfe, 0xef, 0x90, 0x0, 0x9,
    0xfe, 0xef, 0xff, 0xff, 0xff, 0xfe, 0xef, 0xff,
    0xff, 0xff, 0xfe, 0xef, 0x90, 0x0, 0x9, 0xfe,
    0xef, 0x90, 0x0, 0x9, 0xfe, 0xef, 0x90, 0x0,
    0x9, 0xfe, 0xef, 0x90, 0x0, 0x9, 0xfe, 0xef,
    0x90, 0x0, 0x9, 0xfe,

    /* U+0398 "Θ" */
    0x0, 0x7, 0xcf, 0xeb, 0x40, 0x0, 0xc, 0xff,
    0xff, 0xff, 0x70, 0x8, 0xff, 0x71, 0x2b, 0xff,
    0x20, 0xef, 0xa0, 0x0, 0xf, 0xf9, 0x2f, 0xf5,
    0x0, 0x0, 0xaf, 0xd4, 0xff, 0x3b, 0xff, 0x79,
    0xff, 0x4f, 0xf3, 0xae, 0xe6, 0x9f, 0xf3, 0xff,
    0x50, 0x0, 0xa, 0xfd, 0xe, 0xfa, 0x0, 0x0,
    0xff, 0x90, 0x8f, 0xf7, 0x12, 0xbf, 0xf3, 0x0,
    0xcf, 0xff, 0xff, 0xf7, 0x0, 0x0, 0x7d, 0xfe,
    0xb4, 0x0,

    /* U+0399 "Ι" */
    0xcf, 0xbc, 0xfb, 0xcf, 0xbc, 0xfb, 0xcf, 0xbc,
    0xfb, 0xcf, 0xbc, 0xfb, 0xcf, 0xbc, 0xfb, 0xcf,
    0xbc, 0xfb,

    /* U+039A "Κ" */
    0xef, 0x90, 0x0, 0xaf, 0xf6, 0xef, 0x90, 0x6,
    0xff, 0x90, 0xef, 0x90, 0x3f, 0xfc, 0x0, 0xef,
    0x91, 0xef, 0xe1, 0x0, 0xef, 0x9b, 0xff, 0x30,
    0x0, 0xef, 0xef, 0xfb, 0x0, 0x0, 0xef, 0xff,
    0xff, 0x40, 0x0, 0xef, 0xf9, 0xef, 0xe0, 0x0,
    0xef, 0xb0, 0x4f, 0xf9, 0x0, 0xef, 0x90, 0xa,
    0xff, 0x40, 0xef, 0x90, 0x1, 0xef, 0xe0, 0xef,
    0x90, 0x0, 0x5f, 0xf9,

    /* U+039B "Λ" */
    0x0, 0x0, 0xff, 0xe0, 0x0, 0x0, 0x0, 0x5f,
    0xff, 0x40, 0x0, 0x0, 0xa, 0xff, 0xfa, 0x0,
    0x0, 0x0, 0xff, 0xef, 0xf0, 0x0, 0x0, 0x5f,
    0xf5, 0xff, 0x40, 0x0, 0xa, 0xfd, 0xe, 0xfa,
    0x0, 0x0, 0xff, 0x80, 0x9f, 0xf0, 0x0, 0x5f,
    0xf3, 0x4, 0xff, 0x50, 0xa, 0xfe, 0x0, 0xe,
    0xfa, 0x0, 0xff, 0x90, 0x0, 0xaf, 0xf0, 0x5f,
    0xf4, 0x0, 0x5, 0xff, 0x5b, 0xff, 0x0, 0x0,
    0xf, 0xfa,

    /* U+039C "Μ" */
    0xef, 0xf8, 0x0, 0x0, 0xa, 0xff, 0xce, 0xff,
    0xd0, 0x0, 0x0, 0xff, 0xfc, 0xef, 0xff, 0x30,
    0x0, 0x5f, 0xff, 0xce, 0xfd, 0xf9, 0x0, 0xb,
    0xfd, 0xfc, 0xef, 0x8f, 0xe0, 0x1, 0xff, 0x9f,
    0xce, 0xf6, 0xcf, 0x40, 0x6f, 0xa9, 0xfc, 0xef,
    0x76, 0xfa, 0xc, 0xf4, 0x9f, 0xce, 0xf8, 0x1f,
    0xf2, 0xfe, 0xa, 0xfc, 0xef, 0x80, 0xbf, 0xdf,
    0x80, 0xbf, 0xce, 0xf9, 0x5, 0xff, 0xf3, 0xb,
    0xfc, 0xef, 0x90, 0xf, 0xfd, 0x0, 0xbf, 0xce,
    0xf9, 0x0, 0x9f, 0x70, 0xb, 0xfc,

    /* U+039D "Ν" */
    0xef, 0xd0, 0x0, 0x9, 0xfe, 0xef, 0xf7, 0x0,
    0x9, 0xfe, 0xef, 0xff, 0x20, 0x9, 0xfe, 0xef,
    0xff, 0xb0, 0x9, 0xfe, 0xef, 0xcf, 0xf5, 0x9,
    0xfe, 0xef, 0x99, 0xfe, 0x9, 0xfe, 0xef, 0x90,
    0xef, 0x89, 0xfe, 0xef, 0x90, 0x5f, 0xfc, 0xfe,
    0xef, 0x90, 0xb, 0xff, 0xfe, 0xef, 0x90, 0x2,
    0xff, 0xfe, 0xef, 0x90, 0x0, 0x8f, 0xfe, 0xef,
    0x90, 0x0, 0xd, 0xfe,

    /* U+039E "Ξ" */
    0xf, 0xff, 0xff, 0xff, 0x90, 0xff, 0xff, 0xff,
    0xf9, 0x0, 0x0, 0x0, 0x0, 0x0, 0x0, 0x0,
    0x0, 0x0, 0x0, 0x0, 0x0, 0x0, 0x0, 0x4f,
    0xff, 0xff, 0xf0, 0x3, 0xee, 0xee, 0xee, 0x0,
    0x0, 0x0, 0x0, 0x0, 0x0, 0x0, 0x0, 0x0,
    0x0, 0x0, 0x0, 0x0, 0x0, 0x3f, 0xff, 0xff,
    0xff, 0xf3, 0xff, 0xff, 0xff, 0xff,

    /* U+039F "Ο" */
    0x0, 0x6, 0xcf, 0xeb, 0x40, 0x0, 0xb, 0xff,
    0xff, 0xff, 0x70, 0x7, 0xff, 0x71, 0x2b, 0xff,
    0x30, 0xef, 0xa0, 0x0, 0xe, 0xf9, 0x2f, 0xf5,
    0x0, 0x0, 0xaf, 0xd4, 0xff, 0x40, 0x0, 0x8,
    0xff, 0x4f, 0xf4, 0x0, 0x0, 0x8f, 0xf2, 0xff,
    0x50, 0x0, 0xa, 0xfe, 0xe, 0xfa, 0x0, 0x0,
    0xef, 0xa0, 0x7f, 0xf7, 0x12, 0xaf, 0xf3, 0x0,
    0xbf, 0xff, 0xff, 0xf7, 0x0, 0x0, 0x6c, 0xfe,
    0xb4, 0x0,

    /* U+03A0 "Π" */
    0xef, 0xff, 0xff, 0xff, 0xfe, 0xef, 0xff, 0xff,
    0xff, 0xfe, 0xef, 0x90, 0x0, 0x9, 0xfe, 0xef,
    0x90, 0x0, 0x9, 0xfe, 0xef, 0x90, 0x0, 0x9,
    0xfe, 0xef, 0x90, 0x0, 0x9, 0xfe, 0xef, 0x90,
    0x0, 0x9, 0xfe, 0xef, 0x90, 0x0, 0x9, 0xfe,
    0xef, 0x90, 0x0, 0x9, 0xfe, 0xef, 0x90, 0x0,
    0x9, 0xfe, 0xef, 0x90, 0x0, 0x9, 0xfe, 0xef,
    0x90, 0x0, 0x9, 0xfe,

    /* U+03A1 "Ρ" */
    0xef, 0xff, 0xfe, 0xb4, 0x0, 0xef, 0xff, 0xff,
    0xff, 0x60, 0xef, 0x90, 0x2, 0xcf, 0xf0, 0xef,
    0x90, 0x0, 0x4f, 0xf4, 0xef, 0x90, 0x0, 0x4f,
    0xf4, 0xef, 0x90, 0x1, 0xbf, 0xf1, 0xef, 0xff,
    0xff, 0xff, 0x70, 0xef, 0xff, 0xfe, 0xb5, 0x0,
    0xef, 0x90, 0x0, 0x0, 0x0, 0xef, 0x90, 0x0,
    0x0, 0x0, 0xef, 0x90, 0x0, 0x0, 0x0, 0xef,
    0x90, 0x0, 0x0, 0x0,

    /* U+03A3 "Σ" */
    0x6f, 0xff, 0xff, 0xff, 0xf0, 0x3f, 0xff, 0xff,
    0xff, 0xf0, 0x7, 0xff, 0x60, 0x0, 0x0, 0x0,
    0xaf, 0xf2, 0x0, 0x0, 0x0, 0xd, 0xfd, 0x0,
    0x0, 0x0, 0x2, 0xff, 0x90, 0x0, 0x0, 0x3,
    0xff, 0x80, 0x0, 0x0, 0x1d, 0xfc, 0x0, 0x0,
    0x0, 0xbf, 0xf2, 0x0, 0x0, 0x7, 0xff, 0x50,
    0x0, 0x0, 0x3f, 0xff, 0xff, 0xff, 0xf2, 0x6f,
    0xff, 0xff, 0xff, 0xf2,

    /* U+03A4 "Τ" */
    0xaf, 0xff, 0xff, 0xff, 0xff, 0x2a, 0xff, 0xff,
    0xff, 0xff, 0xf2, 0x0, 0x0, 0xff, 0x70, 0x0,
    0x0, 0x0, 0xf, 0xf7, 0x0, 0x0, 0x0, 0x0,
    0xff, 0x70, 0x0, 0x0, 0x0, 0xf, 0xf7, 0x0,
    0x0, 0x0, 0x0, 0xff, 0x70, 0x0, 0x0, 0x0,
    0xf, 0xf7, 0x0, 0x0, 0x0, 0x0, 0xff, 0x70,
    0x0, 0x0, 0x0, 0xf, 0xf7, 0x0, 0x0, 0x0,
    0x0, 0xff, 0x70, 0x0, 0x0, 0x0, 0xf, 0xf7,
    0x0, 0x0,

    /* U+03A5 "Υ" */
    0xbf, 0xe0, 0x0, 0x7, 0xff, 0x33, 0xff, 0x70,
    0x0, 0xef, 0xb0, 0xb, 0xfe, 0x0, 0x6f, 0xf3,
    0x0, 0x2f, 0xf6, 0xd, 0xfa, 0x0, 0x0, 0xaf,
    0xd5, 0xff, 0x20, 0x0, 0x2, 0xff, 0xef, 0xa0,
    0x0, 0x0, 0x9, 0xff, 0xf2, 0x0, 0x0, 0x0,
    0x1f, 0xf9, 0x0, 0x0, 0x0, 0x0, 0xff, 0x80,
    0x0, 0x0, 0x0, 0xf, 0xf8, 0x0, 0x0, 0x0,
    0x0, 0xff, 0x80, 0x0, 0x0, 0x0, 0xf, 0xf8,
    0x0, 0x0,

    /* U+03A6 "Φ" */
    0x0, 0x0, 0xa, 0xfd, 0x0, 0x0, 0x0, 0x0,
    0x0, 0xaf, 0xd0, 0x0, 0x0, 0x0, 0x4c, 0xff,
    0xff, 0xfd, 0x60, 0x0, 0x5f, 0xff, 0xff, 0xff,
    0xff, 0x80, 0xe, 0xfc, 0x2a, 0xfd, 0x1b, 0xff,
    0x24, 0xff, 0x30, 0xaf, 0xd0, 0x1f, 0xf7, 0x5f,
    0xf1, 0xa, 0xfd, 0x0, 0xef, 0x84, 0xff, 0x40,
    0xaf, 0xd0, 0x1f, 0xf6, 0xe, 0xfd, 0x5b, 0xfd,
    0x4c, 0xff, 0x10, 0x4f, 0xff, 0xff, 0xff, 0xff,
    0x70, 0x0, 0x3a, 0xef, 0xff, 0xeb, 0x40, 0x0,
    0x0, 0x0, 0xaf, 0xd0, 0x0, 0x0,

    /* U+03A7 "Χ" */
    0x6f, 0xf6, 0x0, 0x9, 0xff, 0x30, 0xdf, 0xe0,
    0x2, 0xff, 0xa0, 0x3, 0xff, 0x80, 0xbf, 0xf1,
    0x0, 0xa, 0xff, 0x5f, 0xf7, 0x0, 0x0, 0x1f,
    0xff, 0xfd, 0x0, 0x0, 0x0, 0x7f, 0xff, 0x40,
    0x0, 0x0, 0x8, 0xff, 0xf5, 0x0, 0x0, 0x2,
    0xff, 0xff, 0xe0, 0x0, 0x0, 0xbf, 0xf4, 0xff,
    0x80, 0x0, 0x5f, 0xf7, 0xa, 0xff, 0x20, 0xe,
    0xfe, 0x0, 0x2f, 0xfb, 0x8, 0xff, 0x50, 0x0,
    0x8f, 0xf5,

    /* U+03A8 "Ψ" */
    0x9f, 0xe0, 0xf, 0xf7, 0xa, 0xfe, 0x9f, 0xe0,
    0xf, 0xf7, 0xa, 0xfe, 0x9f, 0xe0, 0xf, 0xf7,
    0xa, 0xfe, 0x8f, 0xe0, 0xf, 0xf7, 0xa, 0xfe,
    0x8f, 0xf0, 0xf, 0xf7, 0xb, 0xfd, 0x5f, 0xf4,
    0xf, 0xf7, 0xe, 0xfa, 0xe, 0xfe, 0x7f, 0xfa,
    0xbf, 0xf3, 0x3, 0xef, 0xff, 0xff, 0xff, 0x60,
    0x0, 0x17, 0xbf, 0xfd, 0x82, 0x0, 0x0, 0x0,
    0xf, 0xf7, 0x0, 0x0, 0x0, 0x0, 0xf, 0xf7,
    0x0, 0x0, 0x0, 0x0, 0xf, 0xf7, 0x0, 0x0,

    /* U+03A9 "Ω" */
    0x0, 0x7, 0xdf, 0xe9, 0x20, 0x0, 0xc, 0xff,
    0xff, 0xfe, 0x20, 0x8, 0xff, 0x71, 0x4f, 0xfd,
    0x0, 0xef, 0xd0, 0x0, 0x9f, 0xf3, 0x1f, 0xfa,
    0x0, 0x6, 0xff, 0x62, 0xff, 0xa0, 0x0, 0x5f,
    0xf6, 0x1f, 0xfa, 0x0, 0x6, 0xff, 0x50, 0xdf,
    0xc0, 0x0, 0x7f, 0xf1, 0x6, 0xff, 0x0, 0xb,
    0xfa, 0x0, 0xa, 0xfa, 0x5, 0xfd, 0x10, 0xf,
    0xff, 0xf3, 0xef, 0xff, 0x40, 0xff, 0xff, 0x3e,
    0xff, 0xf4,

    /* U+03AA "Ϊ" */
    0x7f, 0x50, 0x6f, 0x67, 0xf6, 0x6, 0xf7, 0x0,
    0x0, 0x0, 0x0, 0xc, 0xfb, 0x0, 0x0, 0xcf,
    0xb0, 0x0, 0xc, 0xfb, 0x0, 0x0, 0xcf, 0xb0,
    0x0, 0xc, 0xfb, 0x0, 0x0, 0xcf, 0xb0, 0x0,
    0xc, 0xfb, 0x0, 0x0, 0xcf, 0xb0, 0x0, 0xc,
    0xfb, 0x0, 0x0, 0xcf, 0xb0, 0x0, 0xc, 0xfb,
    0x0, 0x0, 0xcf, 0xb0, 0x0,

    /* U+03AB "Ϋ" */
    0x0, 0xae, 0x30, 0x9e, 0x30, 0x0, 0xb, 0xf3,
    0xa, 0xf4, 0x0, 0x0, 0x0, 0x0, 0x0, 0x0,
    0xb, 0xfe, 0x0, 0x0, 0x7f, 0xf3, 0x3f, 0xf7,
    0x0, 0xe, 0xfb, 0x0, 0xbf, 0xe0, 0x6, 0xff,
    0x30, 0x2, 0xff, 0x60, 0xdf, 0xa0, 0x0, 0xa,
    0xfd, 0x5f, 0xf2, 0x0, 0x0, 0x2f, 0xfe, 0xfa,
    0x0, 0x0, 0x0, 0x9f, 0xff, 0x20, 0x0, 0x0,
    0x1, 0xff, 0x90, 0x0, 0x0, 0x0, 0xf, 0xf8,
    0x0, 0x0, 0x0, 0x0, 0xff, 0x80, 0x0, 0x0,
    0x0, 0xf, 0xf8, 0x0, 0x0, 0x0, 0x0, 0xff,
    0x80, 0x0, 0x0,

    /* U+03AC "ά" */
    0x0, 0x0, 0x4f, 0xc0, 0x0, 0x0, 0x0, 0x7f,
    0x50, 0x0, 0x0, 0x0, 0x8b, 0x0, 0x0, 0x0,
    0x0, 0x0, 0x0, 0x0, 0x0, 0x9e, 0xf8, 0x9f,
    0x90, 0x9, 0xff, 0xff, 0xff, 0x90, 0x1f, 0xf9,
    0x2, 0xff, 0x90, 0x4f, 0xf2, 0x0, 0xdf, 0x90,
    0x5f, 0xf0, 0x0, 0xdf, 0x90, 0x4f, 0xf1, 0x0,
    0xdf, 0x90, 0x1f, 0xf9, 0x2, 0xef, 0xa0, 0x9,
    0xff, 0xff, 0xef, 0xf5, 0x0, 0x9e, 0xf9, 0x1c,
    0xf6,

    /* U+03AD "έ" */
    0x0, 0x0, 0x8f, 0x80, 0x0, 0x0, 0xb, 0xf1,
    0x0, 0x0, 0x0, 0xc7, 0x0, 0x0, 0x0, 0x0,
    0x0, 0x0, 0x1, 0x8d, 0xfe, 0xc4, 0x0, 0xcf,
    0xfd, 0xef, 0xf5, 0xf, 0xf7, 0x0, 0x9b, 0x70,
    0x8f, 0xe9, 0x93, 0x0, 0x4, 0xef, 0xff, 0x60,
    0x1, 0xff, 0x70, 0x0, 0x0, 0x2f, 0xf5, 0x0,
    0x8c, 0xa0, 0xcf, 0xfc, 0xdf, 0xf7, 0x0, 0x7d,
    0xff, 0xc5, 0x0,

    /* U+03AE "ή" */
    0x0, 0x0, 0x7d, 0x60, 0x0, 0x0, 0xc, 0xf1,
    0x0, 0x0, 0x0, 0xf9, 0x0, 0x0, 0x0, 0x0,
    0x0, 0x0, 0x0, 0x0, 0x0, 0x0, 0x1, 0xff,
    0x4b, 0xfe, 0x80, 0x1f, 0xff, 0xff, 0xff, 0x51,
    0xff, 0x90, 0x1e, 0xf9, 0x1f, 0xf4, 0x0, 0xbf,
    0xa1, 0xff, 0x40, 0xb, 0xfb, 0x1f, 0xf4, 0x0,
    0xbf, 0xb1, 0xff, 0x40, 0xb, 0xfb, 0x1f, 0xf4,
    0x0, 0xbf, 0xb1, 0xff, 0x40, 0xb, 0xfb, 0x0,
    0x0, 0x0, 0xbf, 0xb0, 0x0, 0x0, 0xb, 0xfb,
    0x0, 0x0, 0x0, 0xbf, 0xb0,

    /* U+03AF "ί" */
    0xe, 0xf2, 0x1, 0xfa, 0x0, 0x4d, 0x20, 0x0,
    0x0, 0x0, 0xdf, 0x80, 0xd, 0xf8, 0x0, 0xdf,
    0x80, 0xd, 0xf8, 0x0, 0xdf, 0x80, 0xd, 0xf8,
    0x0, 0xdf, 0xa0, 0xa, 0xff, 0xf2, 0x1b, 0xfe,
    0x20,

    /* U+03B0 "ΰ" */
    0x0, 0x0, 0x7b, 0x40, 0x0, 0x0, 0xc, 0xe0,
    0x0, 0x0, 0x0, 0xe8, 0x0, 0x0, 0xbe, 0x20,
    0x9, 0xe3, 0xc, 0xf2, 0x0, 0xaf, 0x40, 0x0,
    0x0, 0x0, 0x0, 0x1f, 0xf5, 0x7, 0xfd, 0x1,
    0xff, 0x50, 0x2f, 0xf3, 0x1f, 0xf5, 0x0, 0xff,
    0x71, 0xff, 0x50, 0xd, 0xf9, 0x1f, 0xf5, 0x0,
    0xcf, 0x90, 0xff, 0x50, 0xf, 0xf8, 0xe, 0xf9,
    0x8, 0xff, 0x30, 0x8f, 0xff, 0xff, 0xa0, 0x0,
    0x7d, 0xfe, 0x80, 0x0,

    /* U+03B1 "α" */
    0x0, 0x9e, 0xf8, 0x9f, 0x90, 0x9, 0xff, 0xff,
    0xff, 0x90, 0x1f, 0xf9, 0x2, 0xff, 0x90, 0x4f,
    0xf2, 0x0, 0xdf, 0x90, 0x5f, 0xf0, 0x0, 0xdf,
    0x90, 0x4f, 0xf1, 0x0, 0xdf, 0x90, 0x1f, 0xf9,
    0x2, 0xef, 0xa0, 0x9, 0xff, 0xff, 0xef, 0xf5,
    0x0, 0x9e, 0xf9, 0x1c, 0xf6,

    /* U+03B2 "β" */
    0x2, 0xae, 0xfd, 0x60, 0x2, 0xff, 0xff, 0xff,
    0x90, 0xaf, 0xe1, 0xa, 0xff, 0xc, 0xf9, 0x0,
    0x5f, 0xf0, 0xdf, 0x90, 0xa, 0xfb, 0xd, 0xf9,
    0x6f, 0xfd, 0x10, 0xdf, 0x94, 0xcf, 0xfb, 0xd,
    0xf9, 0x0, 0x2f, 0xf6, 0xdf, 0x90, 0x0, 0xdf,
    0x9d, 0xfa, 0x0, 0x4f, 0xf7, 0xdf, 0xff, 0xef,
    0xfe, 0x1d, 0xfc, 0xcf, 0xeb, 0x20, 0xdf, 0x90,
    0x0, 0x0, 0xd, 0xf9, 0x0, 0x0, 0x0, 0xdf,
    0x90, 0x0, 0x0, 0x0,

    /* U+03B3 "γ" */
    0xaf, 0xc0, 0x1, 0xff, 0x55, 0xff, 0x10, 0x5f,
    0xf0, 0xf, 0xf5, 0xa, 0xfa, 0x0, 0x9f, 0xa0,
    0xef, 0x40, 0x4, 0xfe, 0x3f, 0xe0, 0x0, 0xe,
    0xfa, 0xf9, 0x0, 0x0, 0x9f, 0xff, 0x40, 0x0,
    0x3, 0xff, 0xe0, 0x0, 0x0, 0xe, 0xf9, 0x0,
    0x0, 0x0, 0xdf, 0x80, 0x0, 0x0, 0xd, 0xf8,
    0x0, 0x0, 0x0, 0xdf, 0x80, 0x0,

    /* U+03B4 "δ" */
    0x0, 0x3c, 0xee, 0xc1, 0x0, 0x2, 0xff, 0xed,
    0xf2, 0x0, 0x5, 0xff, 0x0, 0x0, 0x0, 0x3,
    0xff, 0xa2, 0x0, 0x0, 0x0, 0x5f, 0xff, 0xb2,
    0x0, 0x2, 0xcf, 0xcf, 0xfe, 0x20, 0xd, 0xf7,
    0x1, 0xef, 0xa0, 0x4f, 0xf1, 0x0, 0x7f, 0xf0,
    0x6f, 0xf0, 0x0, 0x5f, 0xf1, 0x5f, 0xf1, 0x0,
    0x7f, 0xf0, 0x1f, 0xf9, 0x1, 0xdf, 0xb0, 0x8,
    0xff, 0xff, 0xff, 0x20, 0x0, 0x6c, 0xff, 0xb2,
    0x0,

    /* U+03B5 "ε" */
    0x1, 0x8d, 0xfe, 0xc4, 0x0, 0xcf, 0xfd, 0xef,
    0xf5, 0xf, 0xf7, 0x0, 0x9b, 0x70, 0x8f, 0xe9,
    0x93, 0x0, 0x4, 0xef, 0xff, 0x60, 0x1, 0xff,
    0x70, 0x0, 0x0, 0x2f, 0xf5, 0x0, 0x8c, 0xa0,
    0xcf, 0xfc, 0xdf, 0xf7, 0x0, 0x7d, 0xff, 0xc5,
    0x0,

    /* U+03B6 "ζ" */
    0x6f, 0xff, 0xff, 0xff, 0x5, 0xee, 0xee, 0xff,
    0xd0, 0x0, 0x0, 0x9f, 0xe2, 0x0, 0x0, 0x7f,
    0xf3, 0x0, 0x0, 0x4f, 0xf5, 0x0, 0x0, 0xe,
    0xf8, 0x0, 0x0, 0x8, 0xfd, 0x0, 0x0, 0x0,
    0xdf, 0x70, 0x0, 0x0, 0xf, 0xf6, 0x0, 0x0,
    0x0, 0xef, 0xc1, 0x0, 0x0, 0x7, 0xff, 0xfc,
    0x60, 0x0, 0x4, 0xbf, 0xff, 0x80, 0x0, 0x0,
    0xc, 0xfb, 0x0, 0x0, 0x0, 0xdf, 0x50, 0x0,
    0x0, 0x1c, 0x80, 0x0, 0x0, 0x0, 0x0, 0x0,

    /* U+03B7 "η" */
    0x1f, 0xf4, 0xbf, 0xe8, 0x1, 0xff, 0xff, 0xff,
    0xf5, 0x1f, 0xf9, 0x1, 0xef, 0x91, 0xff, 0x40,
    0xb, 0xfa, 0x1f, 0xf4, 0x0, 0xbf, 0xb1, 0xff,
    0x40, 0xb, 0xfb, 0x1f, 0xf4, 0x0, 0xbf, 0xb1,
    0xff, 0x40, 0xb, 0xfb, 0x1f, 0xf4, 0x0, 0xbf,
    0xb0, 0x0, 0x0, 0xb, 0xfb, 0x0, 0x0, 0x0,
    0xbf, 0xb0, 0x0, 0x0, 0xb, 0xfb,

    /* U+03B8 "θ" */
    0x0, 0x3b, 0xff, 0xb3, 0x0, 0x2, 0xff, 0xff,
    0xff, 0x20, 0xa, 0xfd, 0x11, 0xdf, 0xa0, 0xe,
    0xf7, 0x0, 0x7f, 0xf0, 0xf, 0xf5, 0x0, 0x5f,
    0xf1, 0x1f, 0xff, 0xff, 0xff, 0xf1, 0x1f, 0xfe,
    0xdd, 0xef, 0xf1, 0xf, 0xf5, 0x0, 0x5f, 0xf0,
    0xe, 0xf7, 0x0, 0x7f, 0xf0, 0xa, 0xfd, 0x10,
    0xdf, 0xa0, 0x2, 0xff, 0xff, 0xff, 0x20, 0x0,
    0x3b, 0xff, 0xb3, 0x0,

    /* U+03B9 "ι" */
    0xdf, 0x80, 0xd, 0xf8, 0x0, 0xdf, 0x80, 0xd,
    0xf8, 0x0, 0xdf, 0x80, 0xd, 0xf8, 0x0, 0xdf,
    0xa0, 0xa, 0xff, 0xf2, 0x1b, 0xfe, 0x20,

    /* U+03BA "κ" */
    0xef, 0x70, 0xc, 0xff, 0x3e, 0xf7, 0x6, 0xff,
    0x90, 0xef, 0x71, 0xef, 0xd0, 0xe, 0xf9, 0xaf,
    0xf3, 0x0, 0xef, 0xff, 0xf9, 0x0, 0xe, 0xff,
    0xff, 0xe1, 0x0, 0xef, 0x73, 0xff, 0xc0, 0xe,
    0xf7, 0x7, 0xff, 0x90, 0xef, 0x70, 0xb, 0xff,
    0x50,

    /* U+03BB "λ" */
    0xc, 0xea, 0x10, 0x0, 0x0, 0xe, 0xff, 0x90,
    0x0, 0x0, 0x0, 0x8f, 0xf0, 0x0, 0x0, 0x0,
    0x1f, 0xf6, 0x0, 0x0, 0x0, 0xe, 0xfd, 0x0,
    0x0, 0x0, 0x4f, 0xff, 0x30, 0x0, 0x0, 0x9f,
    0xff, 0x90, 0x0, 0x0, 0xff, 0xdf, 0xf0, 0x0,
    0x5, 0xff, 0x3f, 0xf6, 0x0, 0xb, 0xfc, 0xb,
    0xfc, 0x0, 0x1f, 0xf7, 0x6, 0xff, 0x40, 0x6f,
    0xf2, 0x0, 0xef, 0xf3, 0xcf, 0xc0, 0x0, 0x4d,
    0xf3,

    /* U+03BC "μ" */
    0xdf, 0x80, 0x4, 0xff, 0x2d, 0xf8, 0x0, 0x4f,
    0xf2, 0xdf, 0x80, 0x4, 0xff, 0x2d, 0xf8, 0x0,
    0x4f, 0xf2, 0xdf, 0x80, 0x4, 0xff, 0x2d, 0xf9,
    0x0, 0x4f, 0xf2, 0xdf, 0xc0, 0x7, 0xff, 0x2d,
    0xff, 0xdd, 0xff, 0xf2, 0xdf, 0xee, 0xea, 0xff,
    0x2d, 0xf8, 0x0, 0x0, 0x0, 0xdf, 0x80, 0x0,
    0x0, 0xd, 0xf8, 0x0, 0x0, 0x0,

    /* U+03BD "ν" */
    0xbf, 0xb0, 0x3, 0xff, 0x46, 0xff, 0x0, 0x7f,
    0xe0, 0x1f, 0xf4, 0xc, 0xf9, 0x0, 0xbf, 0x90,
    0xff, 0x40, 0x6, 0xfd, 0x5f, 0xe0, 0x0, 0x1f,
    0xfb, 0xf9, 0x0, 0x0, 0xbf, 0xff, 0x40, 0x0,
    0x5, 0xff, 0xe0, 0x0, 0x0, 0xf, 0xf9, 0x0,
    0x0,

    /* U+03BE "ξ" */
    0x0, 0x29, 0xdf, 0xeb, 0x0, 0x1e, 0xff, 0xff,
    0xc0, 0x6, 0xff, 0x30, 0x1, 0x0, 0x5f, 0xf4,
    0x0, 0x0, 0x0, 0x9f, 0xff, 0xf1, 0x0, 0x9,
    0xff, 0xff, 0x10, 0xa, 0xfd, 0x40, 0x0, 0x0,
    0xff, 0x50, 0x0, 0x0, 0x1f, 0xf5, 0x0, 0x0,
    0x0, 0xef, 0xe5, 0x0, 0x0, 0x3, 0xef, 0xff,
    0xc5, 0x0, 0x0, 0x6b, 0xff, 0xf4, 0x0, 0x0,
    0x1, 0xff, 0x60, 0x0, 0x0, 0x3f, 0xe1, 0x0,
    0x0, 0x3, 0xc2, 0x0,

    /* U+03BF "ο" */
    0x0, 0x5c, 0xfe, 0xa2, 0x0, 0x7, 0xff, 0xff,
    0xff, 0x20, 0x1f, 0xf9, 0x1, 0xef, 0xa0, 0x5f,
    0xf1, 0x0, 0x7f, 0xf0, 0x6f, 0xf0, 0x0, 0x5f,
    0xf0, 0x5f, 0xf1, 0x0, 0x7f, 0xf0, 0x1f, 0xf8,
    0x1, 0xdf, 0xb0, 0x8, 0xff, 0xff, 0xff, 0x20,
    0x0, 0x6d, 0xfe, 0xb2, 0x0,

    /* U+03C0 "π" */
    0x9f, 0xff, 0xff, 0xff, 0xff, 0x67, 0xdf, 0xfd,
    0xde, 0xff, 0xd5, 0x1, 0xff, 0x40, 0x6f, 0xf0,
    0x0, 0x1f, 0xf4, 0x6, 0xff, 0x0, 0x1, 0xff,
    0x40, 0x6f, 0xf0, 0x0, 0x1f, 0xf4, 0x6, 0xff,
    0x0, 0x1, 0xff, 0x40, 0x6f, 0xf1, 0x0, 0x1f,
    0xf4, 0x3, 0xff, 0xf9, 0x1, 0xff, 0x40, 0x7,
    0xef, 0x80,

    /* U+03C1 "ρ" */
    0x0, 0x3b, 0xff, 0xb3, 0x0, 0x3, 0xff, 0xff,
    0xff, 0x20, 0xc, 0xfd, 0x1, 0xef, 0xa0, 0xf,
    0xf7, 0x0, 0x8f, 0xe0, 0xf, 0xf5, 0x0, 0x6f,
    0xf0, 0x1f, 0xf5, 0x0, 0x7f, 0xe0, 0x1f, 0xf8,
    0x1, 0xdf, 0xb0, 0x1f, 0xff, 0xff, 0xff, 0x40,
    0x1f, 0xf8, 0xcf, 0xd5, 0x0, 0x1f, 0xf5, 0x0,
    0x0, 0x0, 0x1f, 0xf5, 0x0, 0x0, 0x0, 0x1f,
    0xf5, 0x0, 0x0, 0x0,

    /* U+03C2 "ς" */
    0x0, 0x6d, 0xfd, 0x91, 0x0, 0x8f, 0xff, 0xff,
    0xb0, 0x1f, 0xf8, 0x3, 0xff, 0x26, 0xff, 0x0,
    0x6, 0x61, 0x7f, 0xf0, 0x0, 0x0, 0x5, 0xff,
    0x10, 0x0, 0x0, 0x1f, 0xfb, 0x10, 0x0, 0x0,
    0x7f, 0xff, 0xb5, 0x0, 0x0, 0x3a, 0xff, 0xf5,
    0x0, 0x0, 0x1, 0xef, 0x70, 0x0, 0x0, 0x2f,
    0xf2, 0x0, 0x0, 0x2, 0xc4, 0x0, 0x0, 0x0,
    0x0, 0x0, 0x0,

    /* U+03C3 "σ" */
    0x0, 0x6d, 0xff, 0xff, 0xf8, 0x8, 0xff, 0xff,
    0xff, 0xe7, 0x1f, 0xf8, 0x2, 0xfe, 0x10, 0x5f,
    0xf1, 0x0, 0xaf, 0x90, 0x7f, 0xf0, 0x0, 0x8f,
    0xd0, 0x5f, 0xf1, 0x0, 0xaf, 0xd0, 0x1f, 0xf8,
    0x2, 0xff, 0x90, 0x8, 0xff, 0xff, 0xfe, 0x10,
    0x0, 0x6d, 0xfe, 0xa2, 0x0,

    /* U+03C4 "τ" */
    0xaf, 0xff, 0xff, 0xff, 0x79, 0xee, 0xff, 0xfe,
    0xe6, 0x0, 0xe, 0xf8, 0x0, 0x0, 0x0, 0xef,
    0x80, 0x0, 0x0, 0xe, 0xf8, 0x0, 0x0, 0x0,
    0xef, 0x80, 0x0, 0x0, 0xd, 0xf9, 0x0, 0x0,
    0x0, 0x9f, 0xff, 0x20, 0x0, 0x1, 0xbf, 0xe3,
    0x0,

    /* U+03C5 "υ" */
    0x1f, 0xf5, 0x7, 0xfd, 0x1, 0xff, 0x50, 0x2f,
    0xf3, 0x1f, 0xf5, 0x0, 0xff, 0x71, 0xff, 0x50,
    0xd, 0xf9, 0x1f, 0xf5, 0x0, 0xcf, 0x90, 0xff,
    0x50, 0xf, 0xf8, 0xe, 0xf9, 0x8, 0xff, 0x30,
    0x8f, 0xff, 0xff, 0xa0, 0x0, 0x7d, 0xfe, 0x80,
    0x0,

    /* U+03C6 "φ" */
    0x3, 0xc2, 0x1, 0xbf, 0xe9, 0x10, 0x0, 0xdf,
    0xb0, 0xbf, 0xff, 0xfe, 0x10, 0x4f, 0xf3, 0xe,
    0xf7, 0x1d, 0xfa, 0x7, 0xfe, 0x0, 0xff, 0x70,
    0x6f, 0xf0, 0x8f, 0xe0, 0xf, 0xf7, 0x5, 0xff,
    0x16, 0xff, 0x10, 0xff, 0x70, 0x7f, 0xf0, 0x1f,
    0xfc, 0x1f, 0xf7, 0x4f, 0xfa, 0x0, 0x5f, 0xff,
    0xff, 0xff, 0xfd, 0x10, 0x0, 0x3b, 0xff, 0xff,
    0xd8, 0x0, 0x0, 0x0, 0x0, 0xff, 0x70, 0x0,
    0x0, 0x0, 0x0, 0xf, 0xf7, 0x0, 0x0, 0x0,
    0x0, 0x0, 0xff, 0x70, 0x0, 0x0, 0x0, 0x0,
    0xd, 0xe6, 0x0, 0x0, 0x0,

    /* U+03C7 "χ" */
    0xbf, 0xc2, 0x0, 0xaf, 0xb0, 0xcf, 0xfd, 0x2,
    0xff, 0x30, 0x2, 0xef, 0x6a, 0xfb, 0x0, 0x0,
    0x7f, 0xef, 0xf3, 0x0, 0x0, 0x1f, 0xff, 0xb0,
    0x0, 0x0, 0x8, 0xff, 0x30, 0x0, 0x0, 0xb,
    0xff, 0x40, 0x0, 0x0, 0x3f, 0xff, 0xc0, 0x0,
    0x0, 0xbf, 0xcf, 0xf3, 0x0, 0x3, 0xff, 0x2a,
    0xfc, 0x0, 0xb, 0xfa, 0x2, 0xff, 0xe0, 0x3f,
    0xf2, 0x0, 0x5d, 0xe0,

    /* U+03C8 "ψ" */
    0x7f, 0xf0, 0xf, 0xf7, 0x1f, 0xf4, 0x7, 0xff,
    0x0, 0xff, 0x70, 0xbf, 0xb0, 0x7f, 0xf0, 0xf,
    0xf7, 0x7, 0xff, 0x7, 0xff, 0x0, 0xff, 0x70,
    0x5f, 0xf1, 0x6f, 0xf0, 0xf, 0xf7, 0x5, 0xff,
    0x4, 0xff, 0x40, 0xff, 0x70, 0x9f, 0xe0, 0xe,
    0xfd, 0x3f, 0xf7, 0x7f, 0xf8, 0x0, 0x3f, 0xff,
    0xff, 0xff, 0xfb, 0x0, 0x0, 0x29, 0xdf, 0xff,
    0xc6, 0x0, 0x0, 0x0, 0x0, 0xff, 0x70, 0x0,
    0x0, 0x0, 0x0, 0xf, 0xf7, 0x0, 0x0, 0x0,
    0x0, 0x0, 0xff, 0x70, 0x0, 0x0, 0x0, 0x0,
    0xb, 0xc5, 0x0, 0x0, 0x0,

    /* U+03C9 "ω" */
    0x5, 0xff, 0x10, 0x0, 0x1, 0xff, 0x50, 0xd,
    0xfa, 0x0, 0x0, 0x0, 0xaf, 0xc0, 0x1f, 0xf5,
    0x4, 0xff, 0x40, 0x5f, 0xf1, 0x4f, 0xf3, 0x4,
    0xff, 0x40, 0x3f, 0xf3, 0x4f, 0xf1, 0x4, 0xff,
    0x40, 0x2f, 0xf4, 0x3f, 0xf3, 0x5, 0xff, 0x50,
    0x3f, 0xf3, 0xf, 0xf9, 0xa, 0xff, 0xa0, 0x9f,
    0xf0, 0x8, 0xff, 0xff, 0xdd, 0xff, 0xff, 0x80,
    0x0, 0x8e, 0xfb, 0x12, 0xbf, 0xe8, 0x0,

    /* U+03CA "ϊ" */
    0x7f, 0x50, 0x6f, 0x68, 0xf6, 0x7, 0xf7, 0x0,
    0x0, 0x0, 0x0, 0xd, 0xf8, 0x0, 0x0, 0xdf,
    0x80, 0x0, 0xd, 0xf8, 0x0, 0x0, 0xdf, 0x80,
    0x0, 0xd, 0xf8, 0x0, 0x0, 0xdf, 0x80, 0x0,
    0xd, 0xfa, 0x0, 0x0, 0xaf, 0xff, 0x20, 0x1,
    0xbf, 0xe2,

    /* U+03CB "ϋ" */
    0x4, 0xf8, 0x3, 0xf9, 0x0, 0x4f, 0x90, 0x4f,
    0xa0, 0x0, 0x0, 0x0, 0x0, 0x1, 0xff, 0x50,
    0x7f, 0xd0, 0x1f, 0xf5, 0x2, 0xff, 0x31, 0xff,
    0x50, 0xf, 0xf7, 0x1f, 0xf5, 0x0, 0xdf, 0x91,
    0xff, 0x50, 0xc, 0xf9, 0xf, 0xf5, 0x0, 0xff,
    0x80, 0xef, 0x90, 0x8f, 0xf3, 0x8, 0xff, 0xff,
    0xfa, 0x0, 0x7, 0xdf, 0xe8, 0x0,

    /* U+03CC "ό" */
    0x0, 0x0, 0x9f, 0x70, 0x0, 0x0, 0x0, 0xde,
    0x0, 0x0, 0x0, 0x0, 0xc6, 0x0, 0x0, 0x0,
    0x0, 0x0, 0x0, 0x0, 0x0, 0x5c, 0xfe, 0xa2,
    0x0, 0x7, 0xff, 0xff, 0xff, 0x20, 0x1f, 0xf9,
    0x1, 0xef, 0xa0, 0x5f, 0xf1, 0x0, 0x7f, 0xf0,
    0x6f, 0xf0, 0x0, 0x5f, 0xf0, 0x5f, 0xf1, 0x0,
    0x7f, 0xf0, 0x1f, 0xf8, 0x1, 0xdf, 0xb0, 0x8,
    0xff, 0xff, 0xff, 0x20, 0x0, 0x6d, 0xfe, 0xb2,
    0x0,

    /* U+03CD "ύ" */
    0x0, 0x0, 0xbf, 0x50, 0x0, 0x0, 0xe, 0xd0,
    0x0, 0x0, 0x1, 0xd5, 0x0, 0x0, 0x0, 0x0,
    0x0, 0x0, 0x1f, 0xf5, 0x7, 0xfd, 0x1, 0xff,
    0x50, 0x2f, 0xf3, 0x1f, 0xf5, 0x0, 0xff, 0x71,
    0xff, 0x50, 0xd, 0xf9, 0x1f, 0xf5, 0x0, 0xcf,
    0x90, 0xff, 0x50, 0xf, 0xf8, 0xe, 0xf9, 0x8,
    0xff, 0x30, 0x8f, 0xff, 0xff, 0xa0, 0x0, 0x7d,
    0xfe, 0x80, 0x0,

    /* U+03CE "ώ" */
    0x0, 0x0, 0x0, 0x6f, 0x90, 0x0, 0x0, 0x0,
    0x0, 0x0, 0xaf, 0x20, 0x0, 0x0, 0x0, 0x0,
    0x0, 0xa9, 0x0, 0x0, 0x0, 0x0, 0x0, 0x0,
    0x0, 0x0, 0x0, 0x0, 0x5, 0xff, 0x10, 0x0,
    0x1, 0xff, 0x50, 0xd, 0xfa, 0x0, 0x0, 0x0,
    0xaf, 0xc0, 0x1f, 0xf5, 0x4, 0xff, 0x40, 0x5f,
    0xf1, 0x4f, 0xf3, 0x4, 0xff, 0x40, 0x3f, 0xf3,
    0x4f, 0xf1, 0x4, 0xff, 0x40, 0x2f, 0xf4, 0x3f,
    0xf3, 0x5, 0xff, 0x50, 0x3f, 0xf3, 0xf, 0xf9,
    0xa, 0xff, 0xa0, 0x9f, 0xf0, 0x8, 0xff, 0xff,
    0xdd, 0xff, 0xff, 0x80, 0x0, 0x8e, 0xfb, 0x12,
    0xbf, 0xe8, 0x0,

    /* U+03D1 "ϑ" */
    0x0, 0x1, 0x9e, 0xe9, 0x0, 0x0, 0x0, 0xbf,
    0xff, 0xf9, 0x0, 0x0, 0xf, 0xf5, 0xaf, 0xf0,
    0x0, 0x2, 0xff, 0x26, 0xff, 0x10, 0x0, 0xf,
    0xf8, 0x6f, 0xf1, 0x0, 0x0, 0x7f, 0xfe, 0xff,
    0xa0, 0xc, 0xc3, 0x7f, 0xff, 0xff, 0x0, 0xff,
    0x40, 0x19, 0xff, 0x60, 0xf, 0xf5, 0x0, 0x7f,
    0xf0, 0x0, 0xcf, 0xc1, 0x1d, 0xfd, 0x0, 0x4,
    0xff, 0xff, 0xff, 0x50, 0x0, 0x4, 0xbf, 0xfc,
    0x40, 0x0,

    /* U+03D2 "ϒ" */
    0x1e, 0xe8, 0x0, 0x0, 0x6e, 0xe2, 0xf, 0xff,
    0x50, 0x3, 0xff, 0xf1, 0x1, 0xbf, 0xb0, 0xa,
    0xfc, 0x10, 0x0, 0x3f, 0xf2, 0x1f, 0xf4, 0x0,
    0x0, 0xc, 0xf8, 0x7f, 0xd0, 0x0, 0x0, 0x5,
    0xfe, 0xdf, 0x60, 0x0, 0x0, 0x0, 0xef, 0xfe,
    0x0, 0x0, 0x0, 0x0, 0x7f, 0xf8, 0x0, 0x0,
    0x0, 0x0, 0x3f, 0xf4, 0x0, 0x0, 0x0, 0x0,
    0x3f, 0xf4, 0x0, 0x0, 0x0, 0x0, 0x3f, 0xf4,
    0x0, 0x0, 0x0, 0x0, 0x3f, 0xf4, 0x0, 0x0,

    /* U+03D6 "ϖ" */
    0xdf, 0xff, 0xff, 0xff, 0xff, 0xff, 0xff, 0x9f,
    0xfd, 0xbb, 0xbb, 0xbb, 0xdf, 0xfa, 0x1f, 0xf5,
    0x0, 0x0, 0x0, 0x4f, 0xf2, 0x3f, 0xf2, 0x2,
    0xdd, 0x30, 0x1f, 0xf4, 0x4f, 0xf2, 0x3, 0xff,
    0x40, 0xf, 0xf5, 0x3f, 0xf3, 0x4, 0xff, 0x50,
    0x2f, 0xf4, 0xf, 0xf8, 0xa, 0xff, 0xb0, 0x7f,
    0xf1, 0x8, 0xff, 0xff, 0xdc, 0xff, 0xff, 0xa0,
    0x0, 0x8e, 0xfb, 0x21, 0xbf, 0xe9, 0x0,

    /* U+0400 "Ѐ" */
    0x5, 0xff, 0x20, 0x0, 0x0, 0x6, 0xfc, 0x0,
    0x0, 0x0, 0x6, 0x82, 0x0, 0xe, 0xff, 0xff,
    0xff, 0xf2, 0xef, 0xff, 0xff, 0xff, 0x2e, 0xf9,
    0x0, 0x0, 0x0, 0xef, 0x90, 0x0, 0x0, 0xe,
    0xf9, 0x0, 0x0, 0x0, 0xef, 0xff, 0xff, 0xf5,
    0xe, 0xff, 0xee, 0xee, 0x50, 0xef, 0x90, 0x0,
    0x0, 0xe, 0xf9, 0x0, 0x0, 0x0, 0xef, 0x90,
    0x0, 0x0, 0xe, 0xff, 0xff, 0xff, 0xf2, 0xef,
    0xff, 0xff, 0xff, 0x30,

    /* U+0401 "Ё" */
    0xa, 0xe3, 0x9, 0xe3, 0x0, 0xbf, 0x30, 0xaf,
    0x40, 0x0, 0x0, 0x0, 0x0, 0xe, 0xff, 0xff,
    0xff, 0xf2, 0xef, 0xff, 0xff, 0xff, 0x2e, 0xf9,
    0x0, 0x0, 0x0, 0xef, 0x90, 0x0, 0x0, 0xe,
    0xf9, 0x0, 0x0, 0x0, 0xef, 0xff, 0xff, 0xf5,
    0xe, 0xff, 0xee, 0xee, 0x50, 0xef, 0x90, 0x0,
    0x0, 0xe, 0xf9, 0x0, 0x0, 0x0, 0xef, 0x90,
    0x0, 0x0, 0xe, 0xff, 0xff, 0xff, 0xf2, 0xef,
    0xff, 0xff, 0xff, 0x30,

    /* U+0402 "Ђ" */
    0xcf, 0xff, 0xff, 0xff, 0xfa, 0x0, 0xc, 0xff,
    0xff, 0xff, 0xff, 0xa0, 0x0, 0x0, 0xc, 0xfc,
    0x0, 0x0, 0x0, 0x0, 0x0, 0xcf, 0xc0, 0x0,
    0x0, 0x0, 0x0, 0xc, 0xfc, 0x0, 0x0, 0x0,
    0x0, 0x0, 0xcf, 0xfd, 0xfe, 0xc5, 0x0, 0x0,
    0xc, 0xff, 0xff, 0xff, 0xf9, 0x0, 0x0, 0xcf,
    0xc1, 0x2, 0xbf, 0xf1, 0x0, 0xc, 0xfc, 0x0,
    0x4, 0xff, 0x30, 0x0, 0xcf, 0xc0, 0x0, 0x9f,
    0xf1, 0x0, 0xc, 0xfc, 0x5, 0xff, 0xf8, 0x0,
    0x0, 0xcf, 0xc0, 0x5e, 0xb5, 0x0,

    /* U+0403 "Ѓ" */
    0x0, 0x0, 0xbf, 0xb0, 0x0, 0x6, 0xfc, 0x0,
    0x0, 0x7, 0x81, 0x0, 0xef, 0xff, 0xff, 0xff,
    0xef, 0xff, 0xff, 0xff, 0xef, 0x90, 0x0, 0x0,
    0xef, 0x90, 0x0, 0x0, 0xef, 0x90, 0x0, 0x0,
    0xef, 0x90, 0x0, 0x0, 0xef, 0x90, 0x0, 0x0,
    0xef, 0x90, 0x0, 0x0, 0xef, 0x90, 0x0, 0x0,
    0xef, 0x90, 0x0, 0x0, 0xef, 0x90, 0x0, 0x0,
    0xef, 0x90, 0x0, 0x0,

    /* U+0404 "Є" */
    0x0, 0x7, 0xdf, 0xfb, 0x40, 0x0, 0xc, 0xff,
    0xff, 0xff, 0x70, 0x8, 0xff, 0x50, 0x1a, 0xff,
    0x20, 0xef, 0x90, 0x0, 0xf, 0xf7, 0x2f, 0xf5,
    0x0, 0x0, 0x12, 0x14, 0xff, 0xff, 0xff, 0x0,
    0x0, 0x4f, 0xff, 0xff, 0xe0, 0x0, 0x3, 0xff,
    0x40, 0x0, 0x0, 0x0, 0xf, 0xf8, 0x0, 0x0,
    0xff, 0x70, 0x9f, 0xf4, 0x1, 0xaf, 0xf2, 0x0,
    0xdf, 0xff, 0xff, 0xf8, 0x0, 0x0, 0x8d, 0xff,
    0xc5, 0x0,

    /* U+0405 "Ѕ" */
    0x0, 0x4b, 0xef, 0xe9, 0x10, 0x6, 0xff, 0xff,
    0xff, 0xe2, 0xe, 0xfc, 0x10, 0x3f, 0xf9, 0xf,
    0xf8, 0x0, 0x7, 0xa7, 0xb, 0xff, 0x81, 0x0,
    0x0, 0x1, 0xcf, 0xff, 0xc5, 0x0, 0x0, 0x5,
    0xbf, 0xff, 0xc0, 0x0, 0x0, 0x1, 0x8f, 0xf8,
    0x4d, 0xd2, 0x0, 0xb, 0xfc, 0x2f, 0xfa, 0x10,
    0x2e, 0xfb, 0x7, 0xff, 0xff, 0xff, 0xf4, 0x0,
    0x4b, 0xef, 0xea, 0x30,

    /* U+0406 "І" */
    0xcf, 0xbc, 0xfb, 0xcf, 0xbc, 0xfb, 0xcf, 0xbc,
    0xfb, 0xcf, 0xbc, 0xfb, 0xcf, 0xbc, 0xfb, 0xcf,
    0xbc, 0xfb,

    /* U+0407 "Ї" */
    0x7f, 0x50, 0x6f, 0x67, 0xf6, 0x6, 0xf7, 0x0,
    0x0, 0x0, 0x0, 0xc, 0xfb, 0x0, 0x0, 0xcf,
    0xb0, 0x0, 0xc, 0xfb, 0x0, 0x0, 0xcf, 0xb0,
    0x0, 0xc, 0xfb, 0x0, 0x0, 0xcf, 0xb0, 0x0,
    0xc, 0xfb, 0x0, 0x0, 0xcf, 0xb0, 0x0, 0xc,
    0xfb, 0x0, 0x0, 0xcf, 0xb0, 0x0, 0xc, 0xfb,
    0x0, 0x0, 0xcf, 0xb0, 0x0,

    /* U+0408 "Ј" */
    0x0, 0x0, 0x0, 0xff, 0x70, 0x0, 0x0, 0xf,
    0xf7, 0x0, 0x0, 0x0, 0xff, 0x70, 0x0, 0x0,
    0xf, 0xf7, 0x0, 0x0, 0x0, 0xff, 0x70, 0x0,
    0x0, 0xf, 0xf7, 0x0, 0x0, 0x0, 0xff, 0x70,
    0x0, 0x0, 0xf, 0xf7, 0x6a, 0x90, 0x1, 0xff,
    0x68, 0xff, 0x30, 0x8f, 0xf3, 0x1e, 0xff, 0xff,
    0xfa, 0x0, 0x2a, 0xef, 0xd7, 0x0,

    /* U+0409 "Љ" */
    0x0, 0x3f, 0xff, 0xff, 0xff, 0xe0, 0x0, 0x0,
    0x0, 0x0, 0x4f, 0xff, 0xff, 0xff, 0xe0, 0x0,
    0x0, 0x0, 0x0, 0x4f, 0xf2, 0x0, 0x9f, 0xe0,
    0x0, 0x0, 0x0, 0x0, 0x5f, 0xf1, 0x0, 0x9f,
    0xe0, 0x0, 0x0, 0x0, 0x0, 0x5f, 0xf1, 0x0,
    0x9f, 0xff, 0xff, 0xc5, 0x0, 0x0, 0x6f, 0xf0,
    0x0, 0x9f, 0xff, 0xff, 0xff, 0x80, 0x0, 0x7f,
    0xf0, 0x0, 0x9f, 0xe0, 0x1, 0xbf, 0xf2, 0x0,
    0x9f, 0xd0, 0x0, 0x9f, 0xe0, 0x0, 0x1f, 0xf6,
    0x0, 0xcf, 0xb0, 0x0, 0x9f, 0xe0, 0x0, 0x1f,
    0xf6, 0x6, 0xff, 0x70, 0x0, 0x9f, 0xe0, 0x1,
    0xbf, 0xf2, 0xaf, 0xfe, 0x10, 0x0, 0x9f, 0xff,
    0xff, 0xff, 0x80, 0xaf, 0xb3, 0x0, 0x0, 0x9f,
    0xff, 0xff, 0xc5, 0x0,

    /* U+040A "Њ" */
    0xef, 0x90, 0x0, 0x9, 0xfe, 0x0, 0x0, 0x0,
    0xe, 0xf9, 0x0, 0x0, 0x9f, 0xe0, 0x0, 0x0,
    0x0, 0xef, 0x90, 0x0, 0x9, 0xfe, 0x0, 0x0,
    0x0, 0xe, 0xf9, 0x0, 0x0, 0x9f, 0xe0, 0x0,
    0x0, 0x0, 0xef, 0x90, 0x0, 0x9, 0xff, 0xff,
    0xeb, 0x50, 0xe, 0xff, 0xff, 0xff, 0xff, 0xff,
    0xff, 0xff, 0x80, 0xef, 0xff, 0xff, 0xff, 0xfe,
    0x0, 0x1b, 0xff, 0x2e, 0xf9, 0x0, 0x0, 0x9f,
    0xe0, 0x0, 0x1f, 0xf6, 0xef, 0x90, 0x0, 0x9,
    0xfe, 0x0, 0x1, 0xff, 0x6e, 0xf9, 0x0, 0x0,
    0x9f, 0xe0, 0x1, 0xaf, 0xf3, 0xef, 0x90, 0x0,
    0x9, 0xff, 0xff, 0xff, 0xf9, 0xe, 0xf9, 0x0,
    0x0, 0x9f, 0xff, 0xff, 0xc6, 0x0,

    /* U+040B "Ћ" */
    0xbf, 0xff, 0xff, 0xff, 0xf8, 0x0, 0xb, 0xff,
    0xff, 0xff, 0xff, 0x80, 0x0, 0x0, 0xd, 0xfa,
    0x0, 0x0, 0x0, 0x0, 0x0, 0xdf, 0xa0, 0x0,
    0x0, 0x0, 0x0, 0xd, 0xff, 0xef, 0xea, 0x30,
    0x0, 0x0, 0xdf, 0xff, 0xff, 0xff, 0x40, 0x0,
    0xd, 0xfa, 0x0, 0x2d, 0xfd, 0x0, 0x0, 0xdf,
    0xa0, 0x0, 0x6f, 0xf1, 0x0, 0xd, 0xfa, 0x0,
    0x5, 0xff, 0x20, 0x0, 0xdf, 0xa0, 0x0, 0x5f,
    0xf2, 0x0, 0xd, 0xfa, 0x0, 0x5, 0xff, 0x20,
    0x0, 0xdf, 0xa0, 0x0, 0x5f, 0xf2,

    /* U+040C "Ќ" */
    0x0, 0x0, 0xdf, 0x90, 0x0, 0x0, 0x8, 0xfa,
    0x0, 0x0, 0x0, 0x8, 0x80, 0x0, 0x0, 0xef,
    0x90, 0x0, 0xaf, 0xf6, 0xef, 0x90, 0x6, 0xff,
    0x90, 0xef, 0x90, 0x3f, 0xfc, 0x0, 0xef, 0x91,
    0xef, 0xe1, 0x0, 0xef, 0x9b, 0xff, 0x30, 0x0,
    0xef, 0xef, 0xfb, 0x0, 0x0, 0xef, 0xff, 0xff,
    0x40, 0x0, 0xef, 0xf9, 0xef, 0xe0, 0x0, 0xef,
    0xb0, 0x4f, 0xf9, 0x0, 0xef, 0x90, 0xa, 0xff,
    0x40, 0xef, 0x90, 0x1, 0xef, 0xe0, 0xef, 0x90,
    0x0, 0x5f, 0xf9,

    /* U+040D "Ѝ" */
    0x0, 0xaf, 0xc0, 0x0, 0x0, 0x0, 0xc, 0xf7,
    0x0, 0x0, 0x0, 0x0, 0x87, 0x0, 0x0, 0xff,
    0x70, 0x0, 0x1e, 0xfd, 0xff, 0x70, 0x0, 0x9f,
    0xfd, 0xff, 0x70, 0x3, 0xff, 0xfd, 0xff, 0x70,
    0xc, 0xff, 0xfd, 0xff, 0x70, 0x6f, 0xfc, 0xfd,
    0xff, 0x71, 0xef, 0x6a, 0xfd, 0xff, 0x79, 0xfd,
    0xa, 0xfd, 0xff, 0xbf, 0xf3, 0xa, 0xfd, 0xff,
    0xff, 0x90, 0xa, 0xfd, 0xff, 0xfe, 0x10, 0xa,
    0xfd, 0xff, 0xf6, 0x0, 0xa, 0xfd, 0xff, 0xc0,
    0x0, 0xa, 0xfd,

    /* U+040E "Ў" */
    0x0, 0x2, 0x10, 0x2, 0x10, 0x0, 0x2, 0xfa,
    0x19, 0xf4, 0x0, 0x0, 0x8, 0xff, 0xf9, 0x0,
    0x0, 0x0, 0x1, 0x31, 0x0, 0x0, 0x8f, 0xf2,
    0x0, 0x6, 0xff, 0x40, 0xef, 0xa0, 0x0, 0xcf,
    0xd0, 0x7, 0xff, 0x20, 0x2f, 0xf6, 0x0, 0xe,
    0xf9, 0x8, 0xff, 0x0, 0x0, 0x7f, 0xf2, 0xef,
    0x80, 0x0, 0x0, 0xef, 0xdf, 0xf2, 0x0, 0x0,
    0x7, 0xff, 0xfb, 0x0, 0x0, 0x0, 0xe, 0xff,
    0x40, 0x0, 0x0, 0x0, 0x9f, 0xd0, 0x0, 0x0,
    0x0, 0x2e, 0xf6, 0x0, 0x0, 0x0, 0xcf, 0xfd,
    0x0, 0x0, 0x0, 0xd, 0xfa, 0x10, 0x0, 0x0,

    /* U+040F "Џ" */
    0xf, 0xf7, 0x0, 0x0, 0xbf, 0xc0, 0xff, 0x70,
    0x0, 0xb, 0xfc, 0xf, 0xf7, 0x0, 0x0, 0xbf,
    0xc0, 0xff, 0x70, 0x0, 0xb, 0xfc, 0xf, 0xf7,
    0x0, 0x0, 0xbf, 0xc0, 0xff, 0x70, 0x0, 0xb,
    0xfc, 0xf, 0xf7, 0x0, 0x0, 0xbf, 0xc0, 0xff,
    0x70, 0x0, 0xb, 0xfc, 0xf, 0xf7, 0x0, 0x0,
    0xbf, 0xc0, 0xff, 0x70, 0x0, 0xb, 0xfc, 0xf,
    0xff, 0xff, 0xff, 0xff, 0xc0, 0xff, 0xff, 0xff,
    0xff, 0xfc, 0x0, 0x0, 0x4f, 0xf4, 0x0, 0x0,
    0x0, 0x4, 0xff, 0x40, 0x0, 0x0, 0x0, 0x4f,
    0xf4, 0x0, 0x0,

    /* U+0410 "А" */
    0x0, 0x0, 0xaf, 0xf1, 0x0, 0x0, 0x0, 0x0,
    0xff, 0xf6, 0x0, 0x0, 0x0, 0x6, 0xff, 0xfc,
    0x0, 0x0, 0x0, 0xc, 0xfc, 0xff, 0x20, 0x0,
    0x0, 0x2f, 0xf4, 0xdf, 0x80, 0x0, 0x0, 0x8f,
    0xf0, 0x8f, 0xe0, 0x0, 0x0, 0xdf, 0xa0, 0x3f,
    0xf4, 0x0, 0x4, 0xff, 0x50, 0xe, 0xfb, 0x0,
    0xa, 0xff, 0xff, 0xff, 0xff, 0x10, 0xf, 0xff,
    0xff, 0xff, 0xff, 0x70, 0x6f, 0xf5, 0x0, 0x0,
    0xdf, 0xd0, 0xcf, 0xe0, 0x0, 0x0, 0x7f, 0xf3,

    /* U+0411 "Б" */
    0xff, 0xff, 0xff, 0xff, 0x0, 0xff, 0xff, 0xff,
    0xff, 0x0, 0xff, 0x90, 0x0, 0x0, 0x0, 0xff,
    0x90, 0x0, 0x0, 0x0, 0xff, 0xff, 0xfe, 0xa3,
    0x0, 0xff, 0xff, 0xff, 0xff, 0x40, 0xff, 0x90,
    0x3, 0xef, 0xd0, 0xff, 0x90, 0x0, 0x7f, 0xf1,
    0xff, 0x90, 0x0, 0x7f, 0xf1, 0xff, 0x90, 0x3,
    0xef, 0xd0, 0xff, 0xff, 0xff, 0xff, 0x40, 0xff,
    0xff, 0xfe, 0xa3, 0x0,

    /* U+0412 "В" */
    0xef, 0xff, 0xfe, 0xb3, 0x0, 0xef, 0xff, 0xff,
    0xff, 0x40, 0xef, 0x90, 0x3, 0xff, 0xa0, 0xef,
    0x90, 0x0, 0xbf, 0xb0, 0xef, 0x90, 0x3, 0xff,
    0x70, 0xef, 0xff, 0xff, 0xf9, 0x0, 0xef, 0xec,
    0xce, 0xff, 0x40, 0xef, 0x90, 0x0, 0xbf, 0xd0,
    0xef, 0x90, 0x0, 0x7f, 0xf0, 0xef, 0x90, 0x1,
    0xcf, 0xe0, 0xef, 0xff, 0xff, 0xff, 0x70, 0xef,
    0xff, 0xfe, 0xc5, 0x0,

    /* U+0413 "Г" */
    0xef, 0xff, 0xff, 0xff, 0xef, 0xff, 0xff, 0xff,
    0xef, 0x90, 0x0, 0x0, 0xef, 0x90, 0x0, 0x0,
    0xef, 0x90, 0x0, 0x0, 0xef, 0x90, 0x0, 0x0,
    0xef, 0x90, 0x0, 0x0, 0xef, 0x90, 0x0, 0x0,
    0xef, 0x90, 0x0, 0x0, 0xef, 0x90, 0x0, 0x0,
    0xef, 0x90, 0x0, 0x0, 0xef, 0x90, 0x0, 0x0,

    /* U+0414 "Д" */
    0x0, 0xe, 0xff, 0xff, 0xff, 0xf1, 0x0, 0x0,
    0xff, 0xff, 0xff, 0xff, 0x10, 0x0, 0xf, 0xf7,
    0x0, 0x6f, 0xf1, 0x0, 0x1, 0xff, 0x60, 0x6,
    0xff, 0x10, 0x0, 0x2f, 0xf5, 0x0, 0x6f, 0xf1,
    0x0, 0x3, 0xff, 0x40, 0x6, 0xff, 0x10, 0x0,
    0x5f, 0xf2, 0x0, 0x6f, 0xf1, 0x0, 0x8, 0xff,
    0x0, 0x6, 0xff, 0x10, 0x0, 0xdf, 0xa0, 0x0,
    0x6f, 0xf1, 0x0, 0x6f, 0xf3, 0x0, 0x6, 0xff,
    0x10, 0xcf, 0xff, 0xff, 0xff, 0xff, 0xff, 0x7c,
    0xff, 0xff, 0xff, 0xff, 0xff, 0xf6, 0xbf, 0xb0,
    0x0, 0x0, 0x0, 0xff, 0x6b, 0xfb, 0x0, 0x0,
    0x0, 0xf, 0xf5, 0x9e, 0xa0, 0x0, 0x0, 0x0,
    0xee, 0x40,

    /* U+0415 "Е" */
    0xef, 0xff, 0xff, 0xff, 0x2e, 0xff, 0xff, 0xff,
    0xf2, 0xef, 0x90, 0x0, 0x0, 0xe, 0xf9, 0x0,
    0x0, 0x0, 0xef, 0x90, 0x0, 0x0, 0xe, 0xff,
    0xff, 0xff, 0x50, 0xef, 0xfe, 0xee, 0xe5, 0xe,
    0xf9, 0x0, 0x0, 0x0, 0xef, 0x90, 0x0, 0x0,
    0xe, 0xf9, 0x0, 0x0, 0x0, 0xef, 0xff, 0xff,
    0xff, 0x2e, 0xff, 0xff, 0xff, 0xf3,

    /* U+0416 "Ж" */
    0x5f, 0xfb, 0x0, 0xa, 0xfd, 0x0, 0x9, 0xff,
    0x70, 0xbf, 0xf3, 0x0, 0xaf, 0xd0, 0x2, 0xff,
    0xd0, 0x2, 0xff, 0xc0, 0xa, 0xfd, 0x0, 0xaf,
    0xf3, 0x0, 0x7, 0xff, 0x40, 0xaf, 0xd0, 0x2f,
    0xf9, 0x0, 0x0, 0xd, 0xfd, 0xa, 0xfd, 0xb,
    0xfe, 0x10, 0x0, 0x0, 0x4f, 0xff, 0xff, 0xff,
    0xff, 0x60, 0x0, 0x0, 0x9, 0xff, 0xff, 0xff,
    0xff, 0xfb, 0x0, 0x0, 0x2, 0xff, 0xc4, 0xbf,
    0xe4, 0xaf, 0xf4, 0x0, 0x0, 0xcf, 0xf3, 0xa,
    0xfd, 0x1, 0xff, 0xd0, 0x0, 0x5f, 0xfa, 0x0,
    0xaf, 0xd0, 0x8, 0xff, 0x70, 0xe, 0xff, 0x10,
    0xa, 0xfd, 0x0, 0xe, 0xff, 0x18, 0xff, 0x80,
    0x0, 0xaf, 0xd0, 0x0, 0x6f, 0xfa,

    /* U+0417 "З" */
    0x0, 0x5c, 0xff, 0xd8, 0x10, 0x8, 0xff, 0xff,
    0xff, 0xd0, 0x1f, 0xfa, 0x10, 0x7f, 0xf6, 0x15,
    0x51, 0x0, 0xf, 0xf7, 0x0, 0x0, 0x0, 0x6f,
    0xf3, 0x0, 0x4, 0xff, 0xff, 0x50, 0x0, 0x4,
    0xef, 0xff, 0xa0, 0x0, 0x0, 0x0, 0x4f, 0xf7,
    0x26, 0x60, 0x0, 0xd, 0xfb, 0x4f, 0xf8, 0x0,
    0x5f, 0xf9, 0xb, 0xff, 0xff, 0xff, 0xe2, 0x0,
    0x7c, 0xff, 0xd8, 0x10,

    /* U+0418 "И" */
    0xff, 0x70, 0x0, 0x1e, 0xfd, 0xff, 0x70, 0x0,
    0x9f, 0xfd, 0xff, 0x70, 0x3, 0xff, 0xfd, 0xff,
    0x70, 0xc, 0xff, 0xfd, 0xff, 0x70, 0x6f, 0xfc,
    0xfd, 0xff, 0x71, 0xef, 0x6a, 0xfd, 0xff, 0x79,
    0xfd, 0xa, 0xfd, 0xff, 0xbf, 0xf3, 0xa, 0xfd,
    0xff, 0xff, 0x90, 0xa, 0xfd, 0xff, 0xfe, 0x10,
    0xa, 0xfd, 0xff, 0xf6, 0x0, 0xa, 0xfd, 0xff,
    0xc0, 0x0, 0xa, 0xfd,

    /* U+0419 "Й" */
    0x0, 0x21, 0x0, 0x21, 0x0, 0x0, 0xce, 0x24,
    0xfa, 0x0, 0x0, 0x3e, 0xff, 0xd2, 0x0, 0x0,
    0x0, 0x33, 0x0, 0x0, 0xff, 0x70, 0x0, 0x1e,
    0xfd, 0xff, 0x70, 0x0, 0x9f, 0xfd, 0xff, 0x70,
    0x3, 0xff, 0xfd, 0xff, 0x70, 0xc, 0xff, 0xfd,
    0xff, 0x70, 0x6f, 0xfc, 0xfd, 0xff, 0x71, 0xef,
    0x6a, 0xfd, 0xff, 0x79, 0xfd, 0xa, 0xfd, 0xff,
    0xbf, 0xf3, 0xa, 0xfd, 0xff, 0xff, 0x90, 0xa,
    0xfd, 0xff, 0xfe, 0x10, 0xa, 0xfd, 0xff, 0xf6,
    0x0, 0xa, 0xfd, 0xff, 0xc0, 0x0, 0xa, 0xfd,

    /* U+041A "К" */
    0xef, 0x90, 0x0, 0xaf, 0xf6, 0xe, 0xf9, 0x0,
    0x3f, 0xfc, 0x0, 0xef, 0x90, 0xc, 0xff, 0x20,
    0xe, 0xf9, 0x6, 0xff, 0x70, 0x0, 0xef, 0x91,
    0xef, 0xd0, 0x0, 0xe, 0xff, 0xff, 0xf3, 0x0,
    0x0, 0xef, 0xff, 0xff, 0x60, 0x0, 0xe, 0xfb,
    0x4d, 0xff, 0x20, 0x0, 0xef, 0x90, 0x3f, 0xfb,
    0x0, 0xe, 0xf9, 0x0, 0x8f, 0xf6, 0x0, 0xef,
    0x90, 0x0, 0xdf, 0xf2, 0xe, 0xf9, 0x0, 0x3,
    0xff, 0xc0,

    /* U+041B "Л" */
    0x0, 0x3f, 0xff, 0xff, 0xff, 0xe0, 0x4, 0xff,
    0xff, 0xff, 0xfe, 0x0, 0x4f, 0xf2, 0x0, 0x9f,
    0xe0, 0x5, 0xff, 0x10, 0x9, 0xfe, 0x0, 0x5f,
    0xf1, 0x0, 0x9f, 0xe0, 0x6, 0xff, 0x0, 0x9,
    0xfe, 0x0, 0x7f, 0xf0, 0x0, 0x9f, 0xe0, 0x9,
    0xfd, 0x0, 0x9, 0xfe, 0x0, 0xcf, 0xb0, 0x0,
    0x9f, 0xe0, 0x6f, 0xf7, 0x0, 0x9, 0xfe, 0xaf,
    0xfe, 0x10, 0x0, 0x9f, 0xea, 0xfb, 0x30, 0x0,
    0x9, 0xfe,

    /* U+041C "М" */
    0xef, 0xf8, 0x0, 0x0, 0xa, 0xff, 0xce, 0xff,
    0xd0, 0x0, 0x0, 0xff, 0xfc, 0xef, 0xff, 0x30,
    0x0, 0x5f, 0xff, 0xce, 0xfd, 0xf9, 0x0, 0xb,
    0xfd, 0xfc, 0xef, 0x8f, 0xe0, 0x1, 0xff, 0x9f,
    0xce, 0xf6, 0xcf, 0x40, 0x6f, 0xa9, 0xfc, 0xef,
    0x76, 0xfa, 0xc, 0xf4, 0x9f, 0xce, 0xf8, 0x1f,
    0xf2, 0xfe, 0xa, 0xfc, 0xef, 0x80, 0xbf, 0xdf,
    0x80, 0xbf, 0xce, 0xf9, 0x5, 0xff, 0xf3, 0xb,
    0xfc, 0xef, 0x90, 0xf, 0xfd, 0x0, 0xbf, 0xce,
    0xf9, 0x0, 0x9f, 0x70, 0xb, 0xfc,

    /* U+041D "Н" */
    0xef, 0x90, 0x0, 0x9, 0xfe, 0xef, 0x90, 0x0,
    0x9, 0xfe, 0xef, 0x90, 0x0, 0x9, 0xfe, 0xef,
    0x90, 0x0, 0x9, 0xfe, 0xef, 0x90, 0x0, 0x9,
    0xfe, 0xef, 0xff, 0xff, 0xff, 0xfe, 0xef, 0xff,
    0xff, 0xff, 0xfe, 0xef, 0x90, 0x0, 0x9, 0xfe,
    0xef, 0x90, 0x0, 0x9, 0xfe, 0xef, 0x90, 0x0,
    0x9, 0xfe, 0xef, 0x90, 0x0, 0x9, 0xfe, 0xef,
    0x90, 0x0, 0x9, 0xfe,

    /* U+041E "О" */
    0x0, 0x6, 0xcf, 0xeb, 0x40, 0x0, 0xb, 0xff,
    0xff, 0xff, 0x70, 0x7, 0xff, 0x71, 0x2b, 0xff,
    0x30, 0xef, 0xa0, 0x0, 0xe, 0xf9, 0x2f, 0xf5,
    0x0, 0x0, 0xaf, 0xd4, 0xff, 0x40, 0x0, 0x8,
    0xff, 0x4f, 0xf4, 0x0, 0x0, 0x8f, 0xf2, 0xff,
    0x50, 0x0, 0xa, 0xfe, 0xe, 0xfa, 0x0, 0x0,
    0xef, 0xa0, 0x7f, 0xf7, 0x12, 0xaf, 0xf3, 0x0,
    0xbf, 0xff, 0xff, 0xf7, 0x0, 0x0, 0x6c, 0xfe,
    0xb4, 0x0,

    /* U+041F "П" */
    0xef, 0xff, 0xff, 0xff, 0xfe, 0xef, 0xff, 0xff,
    0xff, 0xfe, 0xef, 0x90, 0x0, 0x9, 0xfe, 0xef,
    0x90, 0x0, 0x9, 0xfe, 0xef, 0x90, 0x0, 0x9,
    0xfe, 0xef, 0x90, 0x0, 0x9, 0xfe, 0xef, 0x90,
    0x0, 0x9, 0xfe, 0xef, 0x90, 0x0, 0x9, 0xfe,
    0xef, 0x90, 0x0, 0x9, 0xfe, 0xef, 0x90, 0x0,
    0x9, 0xfe, 0xef, 0x90, 0x0, 0x9, 0xfe, 0xef,
    0x90, 0x0, 0x9, 0xfe,

    /* U+0420 "Р" */
    0xef, 0xff, 0xfe, 0xb4, 0x0, 0xef, 0xff, 0xff,
    0xff, 0x60, 0xef, 0x90, 0x2, 0xcf, 0xf0, 0xef,
    0x90, 0x0, 0x4f, 0xf4, 0xef, 0x90, 0x0, 0x4f,
    0xf4, 0xef, 0x90, 0x1, 0xbf, 0xf1, 0xef, 0xff,
    0xff, 0xff, 0x70, 0xef, 0xff, 0xfe, 0xb5, 0x0,
    0xef, 0x90, 0x0, 0x0, 0x0, 0xef, 0x90, 0x0,
    0x0, 0x0, 0xef, 0x90, 0x0, 0x0, 0x0, 0xef,
    0x90, 0x0, 0x0, 0x0,

    /* U+0421 "С" */
    0x0, 0x7, 0xdf, 0xfb, 0x40, 0x0, 0xc, 0xff,
    0xff, 0xff, 0x70, 0x8, 0xff, 0x61, 0x2a, 0xff,
    0x20, 0xef, 0x90, 0x0, 0xf, 0xf7, 0x2f, 0xf5,
    0x0, 0x0, 0x22, 0x14, 0xff, 0x30, 0x0, 0x0,
    0x0, 0x4f, 0xf4, 0x0, 0x0, 0x0, 0x3, 0xff,
    0x50, 0x0, 0x0, 0x10, 0xf, 0xf9, 0x0, 0x0,
    0xff, 0x70, 0x9f, 0xf5, 0x1, 0xaf, 0xf2, 0x1,
    0xdf, 0xff, 0xff, 0xf8, 0x0, 0x1, 0x8d, 0xff,
    0xb5, 0x0,

    /* U+0422 "Т" */
    0xaf, 0xff, 0xff, 0xff, 0xff, 0x2a, 0xff, 0xff,
    0xff, 0xff, 0xf2, 0x0, 0x0, 0xff, 0x70, 0x0,
    0x0, 0x0, 0xf, 0xf7, 0x0, 0x0, 0x0, 0x0,
    0xff, 0x70, 0x0, 0x0, 0x0, 0xf, 0xf7, 0x0,
    0x0, 0x0, 0x0, 0xff, 0x70, 0x0, 0x0, 0x0,
    0xf, 0xf7, 0x0, 0x0, 0x0, 0x0, 0xff, 0x70,
    0x0, 0x0, 0x0, 0xf, 0xf7, 0x0, 0x0, 0x0,
    0x0, 0xff, 0x70, 0x0, 0x0, 0x0, 0xf, 0xf7,
    0x0, 0x0,

    /* U+0423 "У" */
    0x8f, 0xf2, 0x0, 0x6, 0xff, 0x40, 0xef, 0xa0,
    0x0, 0xcf, 0xd0, 0x7, 0xff, 0x20, 0x2f, 0xf6,
    0x0, 0xe, 0xf9, 0x8, 0xff, 0x0, 0x0, 0x7f,
    0xf2, 0xef, 0x80, 0x0, 0x0, 0xef, 0xdf, 0xf2,
    0x0, 0x0, 0x7, 0xff, 0xfb, 0x0, 0x0, 0x0,
    0xe, 0xff, 0x40, 0x0, 0x0, 0x0, 0x9f, 0xd0,
    0x0, 0x0, 0x0, 0x2e, 0xf6, 0x0, 0x0, 0x0,
    0xcf, 0xfd, 0x0, 0x0, 0x0, 0xd, 0xfa, 0x10,
    0x0, 0x0,

    /* U+0424 "Ф" */
    0x0, 0x0, 0x3, 0xee, 0x20, 0x0, 0x0, 0x0,
    0x0, 0x3, 0xff, 0x30, 0x0, 0x0, 0x0, 0x2a,
    0xef, 0xff, 0xfe, 0x91, 0x0, 0x3, 0xff, 0xff,
    0xff, 0xff, 0xff, 0x30, 0xe, 0xfd, 0x33, 0xff,
    0x33, 0xdf, 0xd0, 0x3f, 0xf3, 0x3, 0xff, 0x20,
    0x4f, 0xf2, 0x5f, 0xf0, 0x3, 0xff, 0x20, 0x1f,
    0xf4, 0x4f, 0xf2, 0x3, 0xff, 0x20, 0x3f, 0xf3,
    0xe, 0xfd, 0x33, 0xff, 0x33, 0xdf, 0xd0, 0x4,
    0xff, 0xff, 0xff, 0xff, 0xff, 0x30, 0x0, 0x2a,
    0xef, 0xff, 0xfe, 0x92, 0x0, 0x0, 0x0, 0x3,
    0xff, 0x20, 0x0, 0x0, 0x0, 0x0, 0x3, 0xff,
    0x20, 0x0, 0x0,

    /* U+0425 "Х" */
    0x6f, 0xf6, 0x0, 0x9, 0xff, 0x30, 0xdf, 0xe0,
    0x2, 0xff, 0xa0, 0x3, 0xff, 0x80, 0xbf, 0xf1,
    0x0, 0xa, 0xff, 0x5f, 0xf7, 0x0, 0x0, 0x1f,
    0xff, 0xfd, 0x0, 0x0, 0x0, 0x7f, 0xff, 0x40,
    0x0, 0x0, 0x8, 0xff, 0xf5, 0x0, 0x0, 0x2,
    0xff, 0xff, 0xe0, 0x0, 0x0, 0xbf, 0xf4, 0xff,
    0x80, 0x0, 0x5f, 0xf7, 0xa, 0xff, 0x20, 0xe,
    0xfe, 0x0, 0x2f, 0xfb, 0x8, 0xff, 0x50, 0x0,
    0x8f, 0xf5,

    /* U+0426 "Ц" */
    0xf, 0xf7, 0x0, 0x0, 0xbf, 0xc0, 0x0, 0xff,
    0x70, 0x0, 0xb, 0xfc, 0x0, 0xf, 0xf7, 0x0,
    0x0, 0xbf, 0xc0, 0x0, 0xff, 0x70, 0x0, 0xb,
    0xfc, 0x0, 0xf, 0xf7, 0x0, 0x0, 0xbf, 0xc0,
    0x0, 0xff, 0x70, 0x0, 0xb, 0xfc, 0x0, 0xf,
    0xf7, 0x0, 0x0, 0xbf, 0xc0, 0x0, 0xff, 0x70,
    0x0, 0xb, 0xfc, 0x0, 0xf, 0xf7, 0x0, 0x0,
    0xbf, 0xc0, 0x0, 0xff, 0x70, 0x0, 0xb, 0xfc,
    0x0, 0xf, 0xff, 0xff, 0xff, 0xff, 0xff, 0x60,
    0xff, 0xff, 0xff, 0xff, 0xff, 0xf6, 0x0, 0x0,
    0x0, 0x0, 0x0, 0xff, 0x50, 0x0, 0x0, 0x0,
    0x0, 0xf, 0xf5, 0x0, 0x0, 0x0, 0x0, 0x0,
    0xee, 0x40,

    /* U+0427 "Ч" */
    0xdf, 0xa0, 0x0, 0xc, 0xfb, 0xdf, 0xa0, 0x0,
    0xc, 0xfb, 0xdf, 0xa0, 0x0, 0xc, 0xfb, 0xdf,
    0xa0, 0x0, 0xc, 0xfb, 0xcf, 0xb0, 0x0, 0xc,
    0xfb, 0x9f, 0xf4, 0x1, 0x2d, 0xfb, 0x1e, 0xff,
    0xff, 0xff, 0xfb, 0x1, 0x9d, 0xfe, 0xcf, 0xfb,
    0x0, 0x0, 0x0, 0xc, 0xfb, 0x0, 0x0, 0x0,
    0xc, 0xfb, 0x0, 0x0, 0x0, 0xc, 0xfb, 0x0,
    0x0, 0x0, 0xc, 0xfb,

    /* U+0428 "Ш" */
    0xff, 0x90, 0x1, 0xff, 0x60, 0x4, 0xff, 0x3f,
    0xf9, 0x0, 0x1f, 0xf6, 0x0, 0x4f, 0xf3, 0xff,
    0x90, 0x1, 0xff, 0x60, 0x4, 0xff, 0x3f, 0xf9,
    0x0, 0x1f, 0xf6, 0x0, 0x4f, 0xf3, 0xff, 0x90,
    0x1, 0xff, 0x60, 0x4, 0xff, 0x3f, 0xf9, 0x0,
    0x1f, 0xf6, 0x0, 0x4f, 0xf3, 0xff, 0x90, 0x1,
    0xff, 0x60, 0x4, 0xff, 0x3f, 0xf9, 0x0, 0x1f,
    0xf6, 0x0, 0x4f, 0xf3, 0xff, 0x90, 0x1, 0xff,
    0x60, 0x4, 0xff, 0x3f, 0xf9, 0x0, 0x1f, 0xf6,
    0x0, 0x4f, 0xf3, 0xff, 0xff, 0xff, 0xff, 0xff,
    0xff, 0xff, 0x3f, 0xff, 0xff, 0xff, 0xff, 0xff,
    0xff, 0xf3,

    /* U+0429 "Щ" */
    0xff, 0x90, 0x1, 0xff, 0x60, 0x4, 0xff, 0x30,
    0xff, 0x90, 0x1, 0xff, 0x60, 0x4, 0xff, 0x30,
    0xff, 0x90, 0x1, 0xff, 0x60, 0x4, 0xff, 0x30,
    0xff, 0x90, 0x1, 0xff, 0x60, 0x4, 0xff, 0x30,
    0xff, 0x90, 0x1, 0xff, 0x60, 0x4, 0xff, 0x30,
    0xff, 0x90, 0x1, 0xff, 0x60, 0x4, 0xff, 0x30,
    0xff, 0x90, 0x1, 0xff, 0x60, 0x4, 0xff, 0x30,
    0xff, 0x90, 0x1, 0xff, 0x60, 0x4, 0xff, 0x30,
    0xff, 0x90, 0x1, 0xff, 0x60, 0x4, 0xff, 0x30,
    0xff, 0x90, 0x1, 0xff, 0x60, 0x4, 0xff, 0x30,
    0xff, 0xff, 0xff, 0xff, 0xff, 0xff, 0xff, 0xfc,
    0xff, 0xff, 0xff, 0xff, 0xff, 0xff, 0xff, 0xfc,
    0x0, 0x0, 0x0, 0x0, 0x0, 0x0, 0x9, 0xfb,
    0x0, 0x0, 0x0, 0x0, 0x0, 0x0, 0x9, 0xfb,
    0x0, 0x0, 0x0, 0x0, 0x0, 0x0, 0x7, 0xd9,

    /* U+042A "Ъ" */
    0xcf, 0xff, 0xff, 0x0, 0x0, 0x0, 0xb, 0xee,
    0xff, 0xf0, 0x0, 0x0, 0x0, 0x0, 0x7, 0xff,
    0x0, 0x0, 0x0, 0x0, 0x0, 0x7f, 0xf0, 0x0,
    0x0, 0x0, 0x0, 0x7, 0xff, 0xff, 0xfc, 0x60,
    0x0, 0x0, 0x7f, 0xff, 0xff, 0xff, 0xb0, 0x0,
    0x7, 0xff, 0x0, 0x19, 0xff, 0x40, 0x0, 0x7f,
    0xf0, 0x0, 0xf, 0xf8, 0x0, 0x7, 0xff, 0x0,
    0x0, 0xff, 0x80, 0x0, 0x7f, 0xf0, 0x0, 0x9f,
    0xf4, 0x0, 0x7, 0xff, 0xff, 0xff, 0xfb, 0x0,
    0x0, 0x7f, 0xff, 0xff, 0xd7, 0x0,

    /* U+042B "Ы" */
    0xef, 0x90, 0x0, 0x0, 0x0, 0xcf, 0xbe, 0xf9,
    0x0, 0x0, 0x0, 0xc, 0xfb, 0xef, 0x90, 0x0,
    0x0, 0x0, 0xcf, 0xbe, 0xf9, 0x0, 0x0, 0x0,
    0xc, 0xfb, 0xef, 0xff, 0xfe, 0xa3, 0x0, 0xcf,
    0xbe, 0xff, 0xff, 0xff, 0xf5, 0xc, 0xfb, 0xef,
    0x90, 0x3, 0xdf, 0xe0, 0xcf, 0xbe, 0xf9, 0x0,
    0x6, 0xff, 0x2c, 0xfb, 0xef, 0x90, 0x0, 0x6f,
    0xf2, 0xcf, 0xbe, 0xf9, 0x0, 0x2d, 0xfe, 0xc,
    0xfb, 0xef, 0xff, 0xff, 0xff, 0x40, 0xcf, 0xbe,
    0xff, 0xff, 0xeb, 0x30, 0xc, 0xfb,

    /* U+042C "Ь" */
    0xff, 0x90, 0x0, 0x0, 0x0, 0xff, 0x90, 0x0,
    0x0, 0x0, 0xff, 0x90, 0x0, 0x0, 0x0, 0xff,
    0x90, 0x0, 0x0, 0x0, 0xff, 0xff, 0xfe, 0xa3,
    0x0, 0xff, 0xff, 0xff, 0xff, 0x40, 0xff, 0x90,
    0x3, 0xef, 0xd0, 0xff, 0x90, 0x0, 0x7f, 0xf1,
    0xff, 0x90, 0x0, 0x7f, 0xf1, 0xff, 0x90, 0x3,
    0xef, 0xd0, 0xff, 0xff, 0xff, 0xff, 0x40, 0xff,
    0xff, 0xfe, 0xa3, 0x0,

    /* U+042D "Э" */
    0x0, 0x4b, 0xef, 0xd8, 0x0, 0x0, 0x6f, 0xff,
    0xff, 0xfd, 0x10, 0x1f, 0xfb, 0x10, 0x4e, 0xfa,
    0x5, 0xff, 0x20, 0x0, 0x7f, 0xf1, 0x1, 0x10,
    0x0, 0x3, 0xff, 0x40, 0x0, 0xf, 0xff, 0xff,
    0xf5, 0x0, 0x0, 0xef, 0xff, 0xff, 0x50, 0x0,
    0x0, 0x0, 0x3f, 0xf4, 0x6f, 0xf2, 0x0, 0x7,
    0xff, 0x11, 0xff, 0xb1, 0x3, 0xef, 0xa0, 0x6,
    0xff, 0xff, 0xff, 0xe1, 0x0, 0x4, 0xbe, 0xfe,
    0x91, 0x0,

    /* U+042E "Ю" */
    0xdf, 0xa0, 0x0, 0x4b, 0xef, 0xc6, 0x0, 0xd,
    0xfa, 0x0, 0x8f, 0xff, 0xff, 0xfb, 0x0, 0xdf,
    0xa0, 0x4f, 0xf9, 0x0, 0x5f, 0xf7, 0xd, 0xfa,
    0xa, 0xfe, 0x0, 0x0, 0x9f, 0xe0, 0xdf, 0xa0,
    0xef, 0xa0, 0x0, 0x5, 0xff, 0x2d, 0xff, 0xef,
    0xf8, 0x0, 0x0, 0x3f, 0xf4, 0xdf, 0xff, 0xff,
    0x90, 0x0, 0x4, 0xff, 0x4d, 0xfa, 0xd, 0xfa,
    0x0, 0x0, 0x5f, 0xf2, 0xdf, 0xa0, 0x9f, 0xf0,
    0x0, 0xa, 0xfe, 0xd, 0xfa, 0x2, 0xff, 0xb2,
    0x17, 0xff, 0x80, 0xdf, 0xa0, 0x6, 0xff, 0xff,
    0xff, 0xb0, 0xd, 0xfa, 0x0, 0x4, 0xbe, 0xfd,
    0x70, 0x0,

    /* U+042F "Я" */
    0x0, 0x7, 0xcf, 0xff, 0xff, 0x20, 0xc, 0xff,
    0xff, 0xff, 0xf2, 0x4, 0xff, 0x80, 0x5, 0xff,
    0x20, 0x7f, 0xf0, 0x0, 0x5f, 0xf2, 0x6, 0xff,
    0x0, 0x5, 0xff, 0x20, 0x2f, 0xf8, 0x10, 0x5f,
    0xf2, 0x0, 0x6f, 0xff, 0xff, 0xff, 0x20, 0x0,
    0xdf, 0xed, 0xef, 0xf2, 0x0, 0x6f, 0xf4, 0x5,
    0xff, 0x20, 0xe, 0xfc, 0x0, 0x5f, 0xf2, 0x7,
    0xff, 0x30, 0x5, 0xff, 0x20, 0xef, 0xb0, 0x0,
    0x5f, 0xf2,

    /* U+0430 "а" */
    0x0, 0x8d, 0xfd, 0x80, 0x0, 0xbf, 0xfc, 0xff,
    0xb0, 0x2f, 0xf4, 0x6, 0xff, 0x10, 0x0, 0x1,
    0x4f, 0xf2, 0x4, 0xcf, 0xff, 0xff, 0x32, 0xff,
    0x95, 0x7f, 0xf3, 0x6f, 0xf1, 0x6, 0xff, 0x32,
    0xff, 0xfd, 0xff, 0xf3, 0x4, 0xcf, 0xd5, 0xff,
    0x60,

    /* U+0431 "б" */
    0x0, 0x0, 0x2, 0xcf, 0x40, 0x0, 0x6, 0xdf,
    0xfd, 0x0, 0x0, 0xbf, 0xfb, 0x60, 0x0, 0x6,
    0xf9, 0x0, 0x0, 0x0, 0xd, 0xe6, 0xce, 0xc4,
    0x0, 0x1f, 0xff, 0xff, 0xff, 0x40, 0x3f, 0xfb,
    0x12, 0xdf, 0xd0, 0x4f, 0xf3, 0x0, 0x5f, 0xf1,
    0x4f, 0xf1, 0x0, 0x4f, 0xf2, 0x2f, 0xf3, 0x0,
    0x5f, 0xf1, 0xe, 0xfa, 0x0, 0xcf, 0xc0, 0x5,
    0xff, 0xff, 0xff, 0x40, 0x0, 0x4c, 0xff, 0xb3,
    0x0,

    /* U+0432 "в" */
    0xef, 0xff, 0xec, 0x50, 0xe, 0xff, 0xef, 0xff,
    0x40, 0xef, 0x70, 0xe, 0xf9, 0xe, 0xf7, 0x1,
    0xef, 0x60, 0xef, 0xff, 0xff, 0x90, 0xe, 0xfc,
    0x99, 0xef, 0x80, 0xef, 0x70, 0x6, 0xff, 0xe,
    0xff, 0xee, 0xff, 0xd0, 0xef, 0xff, 0xfe, 0xa2,
    0x0,

    /* U+0433 "г" */
    0x1f, 0xff, 0xff, 0xf0, 0x1f, 0xfe, 0xee, 0xe0,
    0x1f, 0xf5, 0x0, 0x0, 0x1f, 0xf5, 0x0, 0x0,
    0x1f, 0xf5, 0x0, 0x0, 0x1f, 0xf5, 0x0, 0x0,
    0x1f, 0xf5, 0x0, 0x0, 0x1f, 0xf5, 0x0, 0x0,
    0x1f, 0xf5, 0x0, 0x0,

    /* U+0434 "д" */
    0x0, 0x7f, 0xff, 0xff, 0xf2, 0x0, 0x7, 0xff,
    0xff, 0xff, 0x20, 0x0, 0x8f, 0xe0, 0x4f, 0xf2,
    0x0, 0x9, 0xfd, 0x4, 0xff, 0x20, 0x0, 0xaf,
    0xb0, 0x4f, 0xf2, 0x0, 0xe, 0xf7, 0x4, 0xff,
    0x20, 0x7, 0xff, 0x10, 0x4f, 0xf2, 0xa, 0xff,
    0xfe, 0xee, 0xff, 0xe6, 0xbf, 0xff, 0xff, 0xff,
    0xff, 0x7b, 0xfb, 0x0, 0x0, 0xf, 0xf7, 0xbf,
    0xb0, 0x0, 0x0, 0xff, 0x77, 0xa7, 0x0, 0x0,
    0xa, 0xa4,

    /* U+0435 "е" */
    0x0, 0x5c, 0xfe, 0xa2, 0x0, 0x6f, 0xff, 0xff,
    0xe1, 0xf, 0xf8, 0x1, 0xdf, 0x84, 0xff, 0xa9,
    0x9d, 0xfb, 0x6f, 0xff, 0xff, 0xff, 0xb5, 0xff,
    0x20, 0x0, 0x0, 0x1f, 0xfb, 0x10, 0x3a, 0x0,
    0x7f, 0xff, 0xef, 0xf5, 0x0, 0x5c, 0xff, 0xc5,
    0x0,

    /* U+0436 "ж" */
    0x5f, 0xf9, 0x0, 0xef, 0x70, 0x1f, 0xfe, 0x0,
    0xbf, 0xf1, 0xe, 0xf7, 0x8, 0xff, 0x40, 0x2,
    0xff, 0x90, 0xef, 0x71, 0xff, 0xb0, 0x0, 0x8,
    0xff, 0x4f, 0xf9, 0x9f, 0xf2, 0x0, 0x0, 0xf,
    0xff, 0xff, 0xff, 0xf9, 0x0, 0x0, 0x6, 0xff,
    0xff, 0xff, 0xff, 0xe1, 0x0, 0x1, 0xff, 0xb0,
    0xef, 0x72, 0xff, 0xa0, 0x0, 0xbf, 0xf2, 0xe,
    0xf7, 0x8, 0xff, 0x50, 0x5f, 0xf8, 0x0, 0xef,
    0x70, 0xe, 0xfe, 0x10,

    /* U+0437 "з" */
    0x1, 0xae, 0xfd, 0x91, 0x0, 0xdf, 0xfd, 0xff,
    0xb0, 0x2b, 0xb2, 0x7, 0xff, 0x0, 0x0, 0x78,
    0xdf, 0x90, 0x0, 0xe, 0xff, 0xe4, 0x0, 0x0,
    0x0, 0x7f, 0xf0, 0x4c, 0xc1, 0x5, 0xff, 0x21,
    0xff, 0xfc, 0xff, 0xd0, 0x2, 0xae, 0xfd, 0x81,
    0x0,

    /* U+0438 "и" */
    0x1f, 0xf5, 0x0, 0xef, 0xb1, 0xff, 0x50, 0x7f,
    0xfb, 0x1f, 0xf5, 0x1f, 0xff, 0xb1, 0xff, 0x59,
    0xfe, 0xfb, 0x1f, 0xf7, 0xfc, 0xaf, 0xb1, 0xff,
    0xef, 0x3a, 0xfb, 0x1f, 0xff, 0xa0, 0xaf, 0xb1,
    0xff, 0xf2, 0xa, 0xfb, 0x1f, 0xf9, 0x0, 0xaf,
    0xb0,

    /* U+0439 "й" */
    0x0, 0x21, 0x0, 0x21, 0x0, 0xd, 0xe2, 0x4f,
    0x90, 0x0, 0x4e, 0xff, 0xd1, 0x0, 0x0, 0x3,
    0x20, 0x0, 0x1f, 0xf5, 0x0, 0xef, 0xb1, 0xff,
    0x50, 0x7f, 0xfb, 0x1f, 0xf5, 0x1f, 0xff, 0xb1,
    0xff, 0x59, 0xfe, 0xfb, 0x1f, 0xf7, 0xfc, 0xaf,
    0xb1, 0xff, 0xef, 0x3a, 0xfb, 0x1f, 0xff, 0xa0,
    0xaf, 0xb1, 0xff, 0xf2, 0xa, 0xfb, 0x1f, 0xf9,
    0x0, 0xaf, 0xb0,

    /* U+043A "к" */
    0xef, 0x70, 0xe, 0xfe, 0x1e, 0xf7, 0x7, 0xff,
    0x50, 0xef, 0x71, 0xff, 0xb0, 0xe, 0xf9, 0x9f,
    0xf2, 0x0, 0xef, 0xff, 0xf9, 0x0, 0xe, 0xff,
    0xff, 0xe1, 0x0, 0xef, 0x73, 0xff, 0xc0, 0xe,
    0xf7, 0x9, 0xff, 0x70, 0xef, 0x70, 0xd, 0xff,
    0x30,

    /* U+043B "л" */
    0x0, 0xff, 0xff, 0xff, 0xb0, 0x1f, 0xfe, 0xef,
    0xfb, 0x2, 0xff, 0x20, 0xaf, 0xb0, 0x3f, 0xf2,
    0xa, 0xfb, 0x4, 0xff, 0x10, 0xaf, 0xb0, 0x6f,
    0xf0, 0xa, 0xfb, 0xc, 0xfc, 0x0, 0xaf, 0xbc,
    0xff, 0x70, 0xa, 0xfb, 0xcf, 0x90, 0x0, 0xaf,
    0xb0,

    /* U+043C "м" */
    0xef, 0xf4, 0x0, 0x7, 0xff, 0xce, 0xff, 0xa0,
    0x0, 0xdf, 0xfc, 0xef, 0xff, 0x0, 0x3f, 0xff,
    0xce, 0xff, 0xf6, 0x9, 0xff, 0xfc, 0xef, 0xaf,
    0xc0, 0xfe, 0xaf, 0xce, 0xf7, 0xcf, 0x9f, 0x8a,
    0xfc, 0xef, 0x76, 0xff, 0xf2, 0xaf, 0xce, 0xf7,
    0xf, 0xfc, 0xa, 0xfc, 0xef, 0x70, 0x9f, 0x60,
    0xaf, 0xc0,

    /* U+043D "н" */
    0x1f, 0xf5, 0x0, 0xbf, 0xb1, 0xff, 0x50, 0xb,
    0xfb, 0x1f, 0xf5, 0x0, 0xbf, 0xb1, 0xff, 0x50,
    0xb, 0xfb, 0x1f, 0xff, 0xff, 0xff, 0xb1, 0xff,
    0xee, 0xef, 0xfb, 0x1f, 0xf5, 0x0, 0xbf, 0xb1,
    0xff, 0x50, 0xb, 0xfb, 0x1f, 0xf5, 0x0, 0xbf,
    0xb0,

    /* U+043E "о" */
    0x0, 0x5c, 0xfe, 0xa2, 0x0, 0x7, 0xff, 0xff,
    0xff, 0x20, 0x1f, 0xf9, 0x1, 0xef, 0xa0, 0x5f,
    0xf1, 0x0, 0x7f, 0xf0, 0x6f, 0xf0, 0x0, 0x5f,
    0xf0, 0x5f, 0xf1, 0x0, 0x7f, 0xf0, 0x1f, 0xf8,
    0x1, 0xdf, 0xb0, 0x8, 0xff, 0xff, 0xff, 0x20,
    0x0, 0x6d, 0xfe, 0xb2, 0x0,

    /* U+043F "п" */
    0x1f, 0xff, 0xff, 0xff, 0xb1, 0xff, 0xee, 0xef,
    0xfb, 0x1f, 0xf5, 0x0, 0xaf, 0xb1, 0xff, 0x50,
    0xa, 0xfb, 0x1f, 0xf5, 0x0, 0xaf, 0xb1, 0xff,
    0x50, 0xa, 0xfb, 0x1f, 0xf5, 0x0, 0xaf, 0xb1,
    0xff, 0x50, 0xa, 0xfb, 0x1f, 0xf5, 0x0, 0xaf,
    0xb0,

    /* U+0440 "р" */
    0x1f, 0xf7, 0xdf, 0xd5, 0x1, 0xff, 0xfd, 0xef,
    0xf3, 0x1f, 0xf7, 0x0, 0xdf, 0xb1, 0xff, 0x50,
    0x7, 0xfe, 0x1f, 0xf5, 0x0, 0x6f, 0xf1, 0xff,
    0x50, 0x8, 0xfe, 0x1f, 0xf9, 0x1, 0xef, 0xa1,
    0xff, 0xff, 0xff, 0xf3, 0x1f, 0xf8, 0xcf, 0xd5,
    0x1, 0xff, 0x50, 0x0, 0x0, 0x1f, 0xf5, 0x0,
    0x0, 0x1, 0xff, 0x50, 0x0, 0x0,

    /* U+0441 "с" */
    0x0, 0x7d, 0xfd, 0x91, 0x0, 0x9f, 0xff, 0xff,
    0xd0, 0x2f, 0xf7, 0x3, 0xff, 0x46, 0xff, 0x0,
    0x5, 0x62, 0x7f, 0xf0, 0x0, 0x0, 0x5, 0xff,
    0x0, 0x2, 0x31, 0x2f, 0xf7, 0x2, 0xff, 0x40,
    0x9f, 0xff, 0xff, 0xc0, 0x0, 0x7d, 0xfe, 0x91,
    0x0,

    /* U+0442 "т" */
    0xcf, 0xff, 0xff, 0xff, 0x6a, 0xee, 0xff, 0xfe,
    0xe5, 0x0, 0xe, 0xf8, 0x0, 0x0, 0x0, 0xef,
    0x80, 0x0, 0x0, 0xe, 0xf8, 0x0, 0x0, 0x0,
    0xef, 0x80, 0x0, 0x0, 0xe, 0xf8, 0x0, 0x0,
    0x0, 0xef, 0x80, 0x0, 0x0, 0xe, 0xf8, 0x0,
    0x0,

    /* U+0443 "у" */
    0xcf, 0xc0, 0x3, 0xff, 0x56, 0xff, 0x10, 0x8f,
    0xe0, 0x1f, 0xf5, 0xd, 0xf9, 0x0, 0xaf, 0xa1,
    0xff, 0x30, 0x4, 0xff, 0x7f, 0xd0, 0x0, 0xe,
    0xfe, 0xf7, 0x0, 0x0, 0x9f, 0xff, 0x20, 0x0,
    0x3, 0xff, 0xc0, 0x0, 0x0, 0xe, 0xf6, 0x0,
    0x0, 0x6, 0xff, 0x0, 0x0, 0xf, 0xff, 0x90,
    0x0, 0x0, 0xef, 0x90, 0x0, 0x0,

    /* U+0444 "ф" */
    0x0, 0x0, 0xf, 0xf5, 0x0, 0x0, 0x0, 0x0,
    0xf, 0xf6, 0x0, 0x0, 0x0, 0x0, 0xf, 0xf6,
    0x0, 0x0, 0x0, 0x0, 0xf, 0xf6, 0x0, 0x0,
    0x1, 0xaf, 0xdf, 0xfe, 0xfd, 0x40, 0xa, 0xff,
    0xff, 0xff, 0xff, 0xf2, 0x2f, 0xf7, 0xf, 0xf6,
    0x2f, 0xf8, 0x5f, 0xf1, 0xf, 0xf6, 0xa, 0xfc,
    0x6f, 0xf0, 0xf, 0xf6, 0x9, 0xfd, 0x5f, 0xf0,
    0xf, 0xf6, 0xa, 0xfc, 0x2f, 0xf6, 0xf, 0xf6,
    0x1e, 0xf9, 0xb, 0xff, 0xef, 0xff, 0xff, 0xf2,
    0x1, 0xaf, 0xef, 0xfe, 0xfd, 0x40, 0x0, 0x0,
    0xf, 0xf6, 0x0, 0x0, 0x0, 0x0, 0xf, 0xf6,
    0x0, 0x0, 0x0, 0x0, 0xf, 0xf6, 0x0, 0x0,

    /* U+0445 "х" */
    0x6f, 0xf2, 0x6, 0xff, 0x20, 0xdf, 0xb1, 0xef,
    0x80, 0x4, 0xff, 0xcf, 0xe0, 0x0, 0xa, 0xff,
    0xf6, 0x0, 0x0, 0x4f, 0xff, 0x0, 0x0, 0xc,
    0xff, 0xf7, 0x0, 0x6, 0xff, 0xaf, 0xf1, 0x0,
    0xef, 0x90, 0xdf, 0xa0, 0x8f, 0xf1, 0x5, 0xff,
    0x30,

    /* U+0446 "ц" */
    0x1f, 0xf5, 0x0, 0xaf, 0xb0, 0x1, 0xff, 0x50,
    0xa, 0xfb, 0x0, 0x1f, 0xf5, 0x0, 0xaf, 0xb0,
    0x1, 0xff, 0x50, 0xa, 0xfb, 0x0, 0x1f, 0xf5,
    0x0, 0xaf, 0xb0, 0x1, 0xff, 0x50, 0xa, 0xfb,
    0x0, 0x1f, 0xf5, 0x0, 0xaf, 0xb0, 0x1, 0xff,
    0xee, 0xef, 0xff, 0xe0, 0x1f, 0xff, 0xff, 0xff,
    0xff, 0x0, 0x0, 0x0, 0x0, 0x5f, 0xf0, 0x0,
    0x0, 0x0, 0x5, 0xff, 0x0, 0x0, 0x0, 0x0,
    0x3a, 0x90,

    /* U+0447 "ч" */
    0x4f, 0xf2, 0x0, 0xef, 0x74, 0xff, 0x20, 0xe,
    0xf7, 0x4f, 0xf2, 0x0, 0xef, 0x72, 0xff, 0x60,
    0xe, 0xf7, 0xc, 0xff, 0xff, 0xff, 0x70, 0x18,
    0xdf, 0xff, 0xf7, 0x0, 0x0, 0x0, 0xef, 0x70,
    0x0, 0x0, 0xe, 0xf7, 0x0, 0x0, 0x0, 0xef,
    0x70,

    /* U+0448 "ш" */
    0x1f, 0xf5, 0x3, 0xff, 0x30, 0x5f, 0xf1, 0x1f,
    0xf5, 0x3, 0xff, 0x30, 0x5f, 0xf1, 0x1f, 0xf5,
    0x3, 0xff, 0x30, 0x5f, 0xf1, 0x1f, 0xf5, 0x3,
    0xff, 0x30, 0x5f, 0xf1, 0x1f, 0xf5, 0x3, 0xff,
    0x30, 0x5f, 0xf1, 0x1f, 0xf5, 0x3, 0xff, 0x30,
    0x5f, 0xf1, 0x1f, 0xf5, 0x3, 0xff, 0x30, 0x5f,
    0xf1, 0x1f, 0xfe, 0xee, 0xff, 0xee, 0xff, 0xf1,
    0x1f, 0xff, 0xff, 0xff, 0xff, 0xff, 0xf1,

    /* U+0449 "щ" */
    0x1f, 0xf4, 0x3, 0xff, 0x20, 0x6f, 0xf0, 0x1,
    0xff, 0x40, 0x3f, 0xf2, 0x6, 0xff, 0x0, 0x1f,
    0xf4, 0x3, 0xff, 0x20, 0x6f, 0xf0, 0x1, 0xff,
    0x40, 0x3f, 0xf2, 0x6, 0xff, 0x0, 0x1f, 0xf4,
    0x3, 0xff, 0x20, 0x6f, 0xf0, 0x1, 0xff, 0x40,
    0x3f, 0xf2, 0x6, 0xff, 0x0, 0x1f, 0xf4, 0x3,
    0xff, 0x20, 0x6f, 0xf0, 0x1, 0xff, 0xee, 0xef,
    0xfe, 0xef, 0xff, 0xeb, 0x1f, 0xff, 0xff, 0xff,
    0xff, 0xff, 0xff, 0xc0, 0x0, 0x0, 0x0, 0x0,
    0x0, 0x9, 0xfb, 0x0, 0x0, 0x0, 0x0, 0x0,
    0x0, 0x9f, 0xb0, 0x0, 0x0, 0x0, 0x0, 0x0,
    0x5, 0xa6,

    /* U+044A "ъ" */
    0xbf, 0xff, 0xf3, 0x0, 0x0, 0xa, 0xee, 0xff,
    0x30, 0x0, 0x0, 0x0, 0x2f, 0xf3, 0x0, 0x0,
    0x0, 0x2, 0xff, 0xff, 0xfc, 0x50, 0x0, 0x2f,
    0xfe, 0xef, 0xff, 0x50, 0x2, 0xff, 0x30, 0xc,
    0xfb, 0x0, 0x2f, 0xf3, 0x0, 0xcf, 0xb0, 0x2,
    0xff, 0xee, 0xff, 0xf5, 0x0, 0x2f, 0xff, 0xfe,
    0xc4, 0x0,

    /* U+044B "ы" */
    0xef, 0x70, 0x0, 0x0, 0x8, 0xfe, 0xef, 0x70,
    0x0, 0x0, 0x8, 0xfe, 0xef, 0x70, 0x0, 0x0,
    0x8, 0xfe, 0xef, 0xff, 0xfd, 0x70, 0x8, 0xfe,
    0xef, 0xfe, 0xef, 0xf9, 0x8, 0xfe, 0xef, 0x70,
    0x8, 0xff, 0x8, 0xfe, 0xef, 0x70, 0x8, 0xff,
    0x8, 0xfe, 0xef, 0xfe, 0xef, 0xf9, 0x8, 0xfe,
    0xef, 0xff, 0xfd, 0x70, 0x8, 0xfe,

    /* U+044C "ь" */
    0xef, 0x70, 0x0, 0x0, 0xe, 0xf7, 0x0, 0x0,
    0x0, 0xef, 0x70, 0x0, 0x0, 0xe, 0xff, 0xff,
    0xd7, 0x0, 0xef, 0xfe, 0xef, 0xf9, 0xe, 0xf7,
    0x0, 0x8f, 0xf0, 0xef, 0x70, 0x8, 0xff, 0xe,
    0xff, 0xee, 0xff, 0x90, 0xef, 0xff, 0xfd, 0x70,
    0x0,

    /* U+044D "э" */
    0x1, 0x9e, 0xfc, 0x50, 0x0, 0xdf, 0xff, 0xff,
    0x60, 0x5f, 0xf1, 0xa, 0xff, 0x1, 0x43, 0x12,
    0x4f, 0xf4, 0x0, 0x8, 0xff, 0xff, 0x52, 0x43,
    0x25, 0x6f, 0xf3, 0x6f, 0xf1, 0x9, 0xff, 0x0,
    0xef, 0xff, 0xff, 0x60, 0x1, 0xae, 0xfc, 0x50,
    0x0,

    /* U+044E "ю" */
    0xef, 0x80, 0x5, 0xce, 0xfb, 0x40, 0xe, 0xf8,
    0x6, 0xff, 0xff, 0xff, 0x40, 0xef, 0x80, 0xff,
    0xb0, 0xb, 0xfd, 0xe, 0xff, 0xef, 0xf4, 0x0,
    0x4f, 0xf2, 0xef, 0xff, 0xff, 0x20, 0x2, 0xff,
    0x3e, 0xf8, 0x1f, 0xf4, 0x0, 0x4f, 0xf2, 0xef,
    0x80, 0xcf, 0xb0, 0xb, 0xfe, 0xe, 0xf8, 0x3,
    0xff, 0xff, 0xff, 0x50, 0xef, 0x80, 0x3, 0xbf,
    0xfc, 0x40, 0x0,

    /* U+044F "я" */
    0x1, 0x9e, 0xff, 0xff, 0x60, 0xdf, 0xfe, 0xef,
    0xf6, 0x4f, 0xf4, 0x0, 0xff, 0x64, 0xff, 0x10,
    0xf, 0xf6, 0xe, 0xfe, 0xaa, 0xff, 0x60, 0x2e,
    0xff, 0xff, 0xf6, 0x3, 0xff, 0x30, 0xff, 0x60,
    0xcf, 0xa0, 0xf, 0xf6, 0x5f, 0xf1, 0x0, 0xff,
    0x60,

    /* U+0450 "ѐ" */
    0x2, 0x88, 0x10, 0x0, 0x0, 0x9, 0xfb, 0x0,
    0x0, 0x0, 0xb, 0xf6, 0x0, 0x0, 0x0, 0x0,
    0x0, 0x0, 0x0, 0x5c, 0xfe, 0xa2, 0x0, 0x6f,
    0xff, 0xff, 0xe1, 0xf, 0xf8, 0x1, 0xdf, 0x84,
    0xff, 0xa9, 0x9d, 0xfb, 0x6f, 0xff, 0xff, 0xff,
    0xb5, 0xff, 0x20, 0x0, 0x0, 0x1f, 0xfb, 0x10,
    0x3a, 0x0, 0x7f, 0xff, 0xef, 0xf5, 0x0, 0x5c,
    0xff, 0xc5, 0x0,

    /* U+0451 "ё" */
    0x6, 0xf6, 0x5, 0xf6, 0x0, 0x7f, 0x60, 0x6f,
    0x70, 0x0, 0x0, 0x0, 0x0, 0x0, 0x5, 0xcf,
    0xea, 0x20, 0x6, 0xff, 0xff, 0xfe, 0x10, 0xff,
    0x80, 0x1d, 0xf8, 0x4f, 0xfa, 0x99, 0xdf, 0xb6,
    0xff, 0xff, 0xff, 0xfb, 0x5f, 0xf2, 0x0, 0x0,
    0x1, 0xff, 0xb1, 0x3, 0xa0, 0x7, 0xff, 0xfe,
    0xff, 0x50, 0x5, 0xcf, 0xfc, 0x50,

    /* U+0452 "ђ" */
    0x1, 0x88, 0x20, 0x0, 0x0, 0x7f, 0xff, 0xff,
    0x60, 0x0, 0x39, 0xff, 0xa8, 0x30, 0x0, 0x2,
    0xff, 0x40, 0x0, 0x0, 0x2, 0xff, 0x6c, 0xfd,
    0x60, 0x2, 0xff, 0xff, 0xff, 0xf3, 0x2, 0xff,
    0x80, 0x1e, 0xf8, 0x2, 0xff, 0x40, 0xc, 0xf9,
    0x2, 0xff, 0x40, 0xc, 0xfa, 0x2, 0xff, 0x40,
    0xc, 0xfa, 0x2, 0xff, 0x40, 0xc, 0xfa, 0x2,
    0xff, 0x40, 0xc, 0xfa, 0x2, 0xff, 0x40, 0xc,
    0xf9, 0x0, 0x0, 0x0, 0xe, 0xf8, 0x0, 0x0,
    0x9, 0xff, 0xf3, 0x0, 0x0, 0xa, 0xfd, 0x50,

    /* U+0453 "ѓ" */
    0x0, 0x1, 0x88, 0x30, 0x0, 0xa, 0xfa, 0x0,
    0x0, 0x4f, 0xc0, 0x0, 0x0, 0x0, 0x0, 0x0,
    0x1f, 0xff, 0xff, 0xf0, 0x1f, 0xfe, 0xee, 0xe0,
    0x1f, 0xf5, 0x0, 0x0, 0x1f, 0xf5, 0x0, 0x0,
    0x1f, 0xf5, 0x0, 0x0, 0x1f, 0xf5, 0x0, 0x0,
    0x1f, 0xf5, 0x0, 0x0, 0x1f, 0xf5, 0x0, 0x0,
    0x1f, 0xf5, 0x0, 0x0,

    /* U+0454 "є" */
    0x0, 0x7d, 0xfd, 0x91, 0x0, 0x9f, 0xff, 0xff,
    0xc0, 0x2f, 0xf7, 0x3, 0xff, 0x46, 0xff, 0x22,
    0x5, 0x62, 0x7f, 0xff, 0xf7, 0x0, 0x6, 0xff,
    0x55, 0x22, 0x21, 0x2f, 0xf6, 0x2, 0xff, 0x40,
    0x9f, 0xfe, 0xff, 0xd0, 0x0, 0x7d, 0xfe, 0x91,
    0x0,

    /* U+0455 "ѕ" */
    0x1, 0x9e, 0xfd, 0x70, 0x0, 0xdf, 0xeb, 0xff,
    0xa0, 0x2f, 0xf2, 0x5, 0xdd, 0x1, 0xff, 0xc6,
    0x20, 0x0, 0x4, 0xdf, 0xff, 0xd3, 0x0, 0x0,
    0x27, 0xdf, 0xe0, 0x6f, 0xd0, 0x4, 0xff, 0x11,
    0xef, 0xdb, 0xef, 0xc0, 0x2, 0xae, 0xfd, 0x81,
    0x0,

    /* U+0456 "і" */
    0xb, 0xf4, 0xf, 0xf8, 0x3, 0x60, 0xf, 0xf7,
    0xf, 0xf7, 0xf, 0xf7, 0xf, 0xf7, 0xf, 0xf7,
    0xf, 0xf7, 0xf, 0xf7, 0xf, 0xf7, 0xf, 0xf7,

    /* U+0457 "ї" */
    0x9f, 0x30, 0x8f, 0x4a, 0xf4, 0x9, 0xf5, 0x0,
    0x0, 0x0, 0x0, 0xe, 0xf8, 0x0, 0x0, 0xef,
    0x80, 0x0, 0xe, 0xf8, 0x0, 0x0, 0xef, 0x80,
    0x0, 0xe, 0xf8, 0x0, 0x0, 0xef, 0x80, 0x0,
    0xe, 0xf8, 0x0, 0x0, 0xef, 0x80, 0x0, 0xe,
    0xf8, 0x0,

    /* U+0458 "ј" */
    0x0, 0xce, 0x40, 0x1f, 0xf7, 0x0, 0x35, 0x0,
    0xf, 0xf7, 0x0, 0xff, 0x70, 0xf, 0xf7, 0x0,
    0xff, 0x70, 0xf, 0xf7, 0x0, 0xff, 0x70, 0xf,
    0xf7, 0x0, 0xff, 0x70, 0xf, 0xf7, 0x2, 0xff,
    0x6c, 0xff, 0xf2, 0xbf, 0xd4, 0x0,

    /* U+0459 "љ" */
    0x1, 0xff, 0xff, 0xff, 0xa0, 0x0, 0x0, 0x0,
    0x1f, 0xfe, 0xef, 0xfa, 0x0, 0x0, 0x0, 0x2,
    0xff, 0x20, 0xcf, 0xa0, 0x0, 0x0, 0x0, 0x3f,
    0xf1, 0xc, 0xff, 0xff, 0xd8, 0x0, 0x4, 0xff,
    0x10, 0xcf, 0xfe, 0xef, 0xfc, 0x0, 0x6f, 0xf0,
    0xc, 0xfa, 0x0, 0x6f, 0xf2, 0xb, 0xfc, 0x0,
    0xcf, 0xa0, 0x6, 0xff, 0x2c, 0xff, 0x70, 0xc,
    0xff, 0xee, 0xff, 0xc0, 0xdf, 0x90, 0x0, 0xcf,
    0xff, 0xfd, 0x80, 0x0,

    /* U+045A "њ" */
    0x1f, 0xf5, 0x0, 0xbf, 0xb0, 0x0, 0x0, 0x1,
    0xff, 0x50, 0xb, 0xfb, 0x0, 0x0, 0x0, 0x1f,
    0xf5, 0x0, 0xbf, 0xb0, 0x0, 0x0, 0x1, 0xff,
    0x50, 0xb, 0xff, 0xff, 0xd8, 0x10, 0x1f, 0xff,
    0xff, 0xff, 0xfe, 0xef, 0xfc, 0x1, 0xff, 0xee,
    0xef, 0xfb, 0x0, 0x5f, 0xf3, 0x1f, 0xf5, 0x0,
    0xbf, 0xb0, 0x5, 0xff, 0x31, 0xff, 0x50, 0xb,
    0xff, 0xee, 0xff, 0xc0, 0x1f, 0xf5, 0x0, 0xbf,
    0xff, 0xfd, 0x81, 0x0,

    /* U+045B "ћ" */
    0x1, 0x88, 0x20, 0x0, 0x0, 0x29, 0xff, 0xa8,
    0x30, 0x0, 0x5f, 0xff, 0xff, 0x70, 0x0, 0x2,
    0xff, 0x40, 0x0, 0x0, 0x2, 0xff, 0x6c, 0xfd,
    0x60, 0x2, 0xff, 0xff, 0xff, 0xf3, 0x2, 0xff,
    0x80, 0x1f, 0xf8, 0x2, 0xff, 0x40, 0xc, 0xf9,
    0x2, 0xff, 0x40, 0xc, 0xfa, 0x2, 0xff, 0x40,
    0xc, 0xfa, 0x2, 0xff, 0x40, 0xc, 0xfa, 0x2,
    0xff, 0x40, 0xc, 0xfa, 0x2, 0xff, 0x40, 0xc,
    0xfa,

    /* U+045C "ќ" */
    0x0, 0x0, 0x78, 0x50, 0x0, 0x0, 0x6f, 0xd1,
    0x0, 0x0, 0x1e, 0xe2, 0x0, 0x0, 0x0, 0x0,
    0x0, 0x0, 0xef, 0x70, 0xe, 0xfe, 0x1e, 0xf7,
    0x7, 0xff, 0x50, 0xef, 0x71, 0xff, 0xb0, 0xe,
    0xf9, 0x9f, 0xf2, 0x0, 0xef, 0xff, 0xf9, 0x0,
    0xe, 0xff, 0xff, 0xe1, 0x0, 0xef, 0x73, 0xff,
    0xc0, 0xe, 0xf7, 0x9, 0xff, 0x70, 0xef, 0x70,
    0xd, 0xff, 0x30,

    /* U+045D "ѝ" */
    0x0, 0x78, 0x50, 0x0, 0x0, 0x4, 0xff, 0x20,
    0x0, 0x0, 0x5, 0xfb, 0x0, 0x0, 0x0, 0x0,
    0x0, 0x0, 0x1f, 0xf5, 0x0, 0xef, 0xb1, 0xff,
    0x50, 0x7f, 0xfb, 0x1f, 0xf5, 0x1f, 0xff, 0xb1,
    0xff, 0x59, 0xfe, 0xfb, 0x1f, 0xf7, 0xfc, 0xaf,
    0xb1, 0xff, 0xef, 0x3a, 0xfb, 0x1f, 0xff, 0xa0,
    0xaf, 0xb1, 0xff, 0xf2, 0xa, 0xfb, 0x1f, 0xf9,
    0x0, 0xaf, 0xb0,

    /* U+045E "ў" */
    0x1, 0x20, 0x1, 0x20, 0x0, 0x6f, 0x72, 0xcf,
    0x10, 0x0, 0xbf, 0xff, 0x60, 0x0, 0x0, 0x23,
    0x10, 0x0, 0x0, 0x0, 0x0, 0x0, 0xc, 0xfc,
    0x0, 0x3f, 0xf5, 0x6f, 0xf1, 0x8, 0xfe, 0x1,
    0xff, 0x50, 0xdf, 0x90, 0xa, 0xfa, 0x1f, 0xf3,
    0x0, 0x4f, 0xf7, 0xfd, 0x0, 0x0, 0xef, 0xef,
    0x70, 0x0, 0x9, 0xff, 0xf2, 0x0, 0x0, 0x3f,
    0xfc, 0x0, 0x0, 0x0, 0xef, 0x60, 0x0, 0x0,
    0x6f, 0xf0, 0x0, 0x0, 0xff, 0xf9, 0x0, 0x0,
    0xe, 0xf9, 0x0, 0x0, 0x0,

    /* U+045F "џ" */
    0x1f, 0xf5, 0x0, 0xaf, 0xb1, 0xff, 0x50, 0xa,
    0xfb, 0x1f, 0xf5, 0x0, 0xaf, 0xb1, 0xff, 0x50,
    0xa, 0xfb, 0x1f, 0xf5, 0x0, 0xaf, 0xb1, 0xff,
    0x50, 0xa, 0xfb, 0x1f, 0xf5, 0x0, 0xaf, 0xb1,
    0xff, 0xee, 0xef, 0xfb, 0x1f, 0xff, 0xff, 0xff,
    0xb0, 0x0, 0x6f, 0xf0, 0x0, 0x0, 0x6, 0xff,
    0x0, 0x0, 0x0, 0x6f, 0xf0, 0x0,

    /* U+0460 "Ѡ" */
    0xf, 0xf7, 0x0, 0x4f, 0xf4, 0x0, 0x7f, 0xf0,
    0xf, 0xf7, 0x0, 0x4f, 0xf4, 0x0, 0x7f, 0xf0,
    0xf, 0xf7, 0x0, 0x4f, 0xf4, 0x0, 0x7f, 0xf0,
    0xf, 0xf7, 0x0, 0x4f, 0xf4, 0x0, 0x7f, 0xf0,
    0xf, 0xf7, 0x0, 0x4f, 0xf4, 0x0, 0x7f, 0xf0,
    0xf, 0xf7, 0x0, 0x4f, 0xf4, 0x0, 0x7f, 0xf0,
    0xf, 0xf7, 0x0, 0x4f, 0xf4, 0x0, 0x7f, 0xf0,
    0xf, 0xf7, 0x0, 0x4f, 0xf4, 0x0, 0x7f, 0xf0,
    0xf, 0xf8, 0x0, 0x4f, 0xf5, 0x0, 0x8f, 0xf0,
    0xc, 0xfe, 0x20, 0xbf, 0xfb, 0x1, 0xdf, 0xc0,
    0x4, 0xff, 0xff, 0xff, 0xff, 0xff, 0xff, 0x40,
    0x0, 0x3b, 0xff, 0xc3, 0x3b, 0xff, 0xb4, 0x0,

    /* U+0461 "ѡ" */
    0x2f, 0xf3, 0x1, 0xff, 0x40, 0x2f, 0xf4, 0x2f,
    0xf3, 0x1, 0xff, 0x40, 0x2f, 0xf4, 0x2f, 0xf3,
    0x1, 0xff, 0x40, 0x2f, 0xf4, 0x2f, 0xf3, 0x1,
    0xff, 0x40, 0x2f, 0xf4, 0x2f, 0xf3, 0x1, 0xff,
    0x40, 0x2f, 0xf4, 0x2f, 0xf4, 0x2, 0xff, 0x50,
    0x2f, 0xf3, 0xf, 0xf8, 0x7, 0xff, 0x90, 0x6f,
    0xf1, 0x7, 0xff, 0xff, 0xff, 0xff, 0xff, 0x90,
    0x0, 0x7d, 0xfd, 0x54, 0xdf, 0xd8, 0x0,

    /* U+0462 "Ѣ" */
    0x0, 0xff, 0x90, 0x0, 0x0, 0x0, 0x2, 0xff,
    0x92, 0x10, 0x0, 0x0, 0x5f, 0xff, 0xff, 0x70,
    0x0, 0x0, 0x15, 0xff, 0xb5, 0x20, 0x0, 0x0,
    0x0, 0xff, 0xff, 0xfe, 0xa3, 0x0, 0x0, 0xff,
    0xff, 0xff, 0xff, 0x40, 0x0, 0xff, 0x90, 0x3,
    0xef, 0xd0, 0x0, 0xff, 0x90, 0x0, 0x7f, 0xf1,
    0x0, 0xff, 0x90, 0x0, 0x7f, 0xf1, 0x0, 0xff,
    0x90, 0x3, 0xef, 0xd0, 0x0, 0xff, 0xff, 0xff,
    0xff, 0x40, 0x0, 0xff, 0xff, 0xfe, 0xa3, 0x0,

    /* U+0463 "ѣ" */
    0x0, 0xef, 0x70, 0x0, 0x0, 0x0, 0xe, 0xf7,
    0x0, 0x0, 0x0, 0x18, 0xff, 0xb8, 0x40, 0x0,
    0x3, 0xff, 0xff, 0xf9, 0x0, 0x0, 0x0, 0xef,
    0x70, 0x0, 0x0, 0x0, 0xe, 0xf7, 0x0, 0x0,
    0x0, 0x0, 0xef, 0x70, 0x0, 0x0, 0x0, 0xe,
    0xff, 0xff, 0xd7, 0x0, 0x0, 0xef, 0xfe, 0xff,
    0xf9, 0x0, 0xe, 0xf7, 0x0, 0x8f, 0xf0, 0x0,
    0xef, 0x70, 0x8, 0xff, 0x0, 0xe, 0xfe, 0xee,
    0xff, 0x90, 0x0, 0xef, 0xff, 0xfd, 0x70, 0x0,

    /* U+0464 "Ѥ" */
    0xff, 0x80, 0x0, 0x5c, 0xff, 0xc6, 0x0, 0xff,
    0x80, 0x9, 0xff, 0xff, 0xff, 0xb0, 0xff, 0x80,
    0x4f, 0xf8, 0x11, 0x7f, 0xf5, 0xff, 0x80, 0xbf,
    0xd0, 0x0, 0xd, 0xfb, 0xff, 0x80, 0xef, 0x90,
    0x0, 0x1, 0x22, 0xff, 0xff, 0xff, 0xff, 0xff,
    0x10, 0x0, 0xff, 0xfe, 0xff, 0xfe, 0xee, 0x0,
    0x0, 0xff, 0x80, 0xff, 0x90, 0x0, 0x0, 0x0,
    0xff, 0x80, 0xcf, 0xc0, 0x0, 0xc, 0xfb, 0xff,
    0x80, 0x6f, 0xf7, 0x11, 0x7f, 0xf6, 0xff, 0x80,
    0xa, 0xff, 0xff, 0xff, 0xb0, 0xff, 0x80, 0x0,
    0x6c, 0xff, 0xd7, 0x0,

    /* U+0465 "ѥ" */
    0xf, 0xf6, 0x0, 0x7d, 0xfd, 0x91, 0x0, 0xff,
    0x60, 0xaf, 0xff, 0xff, 0xc0, 0xf, 0xf6, 0x3f,
    0xf5, 0x3, 0xff, 0x20, 0xff, 0xbb, 0xff, 0x88,
    0x43, 0x30, 0xf, 0xff, 0xff, 0xff, 0xf9, 0x0,
    0x0, 0xff, 0x66, 0xff, 0x0, 0x5, 0x51, 0xf,
    0xf6, 0x2f, 0xf6, 0x4, 0xff, 0x30, 0xff, 0x60,
    0x8f, 0xfe, 0xff, 0xb0, 0xf, 0xf6, 0x0, 0x7d,
    0xfd, 0x80, 0x0,

    /* U+0466 "Ѧ" */
    0x0, 0x0, 0xcf, 0xf2, 0x0, 0x0, 0x0, 0x2,
    0xff, 0xf7, 0x0, 0x0, 0x0, 0x8, 0xff, 0xfd,
    0x0, 0x0, 0x0, 0xd, 0xfc, 0xff, 0x30, 0x0,
    0x0, 0x3f, 0xf4, 0xef, 0x80, 0x0, 0x0, 0x9f,
    0xe0, 0x9f, 0xe0, 0x0, 0x0, 0xef, 0x90, 0x4f,
    0xf4, 0x0, 0x4, 0xff, 0xff, 0xff, 0xf9, 0x0,
    0xa, 0xff, 0xdf, 0xed, 0xff, 0x0, 0xf, 0xf9,
    0x6f, 0xa4, 0xff, 0x50, 0x5f, 0xf4, 0x6f, 0xa0,
    0xef, 0xa0, 0xbf, 0xe0, 0x6f, 0xa0, 0x9f, 0xf1,

    /* U+0467 "ѧ" */
    0x0, 0xb, 0xff, 0x10, 0x0, 0x0, 0x1f, 0xff,
    0x70, 0x0, 0x0, 0x7f, 0xef, 0xd0, 0x0, 0x0,
    0xdf, 0x7f, 0xf3, 0x0, 0x3, 0xff, 0x1b, 0xf9,
    0x0, 0x9, 0xff, 0xbd, 0xff, 0x0, 0xf, 0xfe,
    0xfe, 0xff, 0x50, 0x6f, 0xf3, 0xf7, 0xaf, 0xb0,
    0xcf, 0xa2, 0xf7, 0x5f, 0xf2,

    /* U+0468 "Ѩ" */
    0xcf, 0xb0, 0x0, 0x4, 0xff, 0xa0, 0x0, 0xc,
    0xfb, 0x0, 0x0, 0x9f, 0xff, 0x0, 0x0, 0xcf,
    0xb0, 0x0, 0xe, 0xff, 0xf6, 0x0, 0xc, 0xfb,
    0x0, 0x5, 0xff, 0xcf, 0xb0, 0x0, 0xcf, 0xb0,
    0x0, 0xaf, 0xc6, 0xff, 0x10, 0xc, 0xfb, 0x0,
    0xf, 0xf7, 0x1f, 0xf7, 0x0, 0xcf, 0xb0, 0x5,
    0xff, 0x20, 0xcf, 0xc0, 0xc, 0xff, 0xff, 0xff,
    0xff, 0xff, 0xff, 0x20, 0xcf, 0xeb, 0xbf, 0xfc,
    0xff, 0xbf, 0xf7, 0xc, 0xfb, 0x6, 0xff, 0x2e,
    0xf3, 0xbf, 0xd0, 0xcf, 0xb0, 0xcf, 0xc0, 0xef,
    0x36, 0xff, 0x3c, 0xfb, 0x2f, 0xf7, 0xe, 0xf3,
    0x1f, 0xf8,

    /* U+0469 "ѩ" */
    0xff, 0x70, 0x0, 0xaf, 0xf2, 0x0, 0xf, 0xf7,
    0x0, 0x1f, 0xff, 0x80, 0x0, 0xff, 0x70, 0x6,
    0xfe, 0xfe, 0x0, 0xf, 0xf7, 0x0, 0xcf, 0x8f,
    0xf4, 0x0, 0xff, 0x70, 0x2f, 0xf2, 0xaf, 0xa0,
    0xf, 0xfd, 0xbd, 0xff, 0xbd, 0xff, 0x10, 0xff,
    0xed, 0xff, 0xef, 0xef, 0xf6, 0xf, 0xf7, 0x5f,
    0xf3, 0xf8, 0x9f, 0xc0, 0xff, 0x7b, 0xfb, 0x1f,
    0x84, 0xff, 0x20,

    /* U+046A "Ѫ" */
    0x0, 0x7f, 0xff, 0xff, 0xff, 0xff, 0x90, 0x0,
    0xd, 0xff, 0xff, 0xff, 0xfe, 0x10, 0x0, 0x4,
    0xff, 0x40, 0x2f, 0xf5, 0x0, 0x0, 0x0, 0xaf,
    0xc0, 0xaf, 0xb0, 0x0, 0x0, 0x0, 0x1f, 0xf7,
    0xff, 0x20, 0x0, 0x0, 0x5b, 0xef, 0xff, 0xff,
    0xeb, 0x40, 0x6, 0xff, 0xff, 0xff, 0xff, 0xff,
    0xf2, 0xe, 0xfd, 0x20, 0xbf, 0xc0, 0x3e, 0xfa,
    0xf, 0xf7, 0x0, 0xbf, 0xc0, 0xa, 0xfd, 0x1f,
    0xf6, 0x0, 0xbf, 0xc0, 0x9, 0xfe, 0x1f, 0xf6,
    0x0, 0xbf, 0xc0, 0x9, 0xfe, 0x1f, 0xf6, 0x0,
    0xbf, 0xc0, 0x9, 0xfe,

    /* U+046B "ѫ" */
    0x0, 0xcf, 0xff, 0xff, 0xff, 0x60, 0x0, 0x3f,
    0xfb, 0x9e, 0xfd, 0x0, 0x0, 0xa, 0xfb, 0x2f,
    0xf4, 0x0, 0x0, 0x2, 0xff, 0xcf, 0xb0, 0x0,
    0x0, 0x9e, 0xff, 0xff, 0xfc, 0x30, 0x9, 0xff,
    0xcf, 0xfe, 0xef, 0xf1, 0xf, 0xf8, 0xe, 0xf7,
    0x1f, 0xf6, 0x1f, 0xf5, 0xe, 0xf7, 0xd, 0xf8,
    0x1f, 0xf5, 0xe, 0xf7, 0xd, 0xf8,

    /* U+046C "Ѭ" */
    0xcf, 0xb0, 0x0, 0x8f, 0xff, 0xff, 0xff, 0xff,
    0x80, 0xcf, 0xb0, 0x0, 0xe, 0xff, 0xff, 0xff,
    0xfe, 0x0, 0xcf, 0xb0, 0x0, 0x5, 0xff, 0x30,
    0x3f, 0xf5, 0x0, 0xcf, 0xb0, 0x0, 0x0, 0xbf,
    0xb0, 0xbf, 0xb0, 0x0, 0xcf, 0xb0, 0x0, 0x0,
    0x2f, 0xf7, 0xff, 0x20, 0x0, 0xcf, 0xff, 0xff,
    0xff, 0xff, 0xff, 0xff, 0xea, 0x30, 0xcf, 0xff,
    0xff, 0xff, 0xff, 0xff, 0xff, 0xff, 0xf2, 0xcf,
    0xb0, 0xe, 0xfc, 0x20, 0xcf, 0xb0, 0x3f, 0xf9,
    0xcf, 0xb0, 0x1f, 0xf6, 0x0, 0xcf, 0xb0, 0xa,
    0xfc, 0xcf, 0xb0, 0x2f, 0xf5, 0x0, 0xcf, 0xb0,
    0xa, 0xfd, 0xcf, 0xb0, 0x2f, 0xf5, 0x0, 0xcf,
    0xb0, 0xa, 0xfd, 0xcf, 0xb0, 0x2f, 0xf5, 0x0,
    0xcf, 0xb0, 0xa, 0xfd,

    /* U+046D "ѭ" */
    0xef, 0x80, 0x3, 0xff, 0xff, 0xff, 0xff, 0x10,
    0xef, 0x80, 0x0, 0xaf, 0xf9, 0x9f, 0xf7, 0x0,
    0xef, 0x80, 0x0, 0x1f, 0xf5, 0x7f, 0xe0, 0x0,
    0xef, 0x80, 0x0, 0x8, 0xfd, 0xef, 0x50, 0x0,
    0xef, 0xff, 0xff, 0xff, 0xff, 0xff, 0xd8, 0x0,
    0xef, 0xec, 0xcf, 0xff, 0xdf, 0xfd, 0xff, 0xa0,
    0xef, 0x80, 0x5f, 0xf2, 0x4f, 0xf1, 0x7f, 0xf0,
    0xef, 0x80, 0x7f, 0xf0, 0x4f, 0xf1, 0x3f, 0xf2,
    0xef, 0x80, 0x7f, 0xf0, 0x4f, 0xf1, 0x3f, 0xf2,

    /* U+046E "Ѯ" */
    0xa, 0xf6, 0x4f, 0xd1, 0x0, 0xaf, 0xfc, 0x10,
    0x0, 0x7, 0x70, 0x0, 0x0, 0x0, 0x0, 0x0,
    0xf, 0xff, 0xe9, 0x10, 0xf, 0xff, 0xff, 0xe1,
    0x0, 0x0, 0x6f, 0xf6, 0x0, 0x0, 0xf, 0xf7,
    0x0, 0x0, 0x6f, 0xf3, 0x0, 0xff, 0xff, 0x60,
    0x0, 0xff, 0xff, 0x90, 0x0, 0x0, 0x4e, 0xf8,
    0x0, 0x0, 0x9, 0xfd, 0x0, 0x0, 0x2d, 0xfb,
    0x2b, 0xef, 0xff, 0xf4, 0xbf, 0xff, 0xeb, 0x30,
    0xef, 0x60, 0x0, 0x0, 0xbf, 0xa0, 0x0, 0x0,
    0x2e, 0xf3, 0x0, 0x0, 0x0, 0x40, 0x0, 0x0,

    /* U+046F "ѯ" */
    0x1c, 0xf4, 0x6f, 0xb0, 0x0, 0xcf, 0xfa, 0x0,
    0x0, 0x7, 0x70, 0x0, 0x0, 0x0, 0x0, 0x0,
    0xf, 0xff, 0xea, 0x20, 0xb, 0xbb, 0xff, 0xe1,
    0x0, 0x0, 0x3f, 0xf3, 0x0, 0x22, 0x9f, 0xe0,
    0x0, 0xff, 0xff, 0x50, 0x0, 0x55, 0x8f, 0xf4,
    0x0, 0x0, 0xd, 0xf9, 0x6, 0xab, 0xef, 0xf5,
    0x8f, 0xff, 0xec, 0x50, 0xbf, 0x70, 0x0, 0x0,
    0x7f, 0xa0, 0x0, 0x0, 0xb, 0xf2, 0x0, 0x0,
    0x0, 0x20, 0x0, 0x0,

    /* U+0470 "Ѱ" */
    0x9f, 0xe0, 0xf, 0xf7, 0xa, 0xfe, 0x9f, 0xe0,
    0xf, 0xf7, 0xa, 0xfe, 0x9f, 0xe0, 0xf, 0xf7,
    0xa, 0xfe, 0x8f, 0xe0, 0xf, 0xf7, 0xa, 0xfe,
    0x8f, 0xf0, 0xf, 0xf7, 0xb, 0xfd, 0x5f, 0xf4,
    0xf, 0xf7, 0xe, 0xfa, 0xe, 0xfe, 0x7f, 0xfa,
    0xbf, 0xf3, 0x3, 0xef, 0xff, 0xff, 0xff, 0x60,
    0x0, 0x17, 0xbf, 0xfd, 0x82, 0x0, 0x0, 0x0,
    0xf, 0xf7, 0x0, 0x0, 0x0, 0x0, 0xf, 0xf7,
    0x0, 0x0, 0x0, 0x0, 0xf, 0xf7, 0x0, 0x0,

    /* U+0471 "ѱ" */
    0x7f, 0xf0, 0xf, 0xf7, 0x1f, 0xf4, 0x7, 0xff,
    0x0, 0xff, 0x70, 0xbf, 0xb0, 0x7f, 0xf0, 0xf,
    0xf7, 0x7, 0xff, 0x7, 0xff, 0x0, 0xff, 0x70,
    0x5f, 0xf1, 0x6f, 0xf0, 0xf, 0xf7, 0x5, 0xff,
    0x4, 0xff, 0x40, 0xff, 0x70, 0x9f, 0xe0, 0xe,
    0xfd, 0x3f, 0xf7, 0x7f, 0xf8, 0x0, 0x3f, 0xff,
    0xff, 0xff, 0xfb, 0x0, 0x0, 0x29, 0xdf, 0xff,
    0xc6, 0x0, 0x0, 0x0, 0x0, 0xff, 0x70, 0x0,
    0x0, 0x0, 0x0, 0xf, 0xf7, 0x0, 0x0, 0x0,
    0x0, 0x0, 0xff, 0x70, 0x0, 0x0, 0x0, 0x0,
    0xb, 0xc5, 0x0, 0x0, 0x0,

    /* U+0472 "Ѳ" */
    0x0, 0x6, 0xcf, 0xeb, 0x40, 0x0, 0x0, 0xbf,
    0xff, 0xff, 0xf7, 0x0, 0x7, 0xff, 0x71, 0x29,
    0xff, 0x30, 0xd, 0xfa, 0x0, 0x0, 0xdf, 0xa0,
    0x1f, 0xf7, 0x22, 0x22, 0xaf, 0xe0, 0x3f, 0xff,
    0xff, 0xff, 0xff, 0xf0, 0x3f, 0xf8, 0x55, 0x55,
    0xbf, 0xf0, 0x2f, 0xf7, 0x0, 0x0, 0xaf, 0xe0,
    0xe, 0xfc, 0x0, 0x0, 0xff, 0xa0, 0x7, 0xff,
    0x81, 0x2b, 0xff, 0x40, 0x0, 0xbf, 0xff, 0xff,
    0xf8, 0x0, 0x0, 0x6, 0xcf, 0xeb, 0x40, 0x0,

    /* U+0473 "ѳ" */
    0x0, 0x6c, 0xfe, 0xa2, 0x0, 0x8, 0xff, 0xff,
    0xff, 0x20, 0x1f, 0xf7, 0x1, 0xdf, 0xa0, 0x5f,
    0xf8, 0x88, 0xbf, 0xf0, 0x7f, 0xff, 0xff, 0xff,
    0xf0, 0x6f, 0xf1, 0x0, 0x8f, 0xf0, 0x1f, 0xf9,
    0x1, 0xef, 0xa0, 0x8, 0xff, 0xff, 0xff, 0x20,
    0x0, 0x6d, 0xfe, 0xa2, 0x0,

    /* U+0474 "Ѵ" */
    0xbf, 0xe0, 0x0, 0x0, 0x4d, 0xa6, 0xff, 0x20,
    0x0, 0x2f, 0xfa, 0x1f, 0xf7, 0x0, 0x9, 0xfb,
    0x10, 0xbf, 0xb0, 0x0, 0xef, 0x40, 0x6, 0xff,
    0x0, 0x3f, 0xf0, 0x0, 0x1f, 0xf4, 0x7, 0xfb,
    0x0, 0x0, 0xbf, 0x90, 0xcf, 0x60, 0x0, 0x6,
    0xfe, 0x1f, 0xf1, 0x0, 0x0, 0x1f, 0xf8, 0xfc,
    0x0, 0x0, 0x0, 0xbf, 0xff, 0x70, 0x0, 0x0,
    0x6, 0xff, 0xf2, 0x0, 0x0, 0x0, 0x1f, 0xfd,
    0x0, 0x0,

    /* U+0475 "ѵ" */
    0xbf, 0xc0, 0x0, 0x7e, 0xb6, 0xff, 0x0, 0x5f,
    0xfa, 0x1f, 0xf3, 0xc, 0xf8, 0x0, 0xbf, 0x71,
    0xff, 0x10, 0x6, 0xfb, 0x6f, 0xb0, 0x0, 0x1f,
    0xfa, 0xf6, 0x0, 0x0, 0xcf, 0xff, 0x10, 0x0,
    0x7, 0xff, 0xc0, 0x0, 0x0, 0x2f, 0xf7, 0x0,
    0x0,

    /* U+0476 "Ѷ" */
    0x1c, 0xf7, 0xaf, 0x90, 0x0, 0x0, 0xa, 0xf6,
    0xbf, 0x50, 0x0, 0x0, 0x2, 0x20, 0x22, 0x0,
    0xb, 0xfe, 0x0, 0x0, 0x4, 0xda, 0x6f, 0xf2,
    0x0, 0x2, 0xff, 0xa1, 0xff, 0x70, 0x0, 0x9f,
    0xb1, 0xb, 0xfb, 0x0, 0xe, 0xf4, 0x0, 0x6f,
    0xf0, 0x3, 0xff, 0x0, 0x1, 0xff, 0x40, 0x7f,
    0xb0, 0x0, 0xb, 0xf9, 0xc, 0xf6, 0x0, 0x0,
    0x6f, 0xe1, 0xff, 0x10, 0x0, 0x1, 0xff, 0x8f,
    0xc0, 0x0, 0x0, 0xb, 0xff, 0xf7, 0x0, 0x0,
    0x0, 0x6f, 0xff, 0x20, 0x0, 0x0, 0x1, 0xff,
    0xd0, 0x0, 0x0,

    /* U+0477 "ѷ" */
    0x9, 0xfa, 0x7f, 0xc0, 0x0, 0x0, 0x8f, 0x98,
    0xf8, 0x0, 0x0, 0x2, 0x20, 0x22, 0x0, 0xb,
    0xfc, 0x0, 0x7, 0xeb, 0x6, 0xff, 0x0, 0x5f,
    0xfa, 0x1, 0xff, 0x30, 0xcf, 0x80, 0x0, 0xbf,
    0x71, 0xff, 0x10, 0x0, 0x6f, 0xb6, 0xfb, 0x0,
    0x0, 0x1f, 0xfa, 0xf6, 0x0, 0x0, 0xc, 0xff,
    0xf1, 0x0, 0x0, 0x7, 0xff, 0xc0, 0x0, 0x0,
    0x2, 0xff, 0x70, 0x0,

    /* U+0478 "Ѹ" */
    0x0, 0x6, 0xcf, 0xeb, 0x40, 0x0, 0x0, 0x0,
    0x0, 0x0, 0x0, 0xb, 0xff, 0xff, 0xff, 0x70,
    0x0, 0x0, 0x0, 0x0, 0x0, 0x7, 0xff, 0x71,
    0x2b, 0xff, 0x30, 0x0, 0x0, 0x0, 0x0, 0x0,
    0xef, 0xa0, 0x0, 0xe, 0xf9, 0x1f, 0xf7, 0x0,
    0x7f, 0xf1, 0x2f, 0xf5, 0x0, 0x0, 0xaf, 0xd0,
    0xbf, 0xc0, 0xc, 0xfb, 0x4, 0xff, 0x40, 0x0,
    0x8, 0xff, 0x5, 0xff, 0x11, 0xff, 0x50, 0x4f,
    0xf4, 0x0, 0x0, 0x8f, 0xf0, 0xf, 0xf6, 0x6f,
    0xf0, 0x2, 0xff, 0x50, 0x0, 0xa, 0xfe, 0x0,
    0xaf, 0xba, 0xf9, 0x0, 0xe, 0xfa, 0x0, 0x0,
    0xef, 0xa0, 0x4, 0xff, 0xff, 0x30, 0x0, 0x7f,
    0xf7, 0x12, 0xaf, 0xf3, 0x0, 0xe, 0xff, 0xd0,
    0x0, 0x0, 0xbf, 0xff, 0xff, 0xf7, 0x0, 0x0,
    0x9f, 0xf8, 0x0, 0x0, 0x0, 0x6c, 0xfe, 0xb4,
    0x0, 0x0, 0x3, 0xff, 0x20, 0x0, 0x0, 0x0,
    0x0, 0x0, 0x0, 0x0, 0x0, 0x8f, 0xc0, 0x0,
    0x0, 0x0, 0x0, 0x0, 0x0, 0x0, 0x4, 0xff,
    0xf5, 0x0, 0x0, 0x0, 0x0, 0x0, 0x0, 0x0,
    0x0, 0x3f, 0xe6, 0x0, 0x0, 0x0,

    /* U+0479 "ѹ" */
    0x0, 0x5c, 0xfe, 0xa2, 0x2, 0xff, 0x50, 0x9,
    0xfe, 0x0, 0x7f, 0xff, 0xff, 0xf2, 0xd, 0xfa,
    0x0, 0xef, 0x90, 0x1f, 0xf9, 0x1, 0xef, 0xa0,
    0x7f, 0xf0, 0x3f, 0xf3, 0x5, 0xff, 0x10, 0x7,
    0xff, 0x1, 0xff, 0x48, 0xfd, 0x0, 0x6f, 0xf0,
    0x0, 0x5f, 0xf0, 0xc, 0xf9, 0xcf, 0x70, 0x5,
    0xff, 0x10, 0x7, 0xff, 0x0, 0x6f, 0xef, 0xf1,
    0x0, 0x1f, 0xf8, 0x1, 0xdf, 0xb0, 0x1, 0xff,
    0xfb, 0x0, 0x0, 0x8f, 0xff, 0xff, 0xf2, 0x0,
    0xb, 0xff, 0x60, 0x0, 0x0, 0x6d, 0xfe, 0xb2,
    0x0, 0x0, 0x5f, 0xf0, 0x0, 0x0, 0x0, 0x0,
    0x0, 0x0, 0x0, 0xa, 0xfa, 0x0, 0x0, 0x0,
    0x0, 0x0, 0x0, 0x0, 0x6f, 0xff, 0x30, 0x0,
    0x0, 0x0, 0x0, 0x0, 0x0, 0x5, 0xfd, 0x50,
    0x0, 0x0,

    /* U+047A "Ѻ" */
    0x0, 0x0, 0xf, 0xb0, 0x0, 0x0, 0x0, 0x19,
    0xff, 0xfe, 0x70, 0x0, 0x0, 0xdf, 0xff, 0xff,
    0xfa, 0x0, 0x8, 0xff, 0x5c, 0x88, 0xff, 0x50,
    0xe, 0xfa, 0x0, 0x0, 0xdf, 0xb0, 0x2f, 0xf5,
    0x0, 0x0, 0x9f, 0xf0, 0x3f, 0xf4, 0x0, 0x0,
    0x7f, 0xf0, 0x3f, 0xf4, 0x0, 0x0, 0x7f, 0xf0,
    0x2f, 0xf6, 0x0, 0x0, 0x9f, 0xe0, 0xe, 0xfa,
    0x0, 0x0, 0xef, 0xa0, 0x7, 0xff, 0x7d, 0xa9,
    0xff, 0x40, 0x0, 0xbf, 0xff, 0xff, 0xf9, 0x0,
    0x0, 0x7, 0xdf, 0xfc, 0x50, 0x0, 0x0, 0x0,
    0xf, 0xa0, 0x0, 0x0,

    /* U+047B "ѻ" */
    0x0, 0x0, 0x95, 0x0, 0x0, 0x0, 0x39, 0xfd,
    0x70, 0x0, 0x5, 0xff, 0xff, 0xfd, 0x10, 0xe,
    0xfa, 0xeb, 0xef, 0x90, 0x4f, 0xf1, 0x0, 0x8f,
    0xe0, 0x6f, 0xf0, 0x0, 0x5f, 0xf0, 0x5f, 0xf0,
    0x0, 0x6f, 0xf0, 0x2f, 0xf6, 0xb6, 0xcf, 0xb0,
    0x9, 0xff, 0xff, 0xff, 0x30, 0x0, 0x8e, 0xff,
    0xd4, 0x0, 0x0, 0x0, 0xe7, 0x0, 0x0,

    /* U+047C "Ѽ" */
    0x0, 0x0, 0x1, 0xbe, 0xb6, 0x10, 0x0, 0x0,
    0x0, 0x0, 0x6d, 0x36, 0xcf, 0xa0, 0x0, 0x0,
    0x0, 0x1, 0x17, 0xc0, 0x1, 0x0, 0x0, 0x3,
    0xbf, 0x10, 0xc9, 0x3, 0xea, 0x20, 0x3, 0xff,
    0xf1, 0x4, 0x0, 0x3f, 0xff, 0x20, 0xcf, 0xe2,
    0x0, 0x0, 0x0, 0x3f, 0xfa, 0xf, 0xf8, 0x0,
    0x0, 0x0, 0x0, 0xaf, 0xd0, 0xff, 0x70, 0x0,
    0x0, 0x0, 0x9, 0xfe, 0xf, 0xf7, 0x0, 0x3c,
    0xc1, 0x0, 0x9f, 0xe0, 0xff, 0x70, 0x4, 0xff,
    0x20, 0x9, 0xfe, 0xf, 0xf7, 0x0, 0x4f, 0xf2,
    0x0, 0x9f, 0xe0, 0xff, 0x80, 0x4, 0xff, 0x20,
    0xa, 0xfd, 0xc, 0xfe, 0x20, 0xbf, 0xf9, 0x3,
    0xff, 0xa0, 0x4f, 0xff, 0xff, 0xff, 0xff, 0xff,
    0xf2, 0x0, 0x3b, 0xff, 0xc3, 0x4c, 0xfe, 0xb2,
    0x0,

    /* U+047D "ѽ" */
    0x0, 0x0, 0x1c, 0xfc, 0x61, 0x0, 0x0, 0x0,
    0x7, 0xc2, 0x6c, 0xfa, 0x0, 0x0, 0x0, 0x11,
    0x8d, 0x0, 0x10, 0x0, 0x5, 0xca, 0xc, 0x70,
    0xeb, 0x20, 0x7, 0xff, 0xa0, 0x10, 0xf, 0xff,
    0x20, 0xef, 0xa0, 0x0, 0x0, 0x1e, 0xf9, 0x1f,
    0xf5, 0x0, 0x0, 0x0, 0xaf, 0xc1, 0xff, 0x40,
    0x4f, 0xf0, 0x9, 0xfc, 0x1f, 0xf5, 0x5, 0xff,
    0x0, 0xaf, 0xc0, 0xef, 0x90, 0x9f, 0xf4, 0xd,
    0xf9, 0x7, 0xff, 0xff, 0xff, 0xff, 0xff, 0x20,
    0x6, 0xdf, 0xc3, 0x6e, 0xfc, 0x30,

    /* U+047E "Ѿ" */
    0x0, 0x0, 0x9f, 0xff, 0xff, 0xfa, 0x0, 0x0,
    0x0, 0x0, 0x12, 0x2d, 0xb2, 0x21, 0x0, 0x0,
    0x0, 0x0, 0x0, 0x2, 0x10, 0x0, 0x0, 0x0,
    0xf, 0xf7, 0x0, 0x4f, 0xf4, 0x0, 0x7f, 0xf0,
    0xf, 0xf7, 0x0, 0x4f, 0xf4, 0x0, 0x7f, 0xf0,
    0xf, 0xf7, 0x0, 0x4f, 0xf4, 0x0, 0x7f, 0xf0,
    0xf, 0xf7, 0x0, 0x4f, 0xf4, 0x0, 0x7f, 0xf0,
    0xf, 0xf7, 0x0, 0x4f, 0xf4, 0x0, 0x7f, 0xf0,
    0xf, 0xf7, 0x0, 0x4f, 0xf4, 0x0, 0x7f, 0xf0,
    0xf, 0xf7, 0x0, 0x4f, 0xf4, 0x0, 0x7f, 0xf0,
    0xf, 0xf7, 0x0, 0x4f, 0xf4, 0x0, 0x7f, 0xf0,
    0xf, 0xf8, 0x0, 0x4f, 0xf5, 0x0, 0x8f, 0xf0,
    0xc, 0xfe, 0x20, 0xbf, 0xfb, 0x1, 0xdf, 0xc0,
    0x4, 0xff, 0xff, 0xff, 0xff, 0xff, 0xff, 0x40,
    0x0, 0x3b, 0xff, 0xc3, 0x3b, 0xff, 0xb4, 0x0,

    /* U+047F "ѿ" */
    0x0, 0x5, 0xff, 0xff, 0xff, 0x80, 0x0, 0x0,
    0x0, 0x11, 0xcc, 0x11, 0x0, 0x0, 0x0, 0x0,
    0x0, 0x11, 0x0, 0x0, 0x0, 0x2f, 0xf3, 0x1,
    0xff, 0x40, 0x2f, 0xf4, 0x2f, 0xf3, 0x1, 0xff,
    0x40, 0x2f, 0xf4, 0x2f, 0xf3, 0x1, 0xff, 0x40,
    0x2f, 0xf4, 0x2f, 0xf3, 0x1, 0xff, 0x40, 0x2f,
    0xf4, 0x2f, 0xf3, 0x1, 0xff, 0x40, 0x2f, 0xf4,
    0x2f, 0xf4, 0x2, 0xff, 0x50, 0x2f, 0xf3, 0xf,
    0xf8, 0x7, 0xff, 0x90, 0x6f, 0xf1, 0x7, 0xff,
    0xff, 0xff, 0xff, 0xff, 0x90, 0x0, 0x7d, 0xfd,
    0x54, 0xdf, 0xd8, 0x0,

    /* U+0480 "Ҁ" */
    0x0, 0x19, 0xef, 0xea, 0x20, 0x2, 0xef, 0xff,
    0xff, 0xf2, 0xb, 0xfe, 0x40, 0x4f, 0xfa, 0x1f,
    0xf7, 0x0, 0xa, 0xfd, 0x3f, 0xf4, 0x0, 0x1,
    0x22, 0x4f, 0xf3, 0x0, 0x0, 0x0, 0x4f, 0xf3,
    0x0, 0x0, 0x0, 0x4f, 0xf4, 0x0, 0x0, 0x0,
    0x2f, 0xf6, 0x0, 0x0, 0x0, 0xd, 0xfd, 0x10,
    0x0, 0x0, 0x4, 0xff, 0xfc, 0xc0, 0x0, 0x0,
    0x4d, 0xff, 0xf0, 0x0, 0x0, 0x0, 0x8f, 0xf0,
    0x0, 0x0, 0x0, 0x7f, 0xf0, 0x0, 0x0, 0x0,
    0x7f, 0xf0, 0x0,

    /* U+0481 "ҁ" */
    0x0, 0x5c, 0xfe, 0xa1, 0x0, 0x5f, 0xff, 0xff,
    0xd0, 0xe, 0xfa, 0x2, 0xff, 0x53, 0xff, 0x30,
    0x5, 0x73, 0x4f, 0xf1, 0x0, 0x0, 0x2, 0xff,
    0x30, 0x0, 0x0, 0xe, 0xf8, 0x0, 0x0, 0x0,
    0x7f, 0xfc, 0xb4, 0x0, 0x0, 0x7e, 0xff, 0x60,
    0x0, 0x0, 0xf, 0xf6, 0x0, 0x0, 0x0, 0xff,
    0x60, 0x0, 0x0, 0xf, 0xf6, 0x0,

    /* U+0482 "҂" */
    0x0, 0x0, 0x0, 0x8, 0xd0, 0x0, 0x4, 0x50,
    0x2f, 0x40, 0x0, 0x7, 0xfb, 0xbb, 0x0, 0x0,
    0x0, 0x2c, 0xfa, 0x0, 0x0, 0x0, 0xd, 0xbd,
    0xe5, 0x7, 0x20, 0x6f, 0x10, 0x63, 0xb, 0xf8,
    0xe7, 0x0, 0x0, 0x0, 0x4e, 0xf6, 0x0, 0x0,
    0x0, 0x2f, 0x9f, 0xc2, 0x0, 0x0, 0xbb, 0x1,
    0x90, 0x0, 0x4, 0xf2, 0x0, 0x0, 0x0,

    /* U+0483 "҃" */
    0x0, 0x0, 0xd, 0x68, 0xfe, 0xee, 0xf6, 0x8e,
    0x0, 0x0, 0x0,

    /* U+0484 "҄" */
    0x0, 0x4a, 0xed, 0x47, 0xfd, 0x83, 0x9c, 0x11,
    0x0, 0x0, 0x10,

    /* U+0485 "҅" */
    0x2f, 0x70, 0xc9, 0x1, 0x70,

    /* U+0486 "҆" */
    0x8f, 0x1a, 0xb0, 0x71, 0x0,

    /* U+0488 "҈" */
    0x0, 0x0, 0x0, 0x8, 0xb9, 0x0, 0x0, 0x0,
    0x0, 0x0, 0x0, 0x0, 0x70, 0x62, 0x0, 0x0,
    0x0, 0x0, 0x4b, 0xb2, 0x0, 0x0, 0x0, 0x8b,
    0x80, 0x0, 0x8, 0x14, 0x50, 0x0, 0x0, 0x18,
    0x8, 0x20, 0x0, 0x0, 0x0, 0x0, 0x0, 0x0,
    0x0, 0x0, 0x0, 0x0, 0x0, 0x0, 0x0, 0x0,
    0x0, 0x0, 0x0, 0x9, 0xb6, 0x0, 0x0, 0x0,
    0x0, 0x2, 0xab, 0x33, 0x90, 0xc0, 0x0, 0x0,
    0x0, 0x0, 0x85, 0x39, 0x0, 0x0, 0x0, 0x0,
    0x0, 0x0, 0x0, 0x0, 0x0, 0x0, 0x0, 0x0,
    0x0, 0x0, 0x0, 0x0, 0x0, 0x0, 0x0, 0x0,
    0x0, 0x0, 0x0, 0x0, 0x0, 0x0, 0x6, 0xcb,
    0x10, 0x0, 0x0, 0x9, 0xc8, 0x0, 0x0, 0x70,
    0x43, 0x0, 0x0, 0x2, 0x60, 0x70, 0x0, 0x0,
    0x0, 0x0, 0x6b, 0x90, 0x0, 0x0, 0x0, 0x0,
    0x0, 0x0, 0xc, 0x9, 0x40, 0x0, 0x0, 0x0,

    /* U+0489 "҉" */
    0x0, 0x0, 0x0, 0x2, 0x90, 0x0, 0x0, 0x0,
    0x0, 0x0, 0x0, 0x8, 0x80, 0x0, 0x0, 0x0,
    0x0, 0x46, 0x0, 0xd, 0x50, 0x0, 0x2, 0x0,
    0x0, 0x1e, 0x10, 0x0, 0x0, 0x7, 0xe7, 0x0,
    0x0, 0x9, 0x70, 0x0, 0x0, 0xa, 0x30, 0x0,
    0x0, 0x1, 0x0, 0x0, 0x0, 0x0, 0x0, 0x0,
    0x0, 0x0, 0x0, 0x0, 0x0, 0x0, 0x0, 0x0,
    0xa9, 0x60, 0x0, 0x0, 0x0, 0x0, 0x39, 0x30,
    0x17, 0xd0, 0x0, 0x0, 0x0, 0x0, 0x29, 0xc8,
    0x0, 0x0, 0x0, 0x0, 0x0, 0x0, 0x0, 0x0,
    0x0, 0x0, 0x0, 0x0, 0x0, 0x0, 0x0, 0x0,
    0x0, 0x0, 0x20, 0x0, 0x0, 0x6, 0x10, 0x0,
    0x0, 0x3d, 0xc0, 0x0, 0x0, 0xa, 0x80, 0x0,
    0x0, 0xa4, 0x0, 0x7, 0x90, 0x1, 0xd1, 0x0,
    0x0, 0x0, 0x0, 0xb, 0x50, 0x0, 0x30, 0x0,
    0x0, 0x0, 0x0, 0xd, 0x0, 0x0, 0x0, 0x0,

    /* U+048A "Ҋ" */
    0x0, 0x21, 0x0, 0x21, 0x0, 0x0, 0x0, 0xce,
    0x24, 0xfa, 0x0, 0x0, 0x0, 0x3e, 0xff, 0xd2,
    0x0, 0x0, 0x0, 0x0, 0x33, 0x0, 0x0, 0x0,
    0xff, 0x70, 0x0, 0x1e, 0xfd, 0x0, 0xff, 0x70,
    0x0, 0x9f, 0xfd, 0x0, 0xff, 0x70, 0x3, 0xff,
    0xfd, 0x0, 0xff, 0x70, 0xc, 0xff, 0xfd, 0x0,
    0xff, 0x70, 0x6f, 0xfc, 0xfd, 0x0, 0xff, 0x71,
    0xef, 0x6a, 0xfd, 0x0, 0xff, 0x79, 0xfd, 0xa,
    0xfd, 0x0, 0xff, 0xbf, 0xf3, 0xa, 0xfd, 0x0,
    0xff, 0xff, 0x90, 0xa, 0xfd, 0x0, 0xff, 0xfe,
    0x10, 0xa, 0xfd, 0x0, 0xff, 0xf6, 0x0, 0xa,
    0xff, 0xa7, 0xff, 0xc0, 0x0, 0xa, 0xff, 0xfa,
    0x0, 0x0, 0x0, 0x0, 0x6, 0xf9, 0x0, 0x0,
    0x0, 0x0, 0xa, 0xf5, 0x0, 0x0, 0x0, 0x0,
    0xf, 0xc0, 0x0, 0x0, 0x0, 0x0, 0x1, 0x10,

    /* U+048B "ҋ" */
    0x0, 0x21, 0x0, 0x21, 0x0, 0x0, 0xd, 0xe2,
    0x4f, 0x90, 0x0, 0x0, 0x4e, 0xff, 0xd1, 0x0,
    0x0, 0x0, 0x3, 0x20, 0x0, 0x0, 0x1f, 0xf5,
    0x0, 0xef, 0xb0, 0x1, 0xff, 0x50, 0x7f, 0xfb,
    0x0, 0x1f, 0xf5, 0x1f, 0xff, 0xb0, 0x1, 0xff,
    0x59, 0xfe, 0xfb, 0x0, 0x1f, 0xf7, 0xfc, 0xaf,
    0xb0, 0x1, 0xff, 0xef, 0x3a, 0xfb, 0x0, 0x1f,
    0xff, 0xa0, 0xaf, 0xb0, 0x1, 0xff, 0xf2, 0xa,
    0xff, 0xa6, 0x1f, 0xf9, 0x0, 0xaf, 0xff, 0x90,
    0x0, 0x0, 0x0, 0x7, 0xf8, 0x0, 0x0, 0x0,
    0x0, 0xbf, 0x30, 0x0, 0x0, 0x0, 0x1f, 0xa0,
    0x0, 0x0, 0x0, 0x0, 0x20, 0x0,

    /* U+048C "Ҍ" */
    0x0, 0xff, 0x90, 0x0, 0x0, 0x0, 0x2, 0xff,
    0x92, 0x10, 0x0, 0x0, 0x5f, 0xff, 0xff, 0x70,
    0x0, 0x0, 0x15, 0xff, 0xb5, 0x20, 0x0, 0x0,
    0x0, 0xff, 0xff, 0xfe, 0xa3, 0x0, 0x0, 0xff,
    0xff, 0xff, 0xff, 0x40, 0x0, 0xff, 0x90, 0x3,
    0xef, 0xd0, 0x0, 0xff, 0x90, 0x0, 0x7f, 0xf1,
    0x0, 0xff, 0x90, 0x0, 0x7f, 0xf1, 0x0, 0xff,
    0x90, 0x3, 0xef, 0xd0, 0x0, 0xff, 0xff, 0xff,
    0xff, 0x40, 0x0, 0xff, 0xff, 0xfe, 0xa3, 0x0,

    /* U+048D "ҍ" */
    0x0, 0xef, 0x70, 0x0, 0x0, 0x3, 0xff, 0xff,
    0xf9, 0x0, 0x0, 0x18, 0xff, 0xb8, 0x40, 0x0,
    0x0, 0xe, 0xf7, 0x0, 0x0, 0x0, 0x0, 0xef,
    0x70, 0x0, 0x0, 0x0, 0xe, 0xf7, 0x0, 0x0,
    0x0, 0x0, 0xef, 0x70, 0x0, 0x0, 0x0, 0xe,
    0xff, 0xff, 0xd7, 0x0, 0x0, 0xef, 0xfe, 0xff,
    0xf9, 0x0, 0xe, 0xf7, 0x0, 0x8f, 0xf0, 0x0,
    0xef, 0x70, 0x8, 0xff, 0x0, 0xe, 0xfe, 0xee,
    0xff, 0x90, 0x0, 0xef, 0xff, 0xfd, 0x70, 0x0,

    /* U+048E "Ҏ" */
    0xef, 0xff, 0xfe, 0xb4, 0x0, 0xef, 0xff, 0xff,
    0xff, 0x60, 0xef, 0x90, 0x2, 0xcf, 0xe0, 0xef,
    0x90, 0x0, 0x4f, 0xf4, 0xef, 0x90, 0x1e, 0x7f,
    0xf4, 0xef, 0x90, 0xa, 0xff, 0xf1, 0xef, 0xff,
    0xff, 0xff, 0x80, 0xef, 0xff, 0xfe, 0xcc, 0xb0,
    0xef, 0x90, 0x0, 0x0, 0x70, 0xef, 0x90, 0x0,
    0x0, 0x0, 0xef, 0x90, 0x0, 0x0, 0x0, 0xef,
    0x90, 0x0, 0x0, 0x0,

    /* U+048F "ҏ" */
    0x1f, 0xf7, 0xdf, 0xd5, 0x1, 0xff, 0xfd, 0xef,
    0xf3, 0x1f, 0xf7, 0x0, 0xdf, 0xb1, 0xff, 0x50,
    0x7, 0xfe, 0x1f, 0xf5, 0x0, 0x6f, 0xf1, 0xff,
    0x50, 0xba, 0xfe, 0x1f, 0xf9, 0x9, 0xff, 0xa1,
    0xff, 0xff, 0xff, 0xf3, 0x1f, 0xf8, 0xcf, 0xdd,
    0x81, 0xff, 0x50, 0x0, 0x12, 0x1f, 0xf5, 0x0,
    0x0, 0x1, 0xff, 0x50, 0x0, 0x0,

    /* U+0490 "Ґ" */
    0x0, 0x0, 0x5, 0xff, 0x10, 0x0, 0x0, 0x5f,
    0xf1, 0x0, 0x0, 0x5, 0xff, 0x1f, 0xff, 0xff,
    0xff, 0xf1, 0xff, 0xff, 0xff, 0xff, 0x1f, 0xf8,
    0x0, 0x0, 0x0, 0xff, 0x80, 0x0, 0x0, 0xf,
    0xf8, 0x0, 0x0, 0x0, 0xff, 0x80, 0x0, 0x0,
    0xf, 0xf8, 0x0, 0x0, 0x0, 0xff, 0x80, 0x0,
    0x0, 0xf, 0xf8, 0x0, 0x0, 0x0, 0xff, 0x80,
    0x0, 0x0, 0xf, 0xf8, 0x0, 0x0, 0x0, 0xff,
    0x80, 0x0, 0x0, 0x0,

    /* U+0491 "ґ" */
    0x0, 0x0, 0x8, 0x82, 0x0, 0x0, 0xf, 0xf5,
    0x0, 0x0, 0xf, 0xf5, 0x1f, 0xff, 0xff, 0xf5,
    0x1f, 0xfe, 0xee, 0xe4, 0x1f, 0xf4, 0x0, 0x0,
    0x1f, 0xf4, 0x0, 0x0, 0x1f, 0xf4, 0x0, 0x0,
    0x1f, 0xf4, 0x0, 0x0, 0x1f, 0xf4, 0x0, 0x0,
    0x1f, 0xf4, 0x0, 0x0, 0x1f, 0xf4, 0x0, 0x0,

    /* U+0492 "Ғ" */
    0x0, 0xef, 0xff, 0xff, 0xff, 0x0, 0xef, 0xff,
    0xff, 0xff, 0x0, 0xef, 0x90, 0x0, 0x0, 0x0,
    0xef, 0x90, 0x0, 0x0, 0x0, 0xef, 0x90, 0x0,
    0x0, 0x3f, 0xff, 0xff, 0x90, 0x0, 0x18, 0xff,
    0xc8, 0x40, 0x0, 0x0, 0xef, 0x90, 0x0, 0x0,
    0x0, 0xef, 0x90, 0x0, 0x0, 0x0, 0xef, 0x90,
    0x0, 0x0, 0x0, 0xef, 0x90, 0x0, 0x0, 0x0,
    0xef, 0x90, 0x0, 0x0,

    /* U+0493 "ғ" */
    0x1, 0xff, 0xff, 0xff, 0x0, 0x1f, 0xfe, 0xee,
    0xe0, 0x1, 0xff, 0x50, 0x0, 0x0, 0x1f, 0xf5,
    0x0, 0x0, 0x7f, 0xff, 0xff, 0x50, 0x3, 0x8f,
    0xfa, 0x82, 0x0, 0x1, 0xff, 0x50, 0x0, 0x0,
    0x1f, 0xf5, 0x0, 0x0, 0x1, 0xff, 0x50, 0x0,
    0x0,

    /* U+0494 "Ҕ" */
    0xef, 0xff, 0xff, 0xff, 0xe, 0xff, 0xff, 0xff,
    0xf0, 0xef, 0x90, 0x0, 0x0, 0xe, 0xf9, 0x0,
    0x0, 0x0, 0xef, 0x90, 0x0, 0x0, 0xe, 0xff,
    0xee, 0xb6, 0x0, 0xef, 0xff, 0xff, 0xfb, 0xe,
    0xf9, 0x1, 0x7f, 0xf7, 0xef, 0x90, 0x0, 0xbf,
    0xde, 0xf9, 0x0, 0x7, 0xff, 0xef, 0x90, 0x0,
    0x7f, 0xfe, 0xf9, 0x0, 0xa, 0xfc, 0x0, 0x0,
    0x5, 0xff, 0x60, 0x0, 0x8, 0xff, 0xb0, 0x0,
    0x0, 0x6b, 0x60, 0x0,

    /* U+0495 "ҕ" */
    0x1f, 0xff, 0xff, 0xf0, 0x1, 0xff, 0xee, 0xee,
    0x0, 0x1f, 0xf4, 0x0, 0x0, 0x1, 0xff, 0x40,
    0x0, 0x0, 0x1f, 0xff, 0xec, 0x50, 0x1, 0xff,
    0xff, 0xff, 0x90, 0x1f, 0xf4, 0x9, 0xff, 0x31,
    0xff, 0x40, 0xf, 0xf5, 0x1f, 0xf4, 0x3, 0xff,
    0x40, 0x0, 0x4, 0xef, 0xc0, 0x0, 0x0, 0x3f,
    0xc1, 0x0, 0x0, 0x0, 0x20, 0x0,

    /* U+0496 "Җ" */
    0x5f, 0xfb, 0x0, 0xa, 0xfd, 0x0, 0x9, 0xff,
    0x70, 0x0, 0xbf, 0xf3, 0x0, 0xaf, 0xd0, 0x2,
    0xff, 0xd0, 0x0, 0x2, 0xff, 0xc0, 0xa, 0xfd,
    0x0, 0xaf, 0xf3, 0x0, 0x0, 0x7, 0xff, 0x40,
    0xaf, 0xd0, 0x2f, 0xf9, 0x0, 0x0, 0x0, 0xd,
    0xfd, 0xa, 0xfd, 0xb, 0xfe, 0x10, 0x0, 0x0,
    0x0, 0x4f, 0xff, 0xff, 0xff, 0xff, 0x60, 0x0,
    0x0, 0x0, 0x9, 0xff, 0xff, 0xff, 0xff, 0xfb,
    0x0, 0x0, 0x0, 0x2, 0xff, 0xc4, 0xbf, 0xe4,
    0xaf, 0xf4, 0x0, 0x0, 0x0, 0xcf, 0xf3, 0xa,
    0xfd, 0x1, 0xff, 0xd0, 0x0, 0x0, 0x5f, 0xfa,
    0x0, 0xaf, 0xd0, 0x8, 0xff, 0x70, 0x0, 0xe,
    0xff, 0x10, 0xa, 0xfd, 0x0, 0xe, 0xff, 0xca,
    0x8, 0xff, 0x80, 0x0, 0xaf, 0xd0, 0x0, 0x6f,
    0xff, 0xf0, 0x0, 0x0, 0x0, 0x0, 0x0, 0x0,
    0x0, 0x5, 0xff, 0x0, 0x0, 0x0, 0x0, 0x0,
    0x0, 0x0, 0x0, 0x5f, 0xf0, 0x0, 0x0, 0x0,
    0x0, 0x0, 0x0, 0x0, 0x5, 0xff, 0x0,

    /* U+0497 "җ" */
    0x5f, 0xf9, 0x0, 0xef, 0x70, 0x1f, 0xfe, 0x0,
    0xb, 0xff, 0x10, 0xef, 0x70, 0x8f, 0xf4, 0x0,
    0x2, 0xff, 0x90, 0xef, 0x71, 0xff, 0xb0, 0x0,
    0x0, 0x8f, 0xf4, 0xff, 0x99, 0xff, 0x20, 0x0,
    0x0, 0xf, 0xff, 0xff, 0xff, 0xf9, 0x0, 0x0,
    0x0, 0x6f, 0xff, 0xff, 0xff, 0xfe, 0x10, 0x0,
    0x1, 0xff, 0xb0, 0xef, 0x72, 0xff, 0xa0, 0x0,
    0xb, 0xff, 0x20, 0xef, 0x70, 0x8f, 0xff, 0xa2,
    0x5f, 0xf8, 0x0, 0xef, 0x70, 0xe, 0xff, 0xf4,
    0x0, 0x0, 0x0, 0x0, 0x0, 0x0, 0x2f, 0xf4,
    0x0, 0x0, 0x0, 0x0, 0x0, 0x0, 0x2f, 0xf4,
    0x0, 0x0, 0x0, 0x0, 0x0, 0x0, 0x2f, 0xf4,

    /* U+0498 "Ҙ" */
    0x0, 0x5c, 0xff, 0xd8, 0x10, 0x8, 0xff, 0xff,
    0xff, 0xd0, 0x1f, 0xfa, 0x10, 0x7f, 0xf6, 0x15,
    0x51, 0x0, 0xf, 0xf7, 0x0, 0x0, 0x0, 0x6f,
    0xf3, 0x0, 0x4, 0xff, 0xff, 0x50, 0x0, 0x4,
    0xef, 0xff, 0xa0, 0x0, 0x0, 0x0, 0x4f, 0xf7,
    0x26, 0x60, 0x0, 0xd, 0xfb, 0x4f, 0xf8, 0x0,
    0x5f, 0xf9, 0xb, 0xff, 0xff, 0xff, 0xe2, 0x0,
    0x7c, 0xff, 0xf8, 0x10, 0x0, 0x0, 0xff, 0x60,
    0x0, 0x0, 0x0, 0xff, 0x60, 0x0, 0x0, 0x0,
    0xff, 0x60, 0x0, 0x0, 0x0, 0xff, 0x60, 0x0,

    /* U+0499 "ҙ" */
    0x1, 0xae, 0xfd, 0x91, 0x0, 0xdf, 0xfd, 0xff,
    0xb0, 0x2b, 0xb2, 0x7, 0xff, 0x0, 0x0, 0x78,
    0xdf, 0x90, 0x0, 0xe, 0xff, 0xe4, 0x0, 0x0,
    0x0, 0x7f, 0xf0, 0x4d, 0xc1, 0x5, 0xff, 0x21,
    0xef, 0xfc, 0xff, 0xd0, 0x2, 0xaf, 0xff, 0x81,
    0x0, 0x0, 0xcf, 0xa0, 0x0, 0x0, 0xc, 0xfa,
    0x0, 0x0, 0x0, 0xcf, 0xa0, 0x0, 0x0, 0xc,
    0xfa, 0x0, 0x0,

    /* U+049A "Қ" */
    0xef, 0x90, 0x0, 0xaf, 0xf6, 0x0, 0xef, 0x90,
    0x3, 0xff, 0xc0, 0x0, 0xef, 0x90, 0xc, 0xff,
    0x20, 0x0, 0xef, 0x90, 0x6f, 0xf7, 0x0, 0x0,
    0xef, 0x91, 0xef, 0xd0, 0x0, 0x0, 0xef, 0xff,
    0xff, 0x30, 0x0, 0x0, 0xef, 0xff, 0xff, 0x60,
    0x0, 0x0, 0xef, 0xb4, 0xdf, 0xf2, 0x0, 0x0,
    0xef, 0x90, 0x3f, 0xfb, 0x0, 0x0, 0xef, 0x90,
    0x8, 0xff, 0x60, 0x0, 0xef, 0x90, 0x0, 0xdf,
    0xfc, 0xa1, 0xef, 0x90, 0x0, 0x3f, 0xff, 0xf1,
    0x0, 0x0, 0x0, 0x0, 0x4f, 0xf1, 0x0, 0x0,
    0x0, 0x0, 0x4f, 0xf1, 0x0, 0x0, 0x0, 0x0,
    0x4f, 0xf1,

    /* U+049B "қ" */
    0xef, 0x70, 0xe, 0xfe, 0x10, 0xef, 0x70, 0x7f,
    0xf5, 0x0, 0xef, 0x71, 0xff, 0xb0, 0x0, 0xef,
    0x99, 0xff, 0x20, 0x0, 0xef, 0xff, 0xf9, 0x0,
    0x0, 0xef, 0xff, 0xfe, 0x10, 0x0, 0xef, 0x73,
    0xff, 0xc0, 0x0, 0xef, 0x70, 0x9f, 0xff, 0xa6,
    0xef, 0x70, 0xd, 0xff, 0xf9, 0x0, 0x0, 0x0,
    0xd, 0xf9, 0x0, 0x0, 0x0, 0xd, 0xf9, 0x0,
    0x0, 0x0, 0xd, 0xf9,

    /* U+049C "Ҝ" */
    0xff, 0x90, 0x0, 0x2f, 0xfd, 0xf, 0xf9, 0x0,
    0x9, 0xff, 0x40, 0xff, 0x90, 0x0, 0xff, 0xb0,
    0xf, 0xf9, 0xca, 0x6f, 0xf3, 0x0, 0xff, 0x9c,
    0xad, 0xfa, 0x0, 0xf, 0xff, 0xff, 0xff, 0x20,
    0x0, 0xff, 0xff, 0xff, 0xf7, 0x0, 0xf, 0xfa,
    0xdb, 0xdf, 0xf1, 0x0, 0xff, 0x9c, 0xa5, 0xff,
    0x90, 0xf, 0xf9, 0x22, 0xd, 0xff, 0x20, 0xff,
    0x90, 0x0, 0x6f, 0xfa, 0xf, 0xf9, 0x0, 0x0,
    0xef, 0xf3,

    /* U+049D "ҝ" */
    0xef, 0x70, 0x1, 0xff, 0xd0, 0xef, 0x70, 0x7,
    0xff, 0x40, 0xef, 0x7d, 0x6c, 0xfc, 0x0, 0xef,
    0x9e, 0x9f, 0xf3, 0x0, 0xef, 0xff, 0xff, 0xc0,
    0x0, 0xef, 0xff, 0xff, 0xf2, 0x0, 0xef, 0x7d,
    0x7f, 0xfc, 0x0, 0xef, 0x72, 0x18, 0xff, 0x50,
    0xef, 0x70, 0x1, 0xff, 0xe0,

    /* U+049E "Ҟ" */
    0x0, 0xbf, 0xc0, 0x0, 0x7f, 0xf8, 0x3, 0x8d,
    0xfe, 0x83, 0x1f, 0xfe, 0x0, 0x7f, 0xff, 0xff,
    0x6a, 0xff, 0x40, 0x0, 0xb, 0xfc, 0x3, 0xff,
    0xa0, 0x0, 0x0, 0xbf, 0xc0, 0xcf, 0xe1, 0x0,
    0x0, 0xb, 0xff, 0xff, 0xf6, 0x0, 0x0, 0x0,
    0xbf, 0xff, 0xff, 0x90, 0x0, 0x0, 0xb, 0xfd,
    0x4b, 0xff, 0x40, 0x0, 0x0, 0xbf, 0xc0, 0x1e,
    0xfd, 0x0, 0x0, 0xb, 0xfc, 0x0, 0x5f, 0xf9,
    0x0, 0x0, 0xbf, 0xc0, 0x0, 0xbf, 0xf4, 0x0,
    0xb, 0xfc, 0x0, 0x1, 0xef, 0xe0,

    /* U+049F "ҟ" */
    0x0, 0x78, 0x40, 0x0, 0x0, 0x5, 0x8f, 0xfc,
    0x80, 0x0, 0x0, 0xbf, 0xff, 0xff, 0x10, 0x0,
    0x0, 0xe, 0xf8, 0x0, 0x0, 0x0, 0x0, 0xef,
    0x80, 0x2f, 0xf9, 0x0, 0xe, 0xf8, 0xc, 0xfd,
    0x0, 0x0, 0xef, 0x86, 0xff, 0x30, 0x0, 0xe,
    0xff, 0xff, 0x70, 0x0, 0x0, 0xef, 0xff, 0xf8,
    0x0, 0x0, 0xe, 0xf8, 0x7f, 0xf2, 0x0, 0x0,
    0xef, 0x80, 0xdf, 0xc0, 0x0, 0xe, 0xf8, 0x5,
    0xff, 0x60, 0x0, 0xef, 0x80, 0xb, 0xfe, 0x10,

    /* U+04A0 "Ҡ" */
    0xbf, 0xff, 0xff, 0xb0, 0x0, 0x7f, 0xf8, 0xa,
    0xee, 0xef, 0xfb, 0x0, 0x1f, 0xfe, 0x0, 0x0,
    0x0, 0xcf, 0xb0, 0xa, 0xff, 0x40, 0x0, 0x0,
    0xc, 0xfb, 0x3, 0xff, 0xa0, 0x0, 0x0, 0x0,
    0xcf, 0xb0, 0xdf, 0xe1, 0x0, 0x0, 0x0, 0xc,
    0xff, 0xff, 0xf6, 0x0, 0x0, 0x0, 0x0, 0xcf,
    0xff, 0xff, 0x80, 0x0, 0x0, 0x0, 0xc, 0xfc,
    0x4b, 0xff, 0x30, 0x0, 0x0, 0x0, 0xcf, 0xb0,
    0x1e, 0xfd, 0x0, 0x0, 0x0, 0xc, 0xfb, 0x0,
    0x5f, 0xf9, 0x0, 0x0, 0x0, 0xcf, 0xb0, 0x0,
    0xbf, 0xf4, 0x0, 0x0, 0xc, 0xfb, 0x0, 0x1,
    0xff, 0xe0,

    /* U+04A1 "ҡ" */
    0x8f, 0xff, 0xff, 0x20, 0x4f, 0xfb, 0x7, 0xee,
    0xff, 0xf2, 0xc, 0xff, 0x10, 0x0, 0x3, 0xff,
    0x25, 0xff, 0x60, 0x0, 0x0, 0x3f, 0xf6, 0xdf,
    0xc0, 0x0, 0x0, 0x3, 0xff, 0xff, 0xf4, 0x0,
    0x0, 0x0, 0x3f, 0xff, 0xff, 0xb0, 0x0, 0x0,
    0x3, 0xff, 0x28, 0xff, 0x70, 0x0, 0x0, 0x3f,
    0xf2, 0xd, 0xff, 0x30, 0x0, 0x3, 0xff, 0x20,
    0x4f, 0xfd, 0x0,

    /* U+04A2 "Ң" */
    0xef, 0x90, 0x0, 0x9, 0xfe, 0x0, 0xef, 0x90,
    0x0, 0x9, 0xfe, 0x0, 0xef, 0x90, 0x0, 0x9,
    0xfe, 0x0, 0xef, 0x90, 0x0, 0x9, 0xfe, 0x0,
    0xef, 0x90, 0x0, 0x9, 0xfe, 0x0, 0xef, 0xff,
    0xff, 0xff, 0xfe, 0x0, 0xef, 0xff, 0xff, 0xff,
    0xfe, 0x0, 0xef, 0x90, 0x0, 0x9, 0xfe, 0x0,
    0xef, 0x90, 0x0, 0x9, 0xfe, 0x0, 0xef, 0x90,
    0x0, 0x9, 0xfe, 0x0, 0xef, 0x90, 0x0, 0x9,
    0xff, 0xa7, 0xef, 0x90, 0x0, 0x9, 0xff, 0xfb,
    0x0, 0x0, 0x0, 0x0, 0xa, 0xfb, 0x0, 0x0,
    0x0, 0x0, 0xa, 0xfb, 0x0, 0x0, 0x0, 0x0,
    0xa, 0xfb,

    /* U+04A3 "ң" */
    0x1f, 0xf5, 0x0, 0xbf, 0xb0, 0x1, 0xff, 0x50,
    0xb, 0xfb, 0x0, 0x1f, 0xf5, 0x0, 0xbf, 0xb0,
    0x1, 0xff, 0x50, 0xb, 0xfb, 0x0, 0x1f, 0xff,
    0xff, 0xff, 0xb0, 0x1, 0xff, 0xee, 0xef, 0xfb,
    0x0, 0x1f, 0xf5, 0x0, 0xbf, 0xb0, 0x1, 0xff,
    0x50, 0xb, 0xff, 0xa5, 0x1f, 0xf5, 0x0, 0xbf,
    0xff, 0x80, 0x0, 0x0, 0x0, 0xd, 0xf8, 0x0,
    0x0, 0x0, 0x0, 0xdf, 0x80, 0x0, 0x0, 0x0,
    0xd, 0xf8,

    /* U+04A4 "Ҥ" */
    0xef, 0x90, 0x0, 0x9, 0xff, 0xff, 0xff, 0xf1,
    0xef, 0x90, 0x0, 0x9, 0xff, 0xee, 0xee, 0xe1,
    0xef, 0x90, 0x0, 0x9, 0xfe, 0x0, 0x0, 0x0,
    0xef, 0x90, 0x0, 0x9, 0xfe, 0x0, 0x0, 0x0,
    0xef, 0x90, 0x0, 0x9, 0xfe, 0x0, 0x0, 0x0,
    0xef, 0xff, 0xff, 0xff, 0xfe, 0x0, 0x0, 0x0,
    0xef, 0xff, 0xff, 0xff, 0xfe, 0x0, 0x0, 0x0,
    0xef, 0x90, 0x0, 0x9, 0xfe, 0x0, 0x0, 0x0,
    0xef, 0x90, 0x0, 0x9, 0xfe, 0x0, 0x0, 0x0,
    0xef, 0x90, 0x0, 0x9, 0xfe, 0x0, 0x0, 0x0,
    0xef, 0x90, 0x0, 0x9, 0xfe, 0x0, 0x0, 0x0,
    0xef, 0x90, 0x0, 0x9, 0xfe, 0x0, 0x0, 0x0,

    /* U+04A5 "ҥ" */
    0x1f, 0xf4, 0x0, 0xbf, 0xff, 0xf8, 0x1f, 0xf4,
    0x0, 0xbf, 0xfe, 0xe7, 0x1f, 0xf4, 0x0, 0xbf,
    0xb0, 0x0, 0x1f, 0xf4, 0x0, 0xbf, 0xb0, 0x0,
    0x1f, 0xff, 0xff, 0xff, 0xb0, 0x0, 0x1f, 0xfe,
    0xee, 0xff, 0xb0, 0x0, 0x1f, 0xf4, 0x0, 0xbf,
    0xb0, 0x0, 0x1f, 0xf4, 0x0, 0xbf, 0xb0, 0x0,
    0x1f, 0xf4, 0x0, 0xbf, 0xb0, 0x0,

    /* U+04A6 "Ҧ" */
    0xef, 0xff, 0xff, 0xff, 0xfe, 0x0, 0x0, 0x0,
    0xe, 0xff, 0xff, 0xff, 0xff, 0xe0, 0x0, 0x0,
    0x0, 0xef, 0x90, 0x0, 0x9, 0xfe, 0x0, 0x0,
    0x0, 0xe, 0xf9, 0x0, 0x0, 0x9f, 0xe0, 0x0,
    0x0, 0x0, 0xef, 0x90, 0x0, 0x9, 0xfe, 0x0,
    0x0, 0x0, 0xe, 0xf9, 0x0, 0x0, 0x9f, 0xfe,
    0xec, 0x70, 0x0, 0xef, 0x90, 0x0, 0x9, 0xff,
    0xff, 0xff, 0xd1, 0xe, 0xf9, 0x0, 0x0, 0x9f,
    0xe0, 0x15, 0xff, 0xa0, 0xef, 0x90, 0x0, 0x9,
    0xfe, 0x0, 0x8, 0xff, 0xe, 0xf9, 0x0, 0x0,
    0x9f, 0xe0, 0x0, 0x4f, 0xf1, 0xef, 0x90, 0x0,
    0x9, 0xfe, 0x0, 0x4, 0xff, 0x1e, 0xf9, 0x0,
    0x0, 0x9f, 0xe0, 0x0, 0x7f, 0xf0, 0x0, 0x0,
    0x0, 0x0, 0x0, 0x0, 0x3e, 0xf9, 0x0, 0x0,
    0x0, 0x0, 0x0, 0x0, 0x5f, 0xfd, 0x10, 0x0,
    0x0, 0x0, 0x0, 0x0, 0x4, 0xb7, 0x0, 0x0,

    /* U+04A7 "ҧ" */
    0x1f, 0xff, 0xff, 0xff, 0xb0, 0x0, 0x0, 0x1,
    0xff, 0xee, 0xef, 0xfb, 0x0, 0x0, 0x0, 0x1f,
    0xf4, 0x0, 0xbf, 0xb0, 0x0, 0x0, 0x1, 0xff,
    0x40, 0xb, 0xff, 0xed, 0xa3, 0x0, 0x1f, 0xf4,
    0x0, 0xbf, 0xff, 0xff, 0xf5, 0x1, 0xff, 0x40,
    0xb, 0xfb, 0x3, 0xcf, 0xe0, 0x1f, 0xf4, 0x0,
    0xbf, 0xb0, 0x3, 0xff, 0x31, 0xff, 0x40, 0xb,
    0xfb, 0x0, 0x2f, 0xf4, 0x1f, 0xf4, 0x0, 0xbf,
    0xb0, 0x6, 0xff, 0x10, 0x0, 0x0, 0x0, 0x0,
    0x6, 0xff, 0x80, 0x0, 0x0, 0x0, 0x0, 0x0,
    0x4f, 0x90, 0x0, 0x0, 0x0, 0x0, 0x0, 0x0,
    0x10, 0x0,

    /* U+04A8 "Ҩ" */
    0x0, 0x2a, 0xe1, 0x9, 0xee, 0x90, 0x0, 0x2e,
    0xff, 0x1b, 0xff, 0xff, 0xc0, 0xb, 0xff, 0x54,
    0xff, 0x44, 0xff, 0x50, 0xff, 0xa0, 0x8f, 0xd0,
    0xd, 0xfa, 0x2f, 0xf7, 0x9, 0xfc, 0x0, 0xbf,
    0xc3, 0xff, 0x60, 0x9f, 0xc0, 0xb, 0xfc, 0x3f,
    0xf6, 0x8, 0xfc, 0x0, 0xcf, 0xc1, 0xff, 0x90,
    0x6f, 0xf1, 0xe, 0xf9, 0xd, 0xfe, 0x1, 0xef,
    0xa6, 0xff, 0x40, 0x5f, 0xfc, 0x36, 0xff, 0xff,
    0xc0, 0x0, 0x7f, 0xff, 0xff, 0xff, 0xff, 0xd0,
    0x0, 0x3a, 0xef, 0xeb, 0x8b, 0xed,

    /* U+04A9 "ҩ" */
    0x0, 0x8e, 0x43, 0xcf, 0xb1, 0x0, 0x9f, 0xf5,
    0xef, 0xff, 0xb0, 0x1f, 0xf9, 0x5f, 0x84, 0xff,
    0x24, 0xff, 0x47, 0xf5, 0x1f, 0xf4, 0x4f, 0xf3,
    0x6f, 0x51, 0xff, 0x52, 0xff, 0x64, 0xf8, 0x4f,
    0xf4, 0xd, 0xfe, 0x4e, 0xfd, 0xfe, 0x0, 0x3f,
    0xff, 0xff, 0xff, 0xa3, 0x0, 0x2a, 0xef, 0xea,
    0xce, 0x80,

    /* U+04AA "Ҫ" */
    0x0, 0x7, 0xdf, 0xfb, 0x40, 0x0, 0xc, 0xff,
    0xff, 0xff, 0x70, 0x8, 0xff, 0x61, 0x2a, 0xff,
    0x20, 0xef, 0x90, 0x0, 0xf, 0xf7, 0x2f, 0xf5,
    0x0, 0x0, 0x22, 0x14, 0xff, 0x30, 0x0, 0x0,
    0x0, 0x4f, 0xf4, 0x0, 0x0, 0x0, 0x3, 0xff,
    0x50, 0x0, 0x0, 0x10, 0xf, 0xf9, 0x0, 0x0,
    0xff, 0x70, 0x9f, 0xf5, 0x1, 0xaf, 0xf2, 0x1,
    0xdf, 0xff, 0xff, 0xf8, 0x0, 0x1, 0x8f, 0xff,
    0xb5, 0x0, 0x0, 0x0, 0x8f, 0xe0, 0x0, 0x0,
    0x0, 0x8, 0xfe, 0x0, 0x0, 0x0, 0x0, 0x8f,
    0xe0, 0x0, 0x0, 0x0, 0x4, 0x87, 0x0, 0x0,

    /* U+04AB "ҫ" */
    0x0, 0x7d, 0xfd, 0x91, 0x0, 0x9f, 0xff, 0xff,
    0xd0, 0x2f, 0xf7, 0x3, 0xff, 0x46, 0xff, 0x0,
    0x5, 0x62, 0x7f, 0xf0, 0x0, 0x0, 0x5, 0xff,
    0x0, 0x2, 0x31, 0x2f, 0xf7, 0x2, 0xff, 0x40,
    0x9f, 0xff, 0xff, 0xc0, 0x0, 0x7f, 0xff, 0x91,
    0x0, 0x0, 0x9f, 0xc0, 0x0, 0x0, 0x9, 0xfc,
    0x0, 0x0, 0x0, 0x9f, 0xc0, 0x0, 0x0, 0x4,
    0x86, 0x0, 0x0,

    /* U+04AC "Ҭ" */
    0xaf, 0xff, 0xff, 0xff, 0xff, 0x2a, 0xff, 0xff,
    0xff, 0xff, 0xf2, 0x0, 0x0, 0xff, 0x70, 0x0,
    0x0, 0x0, 0xf, 0xf7, 0x0, 0x0, 0x0, 0x0,
    0xff, 0x70, 0x0, 0x0, 0x0, 0xf, 0xf7, 0x0,
    0x0, 0x0, 0x0, 0xff, 0x70, 0x0, 0x0, 0x0,
    0xf, 0xf7, 0x0, 0x0, 0x0, 0x0, 0xff, 0x70,
    0x0, 0x0, 0x0, 0xf, 0xf7, 0x0, 0x0, 0x0,
    0x0, 0xff, 0xfa, 0x0, 0x0, 0x0, 0xf, 0xff,
    0xf0, 0x0, 0x0, 0x0, 0x5, 0xff, 0x0, 0x0,
    0x0, 0x0, 0x5f, 0xf0, 0x0, 0x0, 0x0, 0x5,
    0xff, 0x0, 0x0,

    /* U+04AD "ҭ" */
    0xcf, 0xff, 0xff, 0xff, 0x6a, 0xee, 0xff, 0xfe,
    0xe5, 0x0, 0xe, 0xf8, 0x0, 0x0, 0x0, 0xef,
    0x80, 0x0, 0x0, 0xe, 0xf8, 0x0, 0x0, 0x0,
    0xef, 0x80, 0x0, 0x0, 0xe, 0xf8, 0x0, 0x0,
    0x0, 0xef, 0xfa, 0x30, 0x0, 0xe, 0xff, 0xf5,
    0x0, 0x0, 0x1, 0xff, 0x50, 0x0, 0x0, 0x1f,
    0xf5, 0x0, 0x0, 0x1, 0xff, 0x50,

    /* U+04AE "Ү" */
    0xbf, 0xe0, 0x0, 0x7, 0xff, 0x33, 0xff, 0x70,
    0x0, 0xef, 0xb0, 0xb, 0xfe, 0x0, 0x6f, 0xf3,
    0x0, 0x2f, 0xf6, 0xd, 0xfa, 0x0, 0x0, 0xaf,
    0xd5, 0xff, 0x20, 0x0, 0x2, 0xff, 0xef, 0xa0,
    0x0, 0x0, 0x9, 0xff, 0xf2, 0x0, 0x0, 0x0,
    0x1f, 0xf9, 0x0, 0x0, 0x0, 0x0, 0xff, 0x80,
    0x0, 0x0, 0x0, 0xf, 0xf8, 0x0, 0x0, 0x0,
    0x0, 0xff, 0x80, 0x0, 0x0, 0x0, 0xf, 0xf8,
    0x0, 0x0,

    /* U+04AF "ү" */
    0xaf, 0xc0, 0x1, 0xff, 0x55, 0xff, 0x10, 0x5f,
    0xf0, 0xf, 0xf5, 0xa, 0xfa, 0x0, 0x9f, 0xa0,
    0xef, 0x40, 0x4, 0xfe, 0x3f, 0xe0, 0x0, 0xe,
    0xfa, 0xf9, 0x0, 0x0, 0x9f, 0xff, 0x40, 0x0,
    0x3, 0xff, 0xe0, 0x0, 0x0, 0xe, 0xf9, 0x0,
    0x0, 0x0, 0xdf, 0x80, 0x0, 0x0, 0xd, 0xf8,
    0x0, 0x0, 0x0, 0xdf, 0x80, 0x0,

    /* U+04B0 "Ұ" */
    0xbf, 0xe0, 0x0, 0x7, 0xff, 0x33, 0xff, 0x60,
    0x0, 0xef, 0xb0, 0xb, 0xfd, 0x0, 0x5f, 0xf3,
    0x0, 0x3f, 0xf4, 0xc, 0xfb, 0x0, 0x0, 0xbf,
    0xb3, 0xff, 0x30, 0x0, 0x3, 0xff, 0xdf, 0xb0,
    0x0, 0x0, 0x4e, 0xff, 0xfa, 0x10, 0x0, 0x9,
    0xff, 0xff, 0xf3, 0x0, 0x0, 0x0, 0xff, 0x80,
    0x0, 0x0, 0x0, 0xf, 0xf8, 0x0, 0x0, 0x0,
    0x0, 0xff, 0x80, 0x0, 0x0, 0x0, 0xf, 0xf8,
    0x0, 0x0,

    /* U+04B1 "ұ" */
    0xbf, 0xc0, 0x1, 0xff, 0x65, 0xff, 0x10, 0x5f,
    0xf1, 0xf, 0xf5, 0x9, 0xfb, 0x0, 0xbf, 0x90,
    0xef, 0x60, 0x5, 0xfe, 0x2f, 0xf1, 0x0, 0xf,
    0xf9, 0xfb, 0x0, 0x0, 0xbf, 0xff, 0x60, 0x0,
    0x3b, 0xff, 0xf8, 0x20, 0x8, 0xff, 0xff, 0xf5,
    0x0, 0x0, 0xdf, 0x80, 0x0, 0x0, 0xd, 0xf8,
    0x0, 0x0, 0x0, 0xdf, 0x80, 0x0,

    /* U+04B2 "Ҳ" */
    0x6f, 0xf6, 0x0, 0x9, 0xff, 0x30, 0xd, 0xfe,
    0x0, 0x2f, 0xfa, 0x0, 0x3, 0xff, 0x80, 0xbf,
    0xf1, 0x0, 0x0, 0xaf, 0xf5, 0xff, 0x70, 0x0,
    0x0, 0x1f, 0xff, 0xfd, 0x0, 0x0, 0x0, 0x7,
    0xff, 0xf4, 0x0, 0x0, 0x0, 0x8, 0xff, 0xf5,
    0x0, 0x0, 0x0, 0x2f, 0xff, 0xfe, 0x0, 0x0,
    0x0, 0xbf, 0xf4, 0xff, 0x80, 0x0, 0x5, 0xff,
    0x70, 0xaf, 0xf2, 0x0, 0xe, 0xfe, 0x0, 0x2f,
    0xff, 0xa2, 0x8f, 0xf5, 0x0, 0x8, 0xff, 0xf3,
    0x0, 0x0, 0x0, 0x0, 0x3f, 0xf3, 0x0, 0x0,
    0x0, 0x0, 0x3f, 0xf3, 0x0, 0x0, 0x0, 0x0,
    0x3f, 0xf3,

    /* U+04B3 "ҳ" */
    0x6f, 0xf2, 0x6, 0xff, 0x20, 0xd, 0xfb, 0x1e,
    0xf8, 0x0, 0x4, 0xff, 0xcf, 0xe0, 0x0, 0x0,
    0xbf, 0xff, 0x60, 0x0, 0x0, 0x4f, 0xff, 0x0,
    0x0, 0x0, 0xcf, 0xff, 0x70, 0x0, 0x5, 0xff,
    0xaf, 0xf1, 0x0, 0xe, 0xf9, 0xe, 0xff, 0xa0,
    0x8f, 0xf1, 0x5, 0xff, 0xf0, 0x0, 0x0, 0x0,
    0x6f, 0xf0, 0x0, 0x0, 0x0, 0x6f, 0xf0, 0x0,
    0x0, 0x0, 0x6f, 0xf0,

    /* U+04B4 "Ҵ" */
    0xbf, 0xff, 0xff, 0xff, 0x40, 0xaf, 0xe0, 0xa,
    0xee, 0xff, 0xfe, 0xe3, 0xa, 0xfe, 0x0, 0x0,
    0xf, 0xf8, 0x0, 0x0, 0xaf, 0xe0, 0x0, 0x0,
    0xff, 0x80, 0x0, 0xa, 0xfe, 0x0, 0x0, 0xf,
    0xf8, 0x0, 0x0, 0xaf, 0xe0, 0x0, 0x0, 0xff,
    0x80, 0x0, 0xa, 0xfe, 0x0, 0x0, 0xf, 0xf8,
    0x0, 0x0, 0xaf, 0xe0, 0x0, 0x0, 0xff, 0x80,
    0x0, 0xa, 0xfe, 0x0, 0x0, 0xf, 0xf8, 0x0,
    0x0, 0xaf, 0xe0, 0x0, 0x0, 0xff, 0x80, 0x0,
    0xa, 0xfe, 0x0, 0x0, 0xf, 0xff, 0xff, 0xff,
    0xff, 0xff, 0x70, 0x0, 0xff, 0xff, 0xff, 0xff,
    0xff, 0xf7, 0x0, 0x0, 0x0, 0x0, 0x0, 0x0,
    0xff, 0x70, 0x0, 0x0, 0x0, 0x0, 0x0, 0xf,
    0xf6, 0x0, 0x0, 0x0, 0x0, 0x0, 0x0, 0xde,
    0x50,

    /* U+04B5 "ҵ" */
    0xaf, 0xff, 0xff, 0x46, 0xff, 0x0, 0x9e, 0xff,
    0xfe, 0x36, 0xff, 0x0, 0x0, 0xcf, 0x90, 0x6,
    0xff, 0x0, 0x0, 0xcf, 0x90, 0x6, 0xff, 0x0,
    0x0, 0xcf, 0x90, 0x6, 0xff, 0x0, 0x0, 0xcf,
    0x90, 0x6, 0xff, 0x0, 0x0, 0xcf, 0x90, 0x6,
    0xff, 0x0, 0x0, 0xcf, 0xfe, 0xef, 0xff, 0xe4,
    0x0, 0xcf, 0xff, 0xff, 0xff, 0xf4, 0x0, 0x0,
    0x0, 0x0, 0xf, 0xf4, 0x0, 0x0, 0x0, 0x0,
    0xf, 0xf3, 0x0, 0x0, 0x0, 0x0, 0xa, 0xa1,

    /* U+04B6 "Ҷ" */
    0xdf, 0xa0, 0x0, 0xc, 0xfb, 0x0, 0xdf, 0xa0,
    0x0, 0xc, 0xfb, 0x0, 0xdf, 0xa0, 0x0, 0xc,
    0xfb, 0x0, 0xdf, 0xa0, 0x0, 0xc, 0xfb, 0x0,
    0xcf, 0xb0, 0x0, 0xc, 0xfb, 0x0, 0x9f, 0xf4,
    0x1, 0x2d, 0xfb, 0x0, 0x1e, 0xff, 0xff, 0xff,
    0xfb, 0x0, 0x1, 0x9d, 0xfe, 0xcf, 0xfb, 0x0,
    0x0, 0x0, 0x0, 0xc, 0xfb, 0x0, 0x0, 0x0,
    0x0, 0xc, 0xfb, 0x0, 0x0, 0x0, 0x0, 0xc,
    0xff, 0xa5, 0x0, 0x0, 0x0, 0xc, 0xff, 0xf8,
    0x0, 0x0, 0x0, 0x0, 0xe, 0xf8, 0x0, 0x0,
    0x0, 0x0, 0xe, 0xf8, 0x0, 0x0, 0x0, 0x0,
    0xe, 0xf8,

    /* U+04B7 "ҷ" */
    0x4f, 0xf2, 0x0, 0xef, 0x70, 0x4, 0xff, 0x20,
    0xe, 0xf7, 0x0, 0x4f, 0xf2, 0x0, 0xef, 0x70,
    0x2, 0xff, 0x60, 0xe, 0xf7, 0x0, 0xc, 0xff,
    0xff, 0xff, 0x70, 0x0, 0x18, 0xdf, 0xff, 0xf7,
    0x0, 0x0, 0x0, 0x0, 0xef, 0x70, 0x0, 0x0,
    0x0, 0xe, 0xff, 0xa3, 0x0, 0x0, 0x0, 0xef,
    0xff, 0x50, 0x0, 0x0, 0x0, 0x1f, 0xf5, 0x0,
    0x0, 0x0, 0x1, 0xff, 0x50, 0x0, 0x0, 0x0,
    0x1f, 0xf5,

    /* U+04B8 "Ҹ" */
    0x1f, 0xf6, 0x0, 0x0, 0xff, 0x81, 0xff, 0x60,
    0x0, 0xf, 0xf8, 0x1f, 0xf6, 0x0, 0x0, 0xff,
    0x81, 0xff, 0x60, 0xf7, 0xf, 0xf8, 0xf, 0xf9,
    0xf, 0x70, 0xff, 0x80, 0xbf, 0xfa, 0xfb, 0xaf,
    0xf8, 0x1, 0xef, 0xff, 0xff, 0xff, 0x80, 0x0,
    0x58, 0xfc, 0x7f, 0xf8, 0x0, 0x0, 0xf, 0x70,
    0xff, 0x80, 0x0, 0x0, 0x31, 0xf, 0xf8, 0x0,
    0x0, 0x0, 0x0, 0xff, 0x80, 0x0, 0x0, 0x0,
    0xf, 0xf8,

    /* U+04B9 "ҹ" */
    0x2f, 0xf4, 0x0, 0xcf, 0xa2, 0xff, 0x40, 0xc,
    0xfa, 0x2f, 0xf4, 0xe7, 0xcf, 0xa0, 0xff, 0x7e,
    0x7c, 0xfa, 0xa, 0xff, 0xfe, 0xff, 0xa0, 0x9,
    0xef, 0xff, 0xfa, 0x0, 0x0, 0xe7, 0xcf, 0xa0,
    0x0, 0x4, 0x2c, 0xfa, 0x0, 0x0, 0x0, 0xcf,
    0xa0,

    /* U+04BA "Һ" */
    0xef, 0x90, 0x0, 0x0, 0x0, 0xef, 0x90, 0x0,
    0x0, 0x0, 0xef, 0x90, 0x0, 0x0, 0x0, 0xef,
    0x90, 0x0, 0x0, 0x0, 0xef, 0xee, 0xff, 0xd8,
    0x0, 0xef, 0xff, 0xff, 0xff, 0xc0, 0xef, 0xb1,
    0x1, 0x7f, 0xf6, 0xef, 0x90, 0x0, 0xe, 0xfa,
    0xef, 0x90, 0x0, 0xc, 0xfb, 0xef, 0x90, 0x0,
    0xc, 0xfb, 0xef, 0x90, 0x0, 0xc, 0xfb, 0xef,
    0x90, 0x0, 0xc, 0xfb,

    /* U+04BB "һ" */
    0x18, 0x82, 0x0, 0x0, 0x2, 0xff, 0x40, 0x0,
    0x0, 0x2f, 0xf4, 0x0, 0x0, 0x2, 0xff, 0x40,
    0x0, 0x0, 0x2f, 0xf6, 0xcf, 0xd6, 0x2, 0xff,
    0xff, 0xff, 0xf3, 0x2f, 0xf8, 0x1, 0xff, 0x82,
    0xff, 0x40, 0xc, 0xf9, 0x2f, 0xf4, 0x0, 0xcf,
    0xa2, 0xff, 0x40, 0xc, 0xfa, 0x2f, 0xf4, 0x0,
    0xcf, 0xa2, 0xff, 0x40, 0xc, 0xfa, 0x2f, 0xf4,
    0x0, 0xcf, 0xa0,

    /* U+04BC "Ҽ" */
    0x0, 0x0, 0x2, 0x9e, 0xfd, 0x80, 0x0, 0x0,
    0x0, 0x3e, 0xff, 0xff, 0xfc, 0x0, 0x0, 0x0,
    0xef, 0xe6, 0x37, 0xff, 0x70, 0x2f, 0x75, 0xff,
    0x40, 0x0, 0xaf, 0xd0, 0xf, 0xd9, 0xff, 0x0,
    0x0, 0x7f, 0xf0, 0x8, 0xff, 0xff, 0xff, 0xff,
    0xff, 0xf1, 0x0, 0x6d, 0xff, 0xff, 0xff, 0xff,
    0xf1, 0x0, 0x8, 0xff, 0x0, 0x0, 0x0, 0x0,
    0x0, 0x6, 0xff, 0x40, 0x0, 0x0, 0x0, 0x0,
    0x1, 0xef, 0xe6, 0x32, 0x47, 0x0, 0x0, 0x0,
    0x4f, 0xff, 0xff, 0xff, 0x30, 0x0, 0x0, 0x2,
    0x9d, 0xff, 0xda, 0x20,

    /* U+04BD "ҽ" */
    0x0, 0x0, 0x3b, 0xef, 0xc4, 0x0, 0x0, 0x4f,
    0xff, 0xff, 0xf3, 0x7f, 0x1d, 0xfb, 0x0, 0xaf,
    0xb2, 0xfe, 0xff, 0xb9, 0x9c, 0xff, 0x4, 0xcf,
    0xff, 0xff, 0xff, 0xf0, 0x1, 0xff, 0x60, 0x0,
    0x0, 0x0, 0xc, 0xfe, 0x20, 0x2b, 0x10, 0x0,
    0x2f, 0xff, 0xef, 0xf8, 0x0, 0x0, 0x2a, 0xef,
    0xd7, 0x0,

    /* U+04BE "Ҿ" */
    0x0, 0x0, 0x2, 0x9e, 0xfd, 0x80, 0x0, 0x0,
    0x0, 0x3e, 0xff, 0xff, 0xfc, 0x0, 0x0, 0x0,
    0xef, 0xe6, 0x37, 0xff, 0x70, 0x2f, 0x75, 0xff,
    0x40, 0x0, 0xaf, 0xd0, 0xf, 0xd9, 0xff, 0x0,
    0x0, 0x7f, 0xf0, 0x8, 0xff, 0xff, 0xff, 0xff,
    0xff, 0xf1, 0x0, 0x6d, 0xff, 0xff, 0xff, 0xff,
    0xf1, 0x0, 0x8, 0xff, 0x0, 0x0, 0x0, 0x0,
    0x0, 0x6, 0xff, 0x40, 0x0, 0x0, 0x0, 0x0,
    0x1, 0xef, 0xe6, 0x32, 0x47, 0x0, 0x0, 0x0,
    0x4f, 0xff, 0xff, 0xff, 0x30, 0x0, 0x0, 0x2,
    0x9f, 0xff, 0xea, 0x20, 0x0, 0x0, 0x0, 0x6,
    0xff, 0x0, 0x0, 0x0, 0x0, 0x0, 0x6, 0xff,
    0x0, 0x0, 0x0, 0x0, 0x0, 0x6, 0xff, 0x0,
    0x0, 0x0, 0x0, 0x0, 0x3, 0x88, 0x0, 0x0,

    /* U+04BF "ҿ" */
    0x0, 0x0, 0x4c, 0xee, 0xc4, 0x0, 0x0, 0x6f,
    0xff, 0xff, 0xf5, 0x7f, 0x5e, 0xf9, 0x0, 0x9f,
    0xc1, 0xef, 0xff, 0xff, 0xff, 0xff, 0x0, 0x6f,
    0xfb, 0x99, 0x99, 0x90, 0x0, 0xff, 0x70, 0x0,
    0x0, 0x0, 0xa, 0xfe, 0x30, 0x2d, 0x20, 0x0,
    0x1e, 0xff, 0xef, 0xf8, 0x0, 0x0, 0x1e, 0xff,
    0xf7, 0x0, 0x0, 0x0, 0x4f, 0xf2, 0x0, 0x0,
    0x0, 0x4, 0xff, 0x20, 0x0, 0x0, 0x0, 0x4f,
    0xf2, 0x0,

    /* U+04C0 "Ӏ" */
    0xcf, 0xbc, 0xfb, 0xcf, 0xbc, 0xfb, 0xcf, 0xbc,
    0xfb, 0xcf, 0xbc, 0xfb, 0xcf, 0xbc, 0xfb, 0xcf,
    0xbc, 0xfb,

    /* U+04C1 "Ӂ" */
    0x0, 0x0, 0x0, 0x20, 0x0, 0x20, 0x0, 0x0,
    0x0, 0x0, 0x0, 0x3f, 0x91, 0xaf, 0x30, 0x0,
    0x0, 0x0, 0x0, 0x0, 0x9f, 0xff, 0x90, 0x0,
    0x0, 0x0, 0x0, 0x0, 0x0, 0x13, 0x10, 0x0,
    0x0, 0x0, 0x5f, 0xfb, 0x0, 0xa, 0xfd, 0x0,
    0x9, 0xff, 0x70, 0xbf, 0xf3, 0x0, 0xaf, 0xd0,
    0x2, 0xff, 0xd0, 0x2, 0xff, 0xc0, 0xa, 0xfd,
    0x0, 0xaf, 0xf3, 0x0, 0x7, 0xff, 0x40, 0xaf,
    0xd0, 0x2f, 0xf9, 0x0, 0x0, 0xd, 0xfd, 0xa,
    0xfd, 0xb, 0xfe, 0x10, 0x0, 0x0, 0x4f, 0xff,
    0xff, 0xff, 0xff, 0x60, 0x0, 0x0, 0x9, 0xff,
    0xff, 0xff, 0xff, 0xfb, 0x0, 0x0, 0x2, 0xff,
    0xc4, 0xbf, 0xe4, 0xaf, 0xf4, 0x0, 0x0, 0xcf,
    0xf3, 0xa, 0xfd, 0x1, 0xff, 0xd0, 0x0, 0x5f,
    0xfa, 0x0, 0xaf, 0xd0, 0x8, 0xff, 0x70, 0xe,
    0xff, 0x10, 0xa, 0xfd, 0x0, 0xe, 0xff, 0x18,
    0xff, 0x80, 0x0, 0xaf, 0xd0, 0x0, 0x6f, 0xfa,

    /* U+04C2 "ӂ" */
    0x0, 0x0, 0x12, 0x0, 0x12, 0x0, 0x0, 0x0,
    0x0, 0x6, 0xf7, 0x1b, 0xf1, 0x0, 0x0, 0x0,
    0x0, 0xb, 0xff, 0xf7, 0x0, 0x0, 0x0, 0x0,
    0x0, 0x2, 0x31, 0x0, 0x0, 0x0, 0x5f, 0xf9,
    0x0, 0xef, 0x70, 0x1f, 0xfe, 0x0, 0xbf, 0xf1,
    0xe, 0xf7, 0x8, 0xff, 0x40, 0x2, 0xff, 0x90,
    0xef, 0x71, 0xff, 0xb0, 0x0, 0x8, 0xff, 0x4f,
    0xf9, 0x9f, 0xf2, 0x0, 0x0, 0xf, 0xff, 0xff,
    0xff, 0xf9, 0x0, 0x0, 0x6, 0xff, 0xff, 0xff,
    0xff, 0xe1, 0x0, 0x1, 0xff, 0xb0, 0xef, 0x72,
    0xff, 0xa0, 0x0, 0xbf, 0xf2, 0xe, 0xf7, 0x8,
    0xff, 0x50, 0x5f, 0xf8, 0x0, 0xef, 0x70, 0xe,
    0xfe, 0x10,

    /* U+04C3 "Ӄ" */
    0xff, 0x90, 0x0, 0xef, 0xf2, 0xff, 0x90, 0x8,
    0xff, 0x60, 0xff, 0x90, 0x2f, 0xfb, 0x0, 0xff,
    0x90, 0xbf, 0xe1, 0x0, 0xff, 0x95, 0xff, 0x50,
    0x0, 0xff, 0xff, 0xff, 0x93, 0x0, 0xff, 0xff,
    0xff, 0xff, 0x60, 0xff, 0xb4, 0x47, 0xef, 0xf3,
    0xff, 0x90, 0x0, 0x2f, 0xf8, 0xff, 0x90, 0x0,
    0xd, 0xfb, 0xff, 0x90, 0x0, 0xc, 0xfa, 0xff,
    0x90, 0x0, 0xe, 0xf8, 0x0, 0x0, 0x1, 0x9f,
    0xf2, 0x0, 0x0, 0xd, 0xff, 0x70, 0x0, 0x0,
    0xb, 0xb4, 0x0,

    /* U+04C4 "ӄ" */
    0xef, 0x70, 0xe, 0xfe, 0x1e, 0xf7, 0x8, 0xff,
    0x40, 0xef, 0x72, 0xff, 0x80, 0xe, 0xf9, 0xbf,
    0xc0, 0x0, 0xef, 0xff, 0xff, 0x80, 0xe, 0xff,
    0xff, 0xff, 0x90, 0xef, 0x70, 0x2c, 0xff, 0x1e,
    0xf7, 0x0, 0x3f, 0xf3, 0xef, 0x70, 0x4, 0xff,
    0x10, 0x0, 0x4, 0xef, 0xa0, 0x0, 0x0, 0x7f,
    0xb0, 0x0, 0x0, 0x0, 0x40, 0x0,

    /* U+04C5 "Ӆ" */
    0x0, 0x3f, 0xff, 0xff, 0xff, 0xe0, 0x0, 0x4,
    0xff, 0xff, 0xff, 0xfe, 0x0, 0x0, 0x4f, 0xf2,
    0x0, 0x9f, 0xe0, 0x0, 0x5, 0xff, 0x10, 0x9,
    0xfe, 0x0, 0x0, 0x5f, 0xf1, 0x0, 0x9f, 0xe0,
    0x0, 0x6, 0xff, 0x0, 0x9, 0xfe, 0x0, 0x0,
    0x7f, 0xf0, 0x0, 0x9f, 0xe0, 0x0, 0x9, 0xfd,
    0x0, 0x9, 0xfe, 0x0, 0x0, 0xcf, 0xb0, 0x0,
    0x9f, 0xe0, 0x0, 0x6f, 0xf7, 0x0, 0x9, 0xfe,
    0x0, 0xaf, 0xfe, 0x10, 0x0, 0x9f, 0xfa, 0x7a,
    0xfb, 0x30, 0x0, 0x9, 0xff, 0xfb, 0x0, 0x0,
    0x0, 0x0, 0x0, 0x5f, 0xa0, 0x0, 0x0, 0x0,
    0x0, 0x9, 0xf6, 0x0, 0x0, 0x0, 0x0, 0x0,
    0xec, 0x0, 0x0, 0x0, 0x0, 0x0, 0x1, 0x10,

    /* U+04C6 "ӆ" */
    0x0, 0xff, 0xff, 0xff, 0xb0, 0x0, 0x1f, 0xfe,
    0xef, 0xfb, 0x0, 0x2, 0xff, 0x20, 0xaf, 0xb0,
    0x0, 0x3f, 0xf2, 0xa, 0xfb, 0x0, 0x4, 0xff,
    0x10, 0xaf, 0xb0, 0x0, 0x6f, 0xf0, 0xa, 0xfb,
    0x0, 0xc, 0xfc, 0x0, 0xaf, 0xb0, 0xc, 0xff,
    0x70, 0xa, 0xff, 0xa6, 0xcf, 0x90, 0x0, 0xaf,
    0xff, 0x90, 0x0, 0x0, 0x0, 0x7, 0xf8, 0x0,
    0x0, 0x0, 0x0, 0xbf, 0x30, 0x0, 0x0, 0x0,
    0x1f, 0xa0, 0x0, 0x0, 0x0, 0x0, 0x20, 0x0,

    /* U+04C7 "Ӈ" */
    0xef, 0x90, 0x0, 0x9, 0xfe, 0xef, 0x90, 0x0,
    0x9, 0xfe, 0xef, 0x90, 0x0, 0x9, 0xfe, 0xef,
    0x90, 0x0, 0x9, 0xfe, 0xef, 0x90, 0x0, 0x9,
    0xfe, 0xef, 0xff, 0xff, 0xff, 0xfe, 0xef, 0xff,
    0xff, 0xff, 0xfe, 0xef, 0x90, 0x0, 0x9, 0xfe,
    0xef, 0x90, 0x0, 0x9, 0xfe, 0xef, 0x90, 0x0,
    0x9, 0xfe, 0xef, 0x90, 0x0, 0x9, 0xfe, 0xef,
    0x90, 0x0, 0x9, 0xfe, 0x0, 0x0, 0x0, 0xc,
    0xfc, 0x0, 0x0, 0x7, 0xff, 0xf7, 0x0, 0x0,
    0x7, 0xfe, 0x80,

    /* U+04C8 "ӈ" */
    0x1f, 0xf4, 0x0, 0xbf, 0xb1, 0xff, 0x40, 0xb,
    0xfb, 0x1f, 0xf4, 0x0, 0xbf, 0xb1, 0xff, 0xee,
    0xef, 0xfb, 0x1f, 0xff, 0xff, 0xff, 0xb1, 0xff,
    0x40, 0xb, 0xfb, 0x1f, 0xf4, 0x0, 0xbf, 0xb1,
    0xff, 0x40, 0xb, 0xfb, 0x1f, 0xf4, 0x0, 0xbf,
    0xa0, 0x0, 0x0, 0xe, 0xf9, 0x0, 0x0, 0x8f,
    0xff, 0x40, 0x0, 0x9, 0xfd, 0x60,

    /* U+04C9 "Ӊ" */
    0xef, 0x90, 0x0, 0x9, 0xfe, 0x0, 0xef, 0x90,
    0x0, 0x9, 0xfe, 0x0, 0xef, 0x90, 0x0, 0x9,
    0xfe, 0x0, 0xef, 0x90, 0x0, 0x9, 0xfe, 0x0,
    0xef, 0x90, 0x0, 0x9, 0xfe, 0x0, 0xef, 0xff,
    0xff, 0xff, 0xfe, 0x0, 0xef, 0xff, 0xff, 0xff,
    0xfe, 0x0, 0xef, 0x90, 0x0, 0x9, 0xfe, 0x0,
    0xef, 0x90, 0x0, 0x9, 0xfe, 0x0, 0xef, 0x90,
    0x0, 0x9, 0xfe, 0x0, 0xef, 0x90, 0x0, 0x9,
    0xff, 0xa8, 0xef, 0x90, 0x0, 0x9, 0xff, 0xfc,
    0x0, 0x0, 0x0, 0x0, 0x4, 0xfb, 0x0, 0x0,
    0x0, 0x0, 0x8, 0xf6, 0x0, 0x0, 0x0, 0x0,
    0xe, 0xd0, 0x0, 0x0, 0x0, 0x0, 0x1, 0x10,

    /* U+04CA "ӊ" */
    0x1f, 0xf5, 0x0, 0xbf, 0xb0, 0x1, 0xff, 0x50,
    0xb, 0xfb, 0x0, 0x1f, 0xf5, 0x0, 0xbf, 0xb0,
    0x1, 0xff, 0x50, 0xb, 0xfb, 0x0, 0x1f, 0xff,
    0xff, 0xff, 0xb0, 0x1, 0xff, 0xee, 0xef, 0xfb,
    0x0, 0x1f, 0xf5, 0x0, 0xbf, 0xb0, 0x1, 0xff,
    0x50, 0xb, 0xff, 0xa6, 0x1f, 0xf5, 0x0, 0xbf,
    0xff, 0x90, 0x0, 0x0, 0x0, 0x7, 0xf8, 0x0,
    0x0, 0x0, 0x0, 0xbf, 0x30, 0x0, 0x0, 0x0,
    0x1f, 0xa0, 0x0, 0x0, 0x0, 0x0, 0x20, 0x0,

    /* U+04CB "Ӌ" */
    0xdf, 0xa0, 0x0, 0xc, 0xfb, 0xdf, 0xa0, 0x0,
    0xc, 0xfb, 0xdf, 0xa0, 0x0, 0xc, 0xfb, 0xdf,
    0xa0, 0x0, 0xc, 0xfb, 0xcf, 0xb0, 0x0, 0xc,
    0xfb, 0x9f, 0xf4, 0x1, 0x2d, 0xfb, 0x1e, 0xff,
    0xff, 0xff, 0xfb, 0x1, 0x9d, 0xfe, 0xcf, 0xfb,
    0x0, 0x0, 0x0, 0xc, 0xfb, 0x0, 0x0, 0x0,
    0xc, 0xfb, 0x0, 0x0, 0x6, 0xaf, 0xfb, 0x0,
    0x0, 0xa, 0xff, 0xfb, 0x0, 0x0, 0xa, 0xfc,
    0x0, 0x0, 0x0, 0xa, 0xfc, 0x0, 0x0, 0x0,
    0xa, 0xfc, 0x0,

    /* U+04CC "ӌ" */
    0x4f, 0xf2, 0x0, 0xef, 0x74, 0xff, 0x20, 0xe,
    0xf7, 0x4f, 0xf2, 0x0, 0xef, 0x72, 0xff, 0x60,
    0xe, 0xf7, 0xc, 0xff, 0xff, 0xff, 0x70, 0x18,
    0xdf, 0xff, 0xf7, 0x0, 0x0, 0x0, 0xef, 0x70,
    0x0, 0x8, 0xaf, 0xf7, 0x0, 0x0, 0xdf, 0xff,
    0x70, 0x0, 0xd, 0xf9, 0x0, 0x0, 0x0, 0xdf,
    0x90, 0x0, 0x0, 0xd, 0xf9, 0x0,

    /* U+04CD "Ӎ" */
    0xef, 0xf8, 0x0, 0x0, 0xa, 0xff, 0xc0, 0xe,
    0xff, 0xd0, 0x0, 0x0, 0xff, 0xfc, 0x0, 0xef,
    0xff, 0x30, 0x0, 0x5f, 0xff, 0xc0, 0xe, 0xfd,
    0xf9, 0x0, 0xb, 0xfd, 0xfc, 0x0, 0xef, 0x8f,
    0xe0, 0x1, 0xff, 0x9f, 0xc0, 0xe, 0xf6, 0xcf,
    0x40, 0x6f, 0xa9, 0xfc, 0x0, 0xef, 0x76, 0xfa,
    0xc, 0xf4, 0x9f, 0xc0, 0xe, 0xf8, 0x1f, 0xf2,
    0xfe, 0xa, 0xfc, 0x0, 0xef, 0x80, 0xbf, 0xdf,
    0x80, 0xbf, 0xc0, 0xe, 0xf9, 0x5, 0xff, 0xf3,
    0xb, 0xfc, 0x0, 0xef, 0x90, 0xf, 0xfd, 0x0,
    0xbf, 0xfa, 0x6e, 0xf9, 0x0, 0x9f, 0x70, 0xb,
    0xff, 0xf9, 0x0, 0x0, 0x0, 0x0, 0x0, 0x0,
    0x7f, 0x80, 0x0, 0x0, 0x0, 0x0, 0x0, 0xb,
    0xf4, 0x0, 0x0, 0x0, 0x0, 0x0, 0x1, 0xfb,
    0x0, 0x0, 0x0, 0x0, 0x0, 0x0, 0x2, 0x0,

    /* U+04CE "ӎ" */
    0xef, 0xf4, 0x0, 0x7, 0xff, 0xc0, 0xe, 0xff,
    0xa0, 0x0, 0xdf, 0xfc, 0x0, 0xef, 0xff, 0x0,
    0x3f, 0xff, 0xc0, 0xe, 0xff, 0xf6, 0x9, 0xff,
    0xfc, 0x0, 0xef, 0xaf, 0xc0, 0xfe, 0xaf, 0xc0,
    0xe, 0xf7, 0xcf, 0x9f, 0x8a, 0xfc, 0x0, 0xef,
    0x76, 0xff, 0xf2, 0xaf, 0xc0, 0xe, 0xf7, 0xf,
    0xfc, 0xa, 0xff, 0xa6, 0xef, 0x70, 0x9f, 0x60,
    0xaf, 0xff, 0x90, 0x0, 0x0, 0x0, 0x0, 0x7,
    0xf8, 0x0, 0x0, 0x0, 0x0, 0x0, 0xbf, 0x40,
    0x0, 0x0, 0x0, 0x0, 0x1f, 0xb0, 0x0, 0x0,
    0x0, 0x0, 0x0, 0x20, 0x0,

    /* U+04CF "ӏ" */
    0xcf, 0xbc, 0xfb, 0xcf, 0xbc, 0xfb, 0xcf, 0xbc,
    0xfb, 0xcf, 0xbc, 0xfb, 0xcf, 0xbc, 0xfb, 0xcf,
    0xbc, 0xfb,

    /* U+04D0 "Ӑ" */
    0x0, 0x2, 0x10, 0x2, 0x10, 0x0, 0x0, 0xf,
    0xc2, 0x6f, 0x70, 0x0, 0x0, 0x5, 0xff, 0xfc,
    0x0, 0x0, 0x0, 0x0, 0x13, 0x20, 0x0, 0x0,
    0x0, 0x0, 0xaf, 0xf1, 0x0, 0x0, 0x0, 0x0,
    0xff, 0xf6, 0x0, 0x0, 0x0, 0x6, 0xff, 0xfc,
    0x0, 0x0, 0x0, 0xc, 0xfc, 0xff, 0x20, 0x0,
    0x0, 0x2f, 0xf4, 0xdf, 0x80, 0x0, 0x0, 0x8f,
    0xf0, 0x8f, 0xe0, 0x0, 0x0, 0xdf, 0xa0, 0x3f,
    0xf4, 0x0, 0x4, 0xff, 0x50, 0xe, 0xfb, 0x0,
    0xa, 0xff, 0xff, 0xff, 0xff, 0x10, 0xf, 0xff,
    0xff, 0xff, 0xff, 0x70, 0x6f, 0xf5, 0x0, 0x0,
    0xdf, 0xd0, 0xcf, 0xe0, 0x0, 0x0, 0x7f, 0xf3,

    /* U+04D1 "ӑ" */
    0x0, 0x21, 0x0, 0x21, 0x0, 0x2f, 0xa1, 0x8f,
    0x40, 0x0, 0x8f, 0xff, 0xa0, 0x0, 0x0, 0x13,
    0x10, 0x0, 0x0, 0x8d, 0xfd, 0x80, 0x0, 0xbf,
    0xfc, 0xff, 0xb0, 0x2f, 0xf4, 0x6, 0xff, 0x10,
    0x0, 0x1, 0x4f, 0xf2, 0x4, 0xcf, 0xff, 0xff,
    0x32, 0xff, 0x95, 0x7f, 0xf3, 0x6f, 0xf1, 0x6,
    0xff, 0x32, 0xff, 0xfd, 0xff, 0xf3, 0x4, 0xcf,
    0xd5, 0xff, 0x60,

    /* U+04D2 "Ӓ" */
    0x0, 0x3e, 0x90, 0x2e, 0xa0, 0x0, 0x0, 0x4f,
    0xa0, 0x3f, 0xb0, 0x0, 0x0, 0x0, 0x0, 0x0,
    0x0, 0x0, 0x0, 0x0, 0xaf, 0xf1, 0x0, 0x0,
    0x0, 0x0, 0xff, 0xf6, 0x0, 0x0, 0x0, 0x6,
    0xff, 0xfc, 0x0, 0x0, 0x0, 0xc, 0xfc, 0xff,
    0x20, 0x0, 0x0, 0x2f, 0xf4, 0xdf, 0x80, 0x0,
    0x0, 0x8f, 0xf0, 0x8f, 0xe0, 0x0, 0x0, 0xdf,
    0xa0, 0x3f, 0xf4, 0x0, 0x4, 0xff, 0x50, 0xe,
    0xfb, 0x0, 0xa, 0xff, 0xff, 0xff, 0xff, 0x10,
    0xf, 0xff, 0xff, 0xff, 0xff, 0x70, 0x6f, 0xf5,
    0x0, 0x0, 0xdf, 0xd0, 0xcf, 0xe0, 0x0, 0x0,
    0x7f, 0xf3,

    /* U+04D3 "ӓ" */
    0x5, 0xf7, 0x5, 0xf7, 0x0, 0x6f, 0x70, 0x5f,
    0x80, 0x0, 0x0, 0x0, 0x0, 0x0, 0x8, 0xdf,
    0xd8, 0x0, 0xb, 0xff, 0xcf, 0xfb, 0x2, 0xff,
    0x40, 0x6f, 0xf1, 0x0, 0x0, 0x14, 0xff, 0x20,
    0x4c, 0xff, 0xff, 0xf3, 0x2f, 0xf9, 0x57, 0xff,
    0x36, 0xff, 0x10, 0x6f, 0xf3, 0x2f, 0xff, 0xdf,
    0xff, 0x30, 0x4c, 0xfd, 0x5f, 0xf6,

    /* U+04D4 "Ӕ" */
    0x0, 0x0, 0x0, 0xbf, 0xff, 0xff, 0xff, 0xf0,
    0x0, 0x0, 0x4, 0xff, 0xff, 0xff, 0xff, 0xe0,
    0x0, 0x0, 0xc, 0xff, 0xff, 0x0, 0x0, 0x0,
    0x0, 0x0, 0x5f, 0xf7, 0xff, 0x10, 0x0, 0x0,
    0x0, 0x0, 0xef, 0x94, 0xff, 0x10, 0x0, 0x0,
    0x0, 0x7, 0xff, 0x13, 0xff, 0xff, 0xff, 0x40,
    0x0, 0x1e, 0xf8, 0x2, 0xff, 0xfe, 0xee, 0x40,
    0x0, 0x8f, 0xff, 0xff, 0xff, 0x30, 0x0, 0x0,
    0x1, 0xff, 0xff, 0xff, 0xff, 0x40, 0x0, 0x0,
    0xa, 0xff, 0x10, 0x1, 0xff, 0x50, 0x0, 0x0,
    0x2f, 0xf8, 0x0, 0x0, 0xff, 0xfe, 0xee, 0xe7,
    0xbf, 0xf1, 0x0, 0x0, 0xff, 0xff, 0xff, 0xf7,

    /* U+04D5 "ӕ" */
    0x0, 0x7d, 0xfe, 0xa4, 0xae, 0xfc, 0x40, 0xb,
    0xff, 0xff, 0xff, 0xff, 0xff, 0xf4, 0x1d, 0xd6,
    0x2, 0xff, 0xc0, 0xa, 0xfb, 0x0, 0x48, 0x9a,
    0xff, 0xca, 0xac, 0xfe, 0xc, 0xff, 0xff, 0xff,
    0xff, 0xff, 0xfe, 0x5f, 0xf5, 0x0, 0xff, 0x70,
    0x0, 0x0, 0x6f, 0xf1, 0x2, 0xff, 0xe2, 0x0,
    0x51, 0x2f, 0xff, 0xef, 0xff, 0xff, 0xef, 0xf7,
    0x3, 0xcf, 0xfb, 0x42, 0xae, 0xfe, 0x92,

    /* U+04D6 "Ӗ" */
    0x1, 0x20, 0x1, 0x20, 0x0, 0x7f, 0x62, 0xcf,
    0x0, 0x0, 0xcf, 0xff, 0x60, 0x0, 0x0, 0x23,
    0x10, 0x0, 0xef, 0xff, 0xff, 0xff, 0x2e, 0xff,
    0xff, 0xff, 0xf2, 0xef, 0x90, 0x0, 0x0, 0xe,
    0xf9, 0x0, 0x0, 0x0, 0xef, 0x90, 0x0, 0x0,
    0xe, 0xff, 0xff, 0xff, 0x50, 0xef, 0xfe, 0xee,
    0xe5, 0xe, 0xf9, 0x0, 0x0, 0x0, 0xef, 0x90,
    0x0, 0x0, 0xe, 0xf9, 0x0, 0x0, 0x0, 0xef,
    0xff, 0xff, 0xff, 0x2e, 0xff, 0xff, 0xff, 0xf3,

    /* U+04D7 "ӗ" */
    0x0, 0x20, 0x0, 0x20, 0x0, 0x3f, 0xa1, 0x9f,
    0x30, 0x0, 0x9f, 0xff, 0x90, 0x0, 0x0, 0x13,
    0x10, 0x0, 0x0, 0x5c, 0xfe, 0xa2, 0x0, 0x6f,
    0xff, 0xff, 0xe1, 0xf, 0xf8, 0x1, 0xdf, 0x84,
    0xff, 0xa9, 0x9d, 0xfb, 0x6f, 0xff, 0xff, 0xff,
    0xb5, 0xff, 0x20, 0x0, 0x0, 0x1f, 0xfb, 0x10,
    0x3a, 0x0, 0x7f, 0xff, 0xef, 0xf5, 0x0, 0x5c,
    0xff, 0xc5, 0x0,

    /* U+04D8 "Ә" */
    0x3, 0xad, 0xff, 0xea, 0x30, 0x0, 0x4f, 0xff,
    0xff, 0xff, 0x70, 0x1, 0x84, 0x33, 0x5d, 0xff,
    0x30, 0x0, 0x0, 0x0, 0x1e, 0xfb, 0x0, 0x0,
    0x0, 0x0, 0x9f, 0xe6, 0xff, 0xff, 0xff, 0xff,
    0xff, 0x5f, 0xff, 0xff, 0xff, 0xff, 0xf4, 0xff,
    0x20, 0x0, 0xa, 0xfe, 0x1f, 0xf6, 0x0, 0x1,
    0xef, 0xa0, 0xaf, 0xe6, 0x34, 0xcf, 0xf3, 0x1,
    0xdf, 0xff, 0xff, 0xf7, 0x0, 0x1, 0x8d, 0xfe,
    0xb3, 0x0,

    /* U+04D9 "ә" */
    0x5, 0xbf, 0xfd, 0x60, 0x0, 0xef, 0xff, 0xff,
    0x90, 0x2, 0x10, 0x7, 0xff, 0x23, 0x99, 0x99,
    0x9f, 0xf6, 0x5f, 0xff, 0xff, 0xff, 0x84, 0xff,
    0x0, 0x1f, 0xf6, 0x1f, 0xf6, 0x8, 0xff, 0x20,
    0x9f, 0xff, 0xff, 0x80, 0x0, 0x8e, 0xfd, 0x60,
    0x0,

    /* U+04DA "Ӛ" */
    0x0, 0x7f, 0x50, 0x6f, 0x50, 0x0, 0x8, 0xf5,
    0x7, 0xf6, 0x0, 0x0, 0x0, 0x0, 0x0, 0x0,
    0x0, 0x3a, 0xdf, 0xfe, 0xa3, 0x0, 0x4, 0xff,
    0xff, 0xff, 0xf7, 0x0, 0x18, 0x43, 0x35, 0xdf,
    0xf3, 0x0, 0x0, 0x0, 0x1, 0xef, 0xb0, 0x0,
    0x0, 0x0, 0x9, 0xfe, 0x6f, 0xff, 0xff, 0xff,
    0xff, 0xf5, 0xff, 0xff, 0xff, 0xff, 0xff, 0x4f,
    0xf2, 0x0, 0x0, 0xaf, 0xe1, 0xff, 0x60, 0x0,
    0x1e, 0xfa, 0xa, 0xfe, 0x63, 0x4c, 0xff, 0x30,
    0x1d, 0xff, 0xff, 0xff, 0x70, 0x0, 0x18, 0xdf,
    0xeb, 0x30, 0x0,

    /* U+04DB "ӛ" */
    0x6, 0xf6, 0x5, 0xf7, 0x0, 0x7f, 0x70, 0x6f,
    0x80, 0x0, 0x0, 0x0, 0x0, 0x0, 0x5b, 0xff,
    0xd6, 0x0, 0xe, 0xff, 0xff, 0xf9, 0x0, 0x21,
    0x0, 0x7f, 0xf2, 0x39, 0x99, 0x99, 0xff, 0x65,
    0xff, 0xff, 0xff, 0xf8, 0x4f, 0xf0, 0x1, 0xff,
    0x61, 0xff, 0x60, 0x8f, 0xf2, 0x9, 0xff, 0xff,
    0xf8, 0x0, 0x8, 0xef, 0xd6, 0x0,

    /* U+04DC "Ӝ" */
    0x0, 0x0, 0x6, 0xf5, 0x6, 0xf6, 0x0, 0x0,
    0x0, 0x0, 0x0, 0x7f, 0x60, 0x6f, 0x70, 0x0,
    0x0, 0x0, 0x0, 0x0, 0x0, 0x0, 0x0, 0x0,
    0x0, 0x5, 0xff, 0xb0, 0x0, 0xaf, 0xd0, 0x0,
    0x9f, 0xf7, 0xb, 0xff, 0x30, 0xa, 0xfd, 0x0,
    0x2f, 0xfd, 0x0, 0x2f, 0xfc, 0x0, 0xaf, 0xd0,
    0xa, 0xff, 0x30, 0x0, 0x7f, 0xf4, 0xa, 0xfd,
    0x2, 0xff, 0x90, 0x0, 0x0, 0xdf, 0xd0, 0xaf,
    0xd0, 0xbf, 0xe1, 0x0, 0x0, 0x4, 0xff, 0xff,
    0xff, 0xff, 0xf6, 0x0, 0x0, 0x0, 0x9f, 0xff,
    0xff, 0xff, 0xff, 0xb0, 0x0, 0x0, 0x2f, 0xfc,
    0x4b, 0xfe, 0x4a, 0xff, 0x40, 0x0, 0xc, 0xff,
    0x30, 0xaf, 0xd0, 0x1f, 0xfd, 0x0, 0x5, 0xff,
    0xa0, 0xa, 0xfd, 0x0, 0x8f, 0xf7, 0x0, 0xef,
    0xf1, 0x0, 0xaf, 0xd0, 0x0, 0xef, 0xf1, 0x8f,
    0xf8, 0x0, 0xa, 0xfd, 0x0, 0x6, 0xff, 0xa0,

    /* U+04DD "ӝ" */
    0x0, 0x0, 0x9f, 0x30, 0x8f, 0x40, 0x0, 0x0,
    0x0, 0xa, 0xf4, 0x9, 0xf5, 0x0, 0x0, 0x0,
    0x0, 0x0, 0x0, 0x0, 0x0, 0x0, 0x5, 0xff,
    0x90, 0xe, 0xf7, 0x1, 0xff, 0xe0, 0xb, 0xff,
    0x10, 0xef, 0x70, 0x8f, 0xf4, 0x0, 0x2f, 0xf9,
    0xe, 0xf7, 0x1f, 0xfb, 0x0, 0x0, 0x8f, 0xf4,
    0xff, 0x99, 0xff, 0x20, 0x0, 0x0, 0xff, 0xff,
    0xff, 0xff, 0x90, 0x0, 0x0, 0x6f, 0xff, 0xff,
    0xff, 0xfe, 0x10, 0x0, 0x1f, 0xfb, 0xe, 0xf7,
    0x2f, 0xfa, 0x0, 0xb, 0xff, 0x20, 0xef, 0x70,
    0x8f, 0xf5, 0x5, 0xff, 0x80, 0xe, 0xf7, 0x0,
    0xef, 0xe1,

    /* U+04DE "Ӟ" */
    0x0, 0xce, 0x10, 0xbe, 0x10, 0x0, 0xdf, 0x10,
    0xcf, 0x20, 0x0, 0x0, 0x0, 0x0, 0x0, 0x0,
    0x5c, 0xff, 0xd8, 0x10, 0x8, 0xff, 0xff, 0xff,
    0xd0, 0x1f, 0xfa, 0x10, 0x7f, 0xf6, 0x15, 0x51,
    0x0, 0xf, 0xf7, 0x0, 0x0, 0x0, 0x6f, 0xf3,
    0x0, 0x4, 0xff, 0xff, 0x50, 0x0, 0x4, 0xef,
    0xff, 0xa0, 0x0, 0x0, 0x0, 0x4f, 0xf7, 0x26,
    0x60, 0x0, 0xd, 0xfb, 0x4f, 0xf8, 0x0, 0x5f,
    0xf9, 0xb, 0xff, 0xff, 0xff, 0xe2, 0x0, 0x7c,
    0xff, 0xd8, 0x10,

    /* U+04DF "ӟ" */
    0x7, 0xf4, 0x7, 0xf5, 0x0, 0x8f, 0x50, 0x8f,
    0x60, 0x0, 0x0, 0x0, 0x0, 0x0, 0x1a, 0xef,
    0xd9, 0x10, 0xd, 0xff, 0xdf, 0xfb, 0x2, 0xbb,
    0x20, 0x7f, 0xf0, 0x0, 0x7, 0x8d, 0xf9, 0x0,
    0x0, 0xef, 0xfe, 0x40, 0x0, 0x0, 0x7, 0xff,
    0x4, 0xcc, 0x10, 0x5f, 0xf2, 0x1f, 0xff, 0xcf,
    0xfd, 0x0, 0x2a, 0xef, 0xd8, 0x10,

    /* U+04E0 "Ӡ" */
    0xd, 0xff, 0xff, 0xff, 0xf1, 0xd, 0xff, 0xff,
    0xff, 0xf1, 0x0, 0x0, 0x4, 0xff, 0x50, 0x0,
    0x0, 0x4f, 0xf5, 0x0, 0x0, 0x4, 0xff, 0x80,
    0x0, 0x0, 0x9, 0xff, 0xfb, 0x10, 0x0, 0x2,
    0x47, 0xef, 0xc0, 0x0, 0x0, 0x0, 0x5f, 0xf2,
    0x27, 0x71, 0x0, 0x3f, 0xf4, 0x2f, 0xf9, 0x1,
    0xaf, 0xf2, 0xa, 0xff, 0xff, 0xff, 0xa0, 0x0,
    0x7d, 0xfe, 0xc6, 0x0,

    /* U+04E1 "ӡ" */
    0xd, 0xff, 0xff, 0xff, 0xf0, 0xc, 0xee, 0xee,
    0xff, 0xe0, 0x0, 0x0, 0x5, 0xff, 0x30, 0x0,
    0x0, 0x5f, 0xf4, 0x0, 0x0, 0x4, 0xff, 0x60,
    0x0, 0x0, 0x9, 0xff, 0xfa, 0x10, 0x0, 0x2,
    0x46, 0xef, 0xb0, 0x0, 0x0, 0x0, 0x4f, 0xf2,
    0x27, 0x71, 0x0, 0x2f, 0xf3, 0x2f, 0xf8, 0x0,
    0x9f, 0xf1, 0xa, 0xff, 0xff, 0xff, 0x90, 0x0,
    0x6d, 0xfe, 0xc5, 0x0,

    /* U+04E2 "Ӣ" */
    0x0, 0x11, 0x11, 0x11, 0x0, 0x0, 0xef, 0xff,
    0xfd, 0x0, 0x0, 0x34, 0x44, 0x43, 0x0, 0xff,
    0x70, 0x0, 0x1e, 0xfd, 0xff, 0x70, 0x0, 0x9f,
    0xfd, 0xff, 0x70, 0x3, 0xff, 0xfd, 0xff, 0x70,
    0xc, 0xff, 0xfd, 0xff, 0x70, 0x6f, 0xfc, 0xfd,
    0xff, 0x71, 0xef, 0x6a, 0xfd, 0xff, 0x79, 0xfd,
    0xa, 0xfd, 0xff, 0xbf, 0xf3, 0xa, 0xfd, 0xff,
    0xff, 0x90, 0xa, 0xfd, 0xff, 0xfe, 0x10, 0xa,
    0xfd, 0xff, 0xf6, 0x0, 0xa, 0xfd, 0xff, 0xc0,
    0x0, 0xa, 0xfd,

    /* U+04E3 "ӣ" */
    0x0, 0xff, 0xff, 0xfc, 0x0, 0x5, 0x55, 0x55,
    0x40, 0x0, 0x0, 0x0, 0x0, 0x1, 0xff, 0x50,
    0xe, 0xfb, 0x1f, 0xf5, 0x7, 0xff, 0xb1, 0xff,
    0x51, 0xff, 0xfb, 0x1f, 0xf5, 0x9f, 0xef, 0xb1,
    0xff, 0x7f, 0xca, 0xfb, 0x1f, 0xfe, 0xf3, 0xaf,
    0xb1, 0xff, 0xfa, 0xa, 0xfb, 0x1f, 0xff, 0x20,
    0xaf, 0xb1, 0xff, 0x90, 0xa, 0xfb,

    /* U+04E4 "Ӥ" */
    0x1, 0xec, 0x1, 0xdc, 0x0, 0x1, 0xed, 0x1,
    0xed, 0x0, 0x0, 0x0, 0x0, 0x0, 0x0, 0xff,
    0x70, 0x0, 0x1e, 0xfd, 0xff, 0x70, 0x0, 0x9f,
    0xfd, 0xff, 0x70, 0x3, 0xff, 0xfd, 0xff, 0x70,
    0xc, 0xff, 0xfd, 0xff, 0x70, 0x6f, 0xfc, 0xfd,
    0xff, 0x71, 0xef, 0x6a, 0xfd, 0xff, 0x79, 0xfd,
    0xa, 0xfd, 0xff, 0xbf, 0xf3, 0xa, 0xfd, 0xff,
    0xff, 0x90, 0xa, 0xfd, 0xff, 0xfe, 0x10, 0xa,
    0xfd, 0xff, 0xf6, 0x0, 0xa, 0xfd, 0xff, 0xc0,
    0x0, 0xa, 0xfd,

    /* U+04E5 "ӥ" */
    0x2, 0xeb, 0x1, 0xec, 0x0, 0x2f, 0xc0, 0x2f,
    0xd0, 0x0, 0x0, 0x0, 0x0, 0x1, 0xff, 0x50,
    0xe, 0xfb, 0x1f, 0xf5, 0x7, 0xff, 0xb1, 0xff,
    0x51, 0xff, 0xfb, 0x1f, 0xf5, 0x9f, 0xef, 0xb1,
    0xff, 0x7f, 0xca, 0xfb, 0x1f, 0xfe, 0xf3, 0xaf,
    0xb1, 0xff, 0xfa, 0xa, 0xfb, 0x1f, 0xff, 0x20,
    0xaf, 0xb1, 0xff, 0x90, 0xa, 0xfb,

    /* U+04E6 "Ӧ" */
    0x0, 0x2e, 0xb0, 0x1e, 0xc0, 0x0, 0x2, 0xfc,
    0x2, 0xfd, 0x0, 0x0, 0x0, 0x0, 0x0, 0x0,
    0x0, 0x0, 0x6c, 0xfe, 0xb4, 0x0, 0x0, 0xbf,
    0xff, 0xff, 0xf7, 0x0, 0x7f, 0xf7, 0x12, 0xbf,
    0xf3, 0xe, 0xfa, 0x0, 0x0, 0xef, 0x92, 0xff,
    0x50, 0x0, 0xa, 0xfd, 0x4f, 0xf4, 0x0, 0x0,
    0x8f, 0xf4, 0xff, 0x40, 0x0, 0x8, 0xff, 0x2f,
    0xf5, 0x0, 0x0, 0xaf, 0xe0, 0xef, 0xa0, 0x0,
    0xe, 0xfa, 0x7, 0xff, 0x71, 0x2a, 0xff, 0x30,
    0xb, 0xff, 0xff, 0xff, 0x70, 0x0, 0x6, 0xcf,
    0xeb, 0x40, 0x0,

    /* U+04E7 "ӧ" */
    0x3, 0xea, 0x2, 0xeb, 0x0, 0x3, 0xfb, 0x2,
    0xfc, 0x0, 0x0, 0x0, 0x0, 0x0, 0x0, 0x0,
    0x5c, 0xfe, 0xa2, 0x0, 0x7, 0xff, 0xff, 0xff,
    0x20, 0x1f, 0xf9, 0x1, 0xef, 0xa0, 0x5f, 0xf1,
    0x0, 0x7f, 0xf0, 0x6f, 0xf0, 0x0, 0x5f, 0xf0,
    0x5f, 0xf1, 0x0, 0x7f, 0xf0, 0x1f, 0xf8, 0x1,
    0xdf, 0xb0, 0x8, 0xff, 0xff, 0xff, 0x20, 0x0,
    0x6d, 0xfe, 0xb2, 0x0,

    /* U+04E8 "Ө" */
    0x0, 0x6, 0xcf, 0xeb, 0x40, 0x0, 0x0, 0xbf,
    0xff, 0xff, 0xf7, 0x0, 0x7, 0xff, 0x71, 0x29,
    0xff, 0x30, 0xd, 0xfa, 0x0, 0x0, 0xdf, 0xa0,
    0x1f, 0xf7, 0x22, 0x22, 0xaf, 0xe0, 0x3f, 0xff,
    0xff, 0xff, 0xff, 0xf0, 0x3f, 0xf8, 0x55, 0x55,
    0xbf, 0xf0, 0x2f, 0xf7, 0x0, 0x0, 0xaf, 0xe0,
    0xe, 0xfc, 0x0, 0x0, 0xff, 0xa0, 0x7, 0xff,
    0x81, 0x2b, 0xff, 0x40, 0x0, 0xbf, 0xff, 0xff,
    0xf8, 0x0, 0x0, 0x6, 0xcf, 0xeb, 0x40, 0x0,

    /* U+04E9 "ө" */
    0x0, 0x6c, 0xfe, 0xa2, 0x0, 0x8, 0xff, 0xff,
    0xff, 0x20, 0x1f, 0xf7, 0x1, 0xdf, 0xa0, 0x5f,
    0xf8, 0x88, 0xbf, 0xf0, 0x7f, 0xff, 0xff, 0xff,
    0xf0, 0x6f, 0xf1, 0x0, 0x8f, 0xf0, 0x1f, 0xf9,
    0x1, 0xef, 0xa0, 0x8, 0xff, 0xff, 0xff, 0x20,
    0x0, 0x6d, 0xfe, 0xa2, 0x0,

    /* U+04EA "Ӫ" */
    0x0, 0xd, 0xd0, 0xd, 0xd0, 0x0, 0x0, 0xe,
    0xe0, 0xe, 0xe1, 0x0, 0x0, 0x0, 0x0, 0x0,
    0x0, 0x0, 0x0, 0x6, 0xcf, 0xeb, 0x40, 0x0,
    0x0, 0xbf, 0xff, 0xff, 0xf7, 0x0, 0x7, 0xff,
    0x71, 0x29, 0xff, 0x30, 0xd, 0xfa, 0x0, 0x0,
    0xdf, 0xa0, 0x1f, 0xf7, 0x22, 0x22, 0xaf, 0xe0,
    0x3f, 0xff, 0xff, 0xff, 0xff, 0xf0, 0x3f, 0xf8,
    0x55, 0x55, 0xbf, 0xf0, 0x2f, 0xf7, 0x0, 0x0,
    0xaf, 0xe0, 0xe, 0xfc, 0x0, 0x0, 0xff, 0xa0,
    0x7, 0xff, 0x81, 0x2b, 0xff, 0x40, 0x0, 0xbf,
    0xff, 0xff, 0xf8, 0x0, 0x0, 0x6, 0xcf, 0xeb,
    0x40, 0x0,

    /* U+04EB "ӫ" */
    0x4, 0xf9, 0x3, 0xe9, 0x0, 0x4, 0xf9, 0x3,
    0xfa, 0x0, 0x0, 0x0, 0x0, 0x0, 0x0, 0x0,
    0x6c, 0xfe, 0xa2, 0x0, 0x8, 0xff, 0xff, 0xff,
    0x20, 0x1f, 0xf7, 0x1, 0xdf, 0xa0, 0x5f, 0xf8,
    0x88, 0xbf, 0xf0, 0x7f, 0xff, 0xff, 0xff, 0xf0,
    0x6f, 0xf1, 0x0, 0x8f, 0xf0, 0x1f, 0xf9, 0x1,
    0xef, 0xa0, 0x8, 0xff, 0xff, 0xff, 0x20, 0x0,
    0x6d, 0xfe, 0xa2, 0x0,

    /* U+04EC "Ӭ" */
    0x0, 0x7f, 0x50, 0x6f, 0x50, 0x0, 0x8, 0xf5,
    0x7, 0xf6, 0x0, 0x0, 0x0, 0x0, 0x0, 0x0,
    0x0, 0x4, 0xbe, 0xfd, 0x80, 0x0, 0x6, 0xff,
    0xff, 0xff, 0xd1, 0x1, 0xff, 0xb1, 0x4, 0xef,
    0xa0, 0x5f, 0xf2, 0x0, 0x7, 0xff, 0x10, 0x11,
    0x0, 0x0, 0x3f, 0xf4, 0x0, 0x0, 0xff, 0xff,
    0xff, 0x50, 0x0, 0xe, 0xff, 0xff, 0xf5, 0x0,
    0x0, 0x0, 0x3, 0xff, 0x46, 0xff, 0x20, 0x0,
    0x7f, 0xf1, 0x1f, 0xfb, 0x10, 0x3e, 0xfa, 0x0,
    0x6f, 0xff, 0xff, 0xfe, 0x10, 0x0, 0x4b, 0xef,
    0xe9, 0x10, 0x0,

    /* U+04ED "ӭ" */
    0x9, 0xf4, 0x8, 0xf4, 0x0, 0xaf, 0x40, 0x9f,
    0x50, 0x0, 0x0, 0x0, 0x0, 0x0, 0x19, 0xef,
    0xc5, 0x0, 0xd, 0xff, 0xff, 0xf6, 0x5, 0xff,
    0x10, 0xaf, 0xf0, 0x14, 0x31, 0x24, 0xff, 0x40,
    0x0, 0x8f, 0xff, 0xf5, 0x24, 0x32, 0x56, 0xff,
    0x36, 0xff, 0x10, 0x9f, 0xf0, 0xe, 0xff, 0xff,
    0xf6, 0x0, 0x1a, 0xef, 0xc5, 0x0,

    /* U+04EE "Ӯ" */
    0x0, 0x1, 0x11, 0x11, 0x0, 0x0, 0x4, 0xff,
    0xff, 0xf6, 0x0, 0x0, 0x14, 0x44, 0x44, 0x10,
    0x8, 0xff, 0x20, 0x0, 0x6f, 0xf4, 0xe, 0xfa,
    0x0, 0xc, 0xfd, 0x0, 0x7f, 0xf2, 0x2, 0xff,
    0x60, 0x0, 0xef, 0x90, 0x8f, 0xf0, 0x0, 0x7,
    0xff, 0x2e, 0xf8, 0x0, 0x0, 0xe, 0xfd, 0xff,
    0x20, 0x0, 0x0, 0x7f, 0xff, 0xb0, 0x0, 0x0,
    0x0, 0xef, 0xf4, 0x0, 0x0, 0x0, 0x9, 0xfd,
    0x0, 0x0, 0x0, 0x2, 0xef, 0x60, 0x0, 0x0,
    0xc, 0xff, 0xd0, 0x0, 0x0, 0x0, 0xdf, 0xa1,
    0x0, 0x0, 0x0,

    /* U+04EF "ӯ" */
    0x8, 0xff, 0xff, 0xf3, 0x0, 0x35, 0x55, 0x55,
    0x10, 0x0, 0x0, 0x0, 0x0, 0xc, 0xfc, 0x0,
    0x3f, 0xf5, 0x6f, 0xf1, 0x8, 0xfe, 0x1, 0xff,
    0x50, 0xdf, 0x90, 0xa, 0xfa, 0x1f, 0xf3, 0x0,
    0x4f, 0xf7, 0xfd, 0x0, 0x0, 0xef, 0xef, 0x70,
    0x0, 0x9, 0xff, 0xf2, 0x0, 0x0, 0x3f, 0xfc,
    0x0, 0x0, 0x0, 0xef, 0x60, 0x0, 0x0, 0x6f,
    0xf0, 0x0, 0x0, 0xff, 0xf9, 0x0, 0x0, 0xe,
    0xf9, 0x0, 0x0, 0x0,

    /* U+04F0 "Ӱ" */
    0x0, 0x6f, 0x60, 0x5f, 0x70, 0x0, 0x6, 0xf7,
    0x6, 0xf8, 0x0, 0x0, 0x0, 0x0, 0x0, 0x0,
    0x8, 0xff, 0x20, 0x0, 0x6f, 0xf4, 0xe, 0xfa,
    0x0, 0xc, 0xfd, 0x0, 0x7f, 0xf2, 0x2, 0xff,
    0x60, 0x0, 0xef, 0x90, 0x8f, 0xf0, 0x0, 0x7,
    0xff, 0x2e, 0xf8, 0x0, 0x0, 0xe, 0xfd, 0xff,
    0x20, 0x0, 0x0, 0x7f, 0xff, 0xb0, 0x0, 0x0,
    0x0, 0xef, 0xf4, 0x0, 0x0, 0x0, 0x9, 0xfd,
    0x0, 0x0, 0x0, 0x2, 0xef, 0x60, 0x0, 0x0,
    0xc, 0xff, 0xd0, 0x0, 0x0, 0x0, 0xdf, 0xa1,
    0x0, 0x0, 0x0,

    /* U+04F1 "ӱ" */
    0x9, 0xe3, 0x8, 0xf4, 0x0, 0xaf, 0x40, 0x9f,
    0x40, 0x0, 0x0, 0x0, 0x0, 0xc, 0xfc, 0x0,
    0x3f, 0xf5, 0x6f, 0xf1, 0x8, 0xfe, 0x1, 0xff,
    0x50, 0xdf, 0x90, 0xa, 0xfa, 0x1f, 0xf3, 0x0,
    0x4f, 0xf7, 0xfd, 0x0, 0x0, 0xef, 0xef, 0x70,
    0x0, 0x9, 0xff, 0xf2, 0x0, 0x0, 0x3f, 0xfc,
    0x0, 0x0, 0x0, 0xef, 0x60, 0x0, 0x0, 0x6f,
    0xf0, 0x0, 0x0, 0xff, 0xf9, 0x0, 0x0, 0xe,
    0xf9, 0x0, 0x0, 0x0,

    /* U+04F2 "Ӳ" */
    0x0, 0x0, 0x47, 0x32, 0x75, 0x0, 0x0, 0x1f,
    0xd2, 0xde, 0x20, 0x0, 0xa, 0xf3, 0xaf, 0x30,
    0x0, 0x0, 0x0, 0x0, 0x0, 0x0, 0x8f, 0xf2,
    0x0, 0x6, 0xff, 0x40, 0xef, 0xa0, 0x0, 0xcf,
    0xd0, 0x7, 0xff, 0x20, 0x2f, 0xf6, 0x0, 0xe,
    0xf9, 0x8, 0xff, 0x0, 0x0, 0x7f, 0xf2, 0xef,
    0x80, 0x0, 0x0, 0xef, 0xdf, 0xf2, 0x0, 0x0,
    0x7, 0xff, 0xfb, 0x0, 0x0, 0x0, 0xe, 0xff,
    0x40, 0x0, 0x0, 0x0, 0x9f, 0xd0, 0x0, 0x0,
    0x0, 0x2e, 0xf6, 0x0, 0x0, 0x0, 0xcf, 0xfd,
    0x0, 0x0, 0x0, 0xd, 0xfa, 0x10, 0x0, 0x0,

    /* U+04F3 "ӳ" */
    0x0, 0x1e, 0xe2, 0xcf, 0x40, 0x9, 0xf4, 0x9f,
    0x60, 0x0, 0x75, 0x7, 0x50, 0x0, 0x0, 0x0,
    0x0, 0x0, 0xcf, 0xc0, 0x3, 0xff, 0x56, 0xff,
    0x10, 0x8f, 0xe0, 0x1f, 0xf5, 0xd, 0xf9, 0x0,
    0xaf, 0xa1, 0xff, 0x30, 0x4, 0xff, 0x7f, 0xd0,
    0x0, 0xe, 0xfe, 0xf7, 0x0, 0x0, 0x9f, 0xff,
    0x20, 0x0, 0x3, 0xff, 0xc0, 0x0, 0x0, 0xe,
    0xf6, 0x0, 0x0, 0x6, 0xff, 0x0, 0x0, 0xf,
    0xff, 0x90, 0x0, 0x0, 0xef, 0x90, 0x0, 0x0,

    /* U+04F4 "Ӵ" */
    0x0, 0xae, 0x20, 0xae, 0x30, 0x0, 0xbf, 0x30,
    0xaf, 0x30, 0x0, 0x0, 0x0, 0x0, 0x0, 0xdf,
    0xa0, 0x0, 0xc, 0xfb, 0xdf, 0xa0, 0x0, 0xc,
    0xfb, 0xdf, 0xa0, 0x0, 0xc, 0xfb, 0xdf, 0xa0,
    0x0, 0xc, 0xfb, 0xcf, 0xb0, 0x0, 0xc, 0xfb,
    0x9f, 0xf4, 0x1, 0x2d, 0xfb, 0x1e, 0xff, 0xff,
    0xff, 0xfb, 0x1, 0x9d, 0xfe, 0xcf, 0xfb, 0x0,
    0x0, 0x0, 0xc, 0xfb, 0x0, 0x0, 0x0, 0xc,
    0xfb, 0x0, 0x0, 0x0, 0xc, 0xfb, 0x0, 0x0,
    0x0, 0xc, 0xfb,

    /* U+04F5 "ӵ" */
    0x3, 0xea, 0x2, 0xea, 0x0, 0x3f, 0xb0, 0x3f,
    0xb0, 0x0, 0x0, 0x0, 0x0, 0x4, 0xff, 0x20,
    0xe, 0xf7, 0x4f, 0xf2, 0x0, 0xef, 0x74, 0xff,
    0x20, 0xe, 0xf7, 0x2f, 0xf6, 0x0, 0xef, 0x70,
    0xcf, 0xff, 0xff, 0xf7, 0x1, 0x8d, 0xff, 0xff,
    0x70, 0x0, 0x0, 0xe, 0xf7, 0x0, 0x0, 0x0,
    0xef, 0x70, 0x0, 0x0, 0xe, 0xf7,

    /* U+04F6 "Ӷ" */
    0xef, 0xff, 0xff, 0xff, 0xef, 0xff, 0xff, 0xff,
    0xef, 0x90, 0x0, 0x0, 0xef, 0x90, 0x0, 0x0,
    0xef, 0x90, 0x0, 0x0, 0xef, 0x90, 0x0, 0x0,
    0xef, 0x90, 0x0, 0x0, 0xef, 0x90, 0x0, 0x0,
    0xef, 0x90, 0x0, 0x0, 0xef, 0x90, 0x0, 0x0,
    0xef, 0xfa, 0x40, 0x0, 0xef, 0xff, 0x60, 0x0,
    0x0, 0xff, 0x60, 0x0, 0x0, 0xff, 0x60, 0x0,
    0x0, 0xff, 0x60, 0x0,

    /* U+04F7 "ӷ" */
    0x1f, 0xff, 0xff, 0xf0, 0x1f, 0xfe, 0xee, 0xe0,
    0x1f, 0xf5, 0x0, 0x0, 0x1f, 0xf5, 0x0, 0x0,
    0x1f, 0xf5, 0x0, 0x0, 0x1f, 0xf5, 0x0, 0x0,
    0x1f, 0xf5, 0x0, 0x0, 0x1f, 0xff, 0xa1, 0x0,
    0x1f, 0xff, 0xf2, 0x0, 0x0, 0x4f, 0xf2, 0x0,
    0x0, 0x4f, 0xf2, 0x0, 0x0, 0x4f, 0xf2, 0x0,

    /* U+04F8 "Ӹ" */
    0x0, 0x7, 0xf5, 0x6, 0xf6, 0x0, 0x0, 0x0,
    0x7f, 0x60, 0x7f, 0x70, 0x0, 0x0, 0x0, 0x0,
    0x0, 0x0, 0x0, 0xe, 0xf9, 0x0, 0x0, 0x0,
    0xc, 0xfb, 0xef, 0x90, 0x0, 0x0, 0x0, 0xcf,
    0xbe, 0xf9, 0x0, 0x0, 0x0, 0xc, 0xfb, 0xef,
    0x90, 0x0, 0x0, 0x0, 0xcf, 0xbe, 0xff, 0xff,
    0xea, 0x30, 0xc, 0xfb, 0xef, 0xff, 0xff, 0xff,
    0x50, 0xcf, 0xbe, 0xf9, 0x0, 0x3d, 0xfe, 0xc,
    0xfb, 0xef, 0x90, 0x0, 0x6f, 0xf2, 0xcf, 0xbe,
    0xf9, 0x0, 0x6, 0xff, 0x2c, 0xfb, 0xef, 0x90,
    0x2, 0xdf, 0xe0, 0xcf, 0xbe, 0xff, 0xff, 0xff,
    0xf4, 0xc, 0xfb, 0xef, 0xff, 0xfe, 0xb3, 0x0,
    0xcf, 0xb0,

    /* U+04F9 "ӹ" */
    0x0, 0xc, 0xd1, 0xc, 0xe1, 0x0, 0x0, 0xd,
    0xe1, 0xd, 0xf1, 0x0, 0x0, 0x0, 0x0, 0x0,
    0x0, 0x0, 0xef, 0x70, 0x0, 0x0, 0x8, 0xfe,
    0xef, 0x70, 0x0, 0x0, 0x8, 0xfe, 0xef, 0x70,
    0x0, 0x0, 0x8, 0xfe, 0xef, 0xff, 0xfd, 0x70,
    0x8, 0xfe, 0xef, 0xfe, 0xef, 0xf9, 0x8, 0xfe,
    0xef, 0x70, 0x8, 0xff, 0x8, 0xfe, 0xef, 0x70,
    0x8, 0xff, 0x8, 0xfe, 0xef, 0xfe, 0xef, 0xf9,
    0x8, 0xfe, 0xef, 0xff, 0xfd, 0x70, 0x8, 0xfe,

    /* U+04FA "Ӻ" */
    0x2, 0xff, 0xff, 0xff, 0xfb, 0x2, 0xff, 0xff,
    0xff, 0xfb, 0x2, 0xff, 0x50, 0x0, 0x0, 0x2,
    0xff, 0x50, 0x0, 0x0, 0x5a, 0xff, 0xd8, 0x0,
    0x0, 0xbf, 0xff, 0xff, 0x10, 0x0, 0x2, 0xff,
    0x50, 0x0, 0x0, 0x2, 0xff, 0x50, 0x0, 0x0,
    0x2, 0xff, 0x50, 0x0, 0x0, 0x2, 0xff, 0x61,
    0x0, 0x0, 0x2, 0xff, 0xff, 0x80, 0x0, 0x2,
    0xff, 0xff, 0x80, 0x0, 0x0, 0x1, 0xff, 0x70,
    0x0, 0x0, 0xbf, 0xff, 0x20, 0x0, 0x0, 0xbf,
    0xd4, 0x0, 0x0,

    /* U+04FB "ӻ" */
    0x6, 0xff, 0xff, 0xfb, 0x6, 0xff, 0xee, 0xea,
    0x6, 0xff, 0x0, 0x0, 0xdf, 0xff, 0xff, 0x0,
    0x6e, 0xff, 0x87, 0x0, 0x6, 0xff, 0x0, 0x0,
    0x6, 0xff, 0x10, 0x0, 0x6, 0xff, 0xff, 0x0,
    0x6, 0xff, 0xff, 0x0, 0x0, 0xa, 0xfd, 0x0,
    0x4, 0xff, 0xf9, 0x0, 0x5, 0xfe, 0x90, 0x0,

    /* U+04FC "Ӽ" */
    0x6f, 0xf6, 0x0, 0x9, 0xff, 0x30, 0xd, 0xfe,
    0x0, 0x2f, 0xfa, 0x0, 0x3, 0xff, 0x80, 0xbf,
    0xf1, 0x0, 0x0, 0xaf, 0xf5, 0xff, 0x70, 0x0,
    0x0, 0x1f, 0xff, 0xfd, 0x0, 0x0, 0x0, 0x7,
    0xff, 0xf4, 0x0, 0x0, 0x0, 0x8, 0xff, 0xf5,
    0x0, 0x0, 0x0, 0x2f, 0xff, 0xfe, 0x0, 0x0,
    0x0, 0xbf, 0xf4, 0xff, 0x80, 0x0, 0x5, 0xff,
    0x70, 0xaf, 0xf3, 0x11, 0xe, 0xfe, 0x0, 0x2f,
    0xff, 0xfc, 0x8f, 0xf5, 0x0, 0x8, 0xff, 0xfc,
    0x0, 0x0, 0x0, 0x0, 0xc, 0xfb, 0x0, 0x0,
    0x0, 0x7, 0xff, 0xf6, 0x0, 0x0, 0x0, 0x7,
    0xfd, 0x70,

    /* U+04FD "ӽ" */
    0x6f, 0xf2, 0x6, 0xff, 0x20, 0xd, 0xfb, 0x1e,
    0xf8, 0x0, 0x4, 0xff, 0xcf, 0xe0, 0x0, 0x0,
    0xbf, 0xff, 0x60, 0x0, 0x0, 0x4f, 0xff, 0x0,
    0x0, 0x0, 0xcf, 0xff, 0x70, 0x0, 0x5, 0xff,
    0xaf, 0xf3, 0x11, 0xe, 0xf9, 0xe, 0xff, 0xf9,
    0x8f, 0xf1, 0x5, 0xff, 0xf9, 0x0, 0x0, 0x0,
    0xe, 0xf8, 0x0, 0x0, 0xa, 0xff, 0xf3, 0x0,
    0x0, 0xa, 0xfd, 0x50,

    /* U+04FE "Ӿ" */
    0x6f, 0xf6, 0x0, 0x9, 0xff, 0x30, 0xcf, 0xe1,
    0x3, 0xff, 0x90, 0x3, 0xff, 0x90, 0xcf, 0xe1,
    0x0, 0x8, 0xff, 0x7f, 0xf5, 0x0, 0x0, 0x1e,
    0xff, 0xfc, 0x0, 0x0, 0x7, 0xff, 0xff, 0xf5,
    0x0, 0x0, 0x2d, 0xff, 0xfb, 0x10, 0x0, 0x4,
    0xff, 0xef, 0xf1, 0x0, 0x0, 0xdf, 0xe2, 0xff,
    0xa0, 0x0, 0x6f, 0xf6, 0x9, 0xff, 0x30, 0xe,
    0xfd, 0x0, 0x1f, 0xfc, 0x8, 0xff, 0x50, 0x0,
    0x8f, 0xf5,

    /* U+04FF "ӿ" */
    0x7f, 0xf2, 0x6, 0xff, 0x20, 0xdf, 0xa0, 0xef,
    0x90, 0x5, 0xff, 0x9f, 0xf1, 0x0, 0x1d, 0xff,
    0xf9, 0x0, 0x8, 0xff, 0xff, 0xf4, 0x0, 0x2d,
    0xff, 0xfa, 0x10, 0x4, 0xff, 0xbf, 0xe1, 0x0,
    0xdf, 0xa0, 0xef, 0x90, 0x8f, 0xf1, 0x5, 0xff,
    0x30,

    /* U+0500 "Ԁ" */
    0x0, 0x0, 0x0, 0xd, 0xfb, 0x0, 0x0, 0x0,
    0xd, 0xfb, 0x0, 0x0, 0x0, 0xd, 0xfb, 0x0,
    0x0, 0x0, 0xd, 0xfb, 0x0, 0x4b, 0xef, 0xff,
    0xfb, 0x7, 0xff, 0xff, 0xff, 0xfb, 0x1f, 0xfb,
    0x20, 0xd, 0xfb, 0x5f, 0xf3, 0x0, 0xd, 0xfb,
    0x5f, 0xf3, 0x0, 0xd, 0xfb, 0x1f, 0xfb, 0x10,
    0xd, 0xfb, 0x7, 0xff, 0xff, 0xff, 0xfb, 0x0,
    0x4b, 0xef, 0xff, 0xfb,

    /* U+0501 "ԁ" */
    0x0, 0x0, 0x0, 0x68, 0x50, 0x0, 0x0, 0xc,
    0xfa, 0x0, 0x0, 0x0, 0xcf, 0xa0, 0x0, 0x0,
    0xc, 0xfa, 0x0, 0x9e, 0xe9, 0xcf, 0xa0, 0xaf,
    0xff, 0xff, 0xfa, 0x2f, 0xf8, 0x2, 0xef, 0xa5,
    0xff, 0x10, 0xc, 0xfa, 0x6f, 0xf0, 0x0, 0xcf,
    0xa5, 0xff, 0x0, 0xc, 0xfa, 0x2f, 0xf6, 0x1,
    0xef, 0xa0, 0xaf, 0xfd, 0xff, 0xfa, 0x0, 0x9e,
    0xea, 0xaf, 0xa0,

    /* U+0502 "Ԃ" */
    0x0, 0x0, 0x0, 0x7, 0xff, 0x0, 0x0, 0x0,
    0x0, 0x0, 0x0, 0x7f, 0xf0, 0x0, 0x0, 0x0,
    0x0, 0x0, 0x7, 0xff, 0x0, 0x0, 0x0, 0x0,
    0x0, 0x0, 0x7f, 0xf0, 0x0, 0x0, 0x0, 0x29,
    0xef, 0xff, 0xff, 0x2, 0xaa, 0x10, 0x2e, 0xff,
    0xff, 0xff, 0xf0, 0xf, 0xf6, 0xb, 0xff, 0x40,
    0x7, 0xff, 0x0, 0xef, 0x80, 0xff, 0x90, 0x0,
    0x7f, 0xf0, 0xd, 0xfa, 0xf, 0xf9, 0x0, 0x7,
    0xff, 0x0, 0xef, 0x90, 0xbf, 0xf3, 0x0, 0x7f,
    0xf0, 0x6f, 0xf5, 0x2, 0xff, 0xff, 0xff, 0xff,
    0xff, 0xfd, 0x0, 0x2, 0x9e, 0xff, 0xff, 0xff,
    0xea, 0x10,

    /* U+0503 "ԃ" */
    0x0, 0x0, 0x0, 0xbf, 0xb0, 0x0, 0x0, 0x0,
    0x0, 0x0, 0xbf, 0xb0, 0x0, 0x0, 0x0, 0x0,
    0x0, 0xbf, 0xb0, 0x0, 0x0, 0x0, 0x0, 0x0,
    0xbf, 0xb0, 0x0, 0x0, 0x0, 0x7e, 0xfa, 0xcf,
    0xb0, 0x0, 0x0, 0x6, 0xff, 0xff, 0xff, 0xb0,
    0x9, 0xa3, 0xe, 0xfb, 0x1, 0xdf, 0xb0, 0xc,
    0xf9, 0x1f, 0xf4, 0x0, 0xbf, 0xb0, 0xa, 0xfb,
    0x3f, 0xf2, 0x0, 0xbf, 0xb0, 0x9, 0xfd, 0x2f,
    0xf3, 0x0, 0xbf, 0xb0, 0xb, 0xfb, 0xe, 0xfa,
    0x1, 0xdf, 0xd0, 0x3f, 0xf7, 0x7, 0xff, 0xff,
    0xdf, 0xff, 0xff, 0xd0, 0x0, 0x8e, 0xfa, 0x15,
    0xdf, 0xe9, 0x10,

    /* U+0504 "Ԅ" */
    0x7f, 0xff, 0xeb, 0x30, 0x0, 0x0, 0x7, 0xff,
    0xff, 0xff, 0x50, 0x0, 0x0, 0x0, 0x0, 0x3e,
    0xfc, 0x0, 0x0, 0x0, 0x0, 0x0, 0xaf, 0xd0,
    0x0, 0x0, 0x0, 0x0, 0x3e, 0xf9, 0x3, 0xcc,
    0x10, 0x5f, 0xff, 0xf9, 0x0, 0x1f, 0xf5, 0x5,
    0xff, 0xfe, 0x80, 0x0, 0xff, 0x80, 0x0, 0x3,
    0xff, 0x90, 0xe, 0xf9, 0x0, 0x0, 0xa, 0xfd,
    0x0, 0xff, 0x70, 0x0, 0x0, 0x9f, 0xe1, 0x8f,
    0xf3, 0x0, 0x0, 0x4, 0xff, 0xff, 0xf9, 0x0,
    0x0, 0x0, 0x7, 0xef, 0xd6, 0x0,

    /* U+0505 "ԅ" */
    0x9f, 0xfe, 0xa2, 0x0, 0x0, 0x8, 0xee, 0xff,
    0xe0, 0x0, 0x0, 0x0, 0x4, 0xff, 0x40, 0x22,
    0x0, 0x0, 0x5f, 0xf2, 0xe, 0xf6, 0xe, 0xff,
    0xf7, 0x0, 0xbf, 0xa0, 0xbd, 0xef, 0xf4, 0xa,
    0xfb, 0x0, 0x0, 0xef, 0x90, 0xdf, 0x90, 0x0,
    0xb, 0xfe, 0xbf, 0xf2, 0x0, 0x0, 0x2b, 0xff,
    0xc3, 0x0,

    /* U+0506 "Ԇ" */
    0x7f, 0xff, 0xd8, 0x10, 0x0, 0x6e, 0xef, 0xff,
    0xd0, 0x0, 0x0, 0x0, 0x5f, 0xf5, 0x0, 0x0,
    0x0, 0xf, 0xf7, 0x0, 0x0, 0x0, 0x4f, 0xf3,
    0x0, 0xd, 0xef, 0xff, 0x60, 0x0, 0xe, 0xff,
    0xff, 0x70, 0x0, 0x0, 0x0, 0x7f, 0xf4, 0x0,
    0x0, 0x0, 0xe, 0xf8, 0x0, 0x0, 0x0, 0xd,
    0xfa, 0x21, 0x0, 0x0, 0xc, 0xff, 0xf7, 0x0,
    0x0, 0x9, 0xff, 0xf7, 0x0, 0x0, 0x0, 0xa,
    0xf5, 0x0, 0x0, 0x0, 0xf, 0xe0, 0x0, 0x0,
    0x0, 0x2b, 0x40,

    /* U+0507 "ԇ" */
    0x1f, 0xff, 0xd8, 0x10, 0x0, 0xe, 0xee, 0xff,
    0xd0, 0x0, 0x0, 0x0, 0x5f, 0xf4, 0x0, 0x0,
    0x0, 0x2f, 0xf3, 0x0, 0x6, 0xab, 0xef, 0xb0,
    0x0, 0xa, 0xff, 0xff, 0x90, 0x0, 0x0, 0x0,
    0x4f, 0xf4, 0x0, 0x0, 0x0, 0xf, 0xfe, 0xd2,
    0x0, 0x0, 0xe, 0xff, 0xf2, 0x0, 0x0, 0x0,
    0xe, 0xf1, 0x0, 0x0, 0x0, 0x3f, 0xb0, 0x0,
    0x0, 0x0, 0x5d, 0x20, 0x0, 0x0, 0x0, 0x0,
    0x0,

    /* U+0508 "Ԉ" */
    0x0, 0xf, 0xff, 0xff, 0xff, 0xd0, 0x0, 0x0,
    0x0, 0xf, 0xff, 0xff, 0xff, 0xd0, 0x0, 0x0,
    0x0, 0x1f, 0xf6, 0x0, 0xaf, 0xd0, 0x0, 0x0,
    0x0, 0x2f, 0xf5, 0x0, 0xaf, 0xd0, 0x0, 0x0,
    0x0, 0x2f, 0xf4, 0x0, 0xaf, 0xd0, 0xa, 0xb5,
    0x0, 0x3f, 0xf3, 0x0, 0xaf, 0xd0, 0xc, 0xfb,
    0x0, 0x4f, 0xf2, 0x0, 0xaf, 0xd0, 0x9, 0xfd,
    0x0, 0x6f, 0xf0, 0x0, 0xaf, 0xd0, 0x8, 0xff,
    0x0, 0x9f, 0xe0, 0x0, 0x9f, 0xd0, 0xa, 0xfd,
    0x4, 0xff, 0xa0, 0x0, 0x8f, 0xf0, 0x1e, 0xf9,
    0x7f, 0xff, 0x30, 0x0, 0x3f, 0xfe, 0xff, 0xe1,
    0x7f, 0xc4, 0x0, 0x0, 0x4, 0xcf, 0xea, 0x10,

    /* U+0509 "ԉ" */
    0x0, 0xbf, 0xff, 0xff, 0xc0, 0x0, 0x0, 0x0,
    0xcf, 0xff, 0xff, 0xc0, 0x4, 0x40, 0x0, 0xcf,
    0x80, 0xaf, 0xc0, 0xf, 0xf4, 0x0, 0xdf, 0x70,
    0xaf, 0xc0, 0xd, 0xf8, 0x0, 0xef, 0x60, 0xaf,
    0xc0, 0xc, 0xfa, 0x0, 0xff, 0x50, 0x9f, 0xc0,
    0xc, 0xf9, 0x6, 0xff, 0x20, 0x8f, 0xe0, 0x1f,
    0xf5, 0x7f, 0xfc, 0x0, 0x3f, 0xfd, 0xef, 0xd0,
    0x7f, 0xc2, 0x0, 0x4, 0xcf, 0xea, 0x10,

    /* U+050A "Ԋ" */
    0xef, 0x90, 0x0, 0xa, 0xfe, 0x0, 0x0, 0x0,
    0xef, 0x90, 0x0, 0xa, 0xfe, 0x0, 0x0, 0x0,
    0xef, 0x90, 0x0, 0xa, 0xfe, 0x0, 0x0, 0x0,
    0xef, 0x90, 0x0, 0xa, 0xfe, 0x0, 0x0, 0x0,
    0xef, 0x90, 0x0, 0xa, 0xfe, 0x0, 0xbc, 0x60,
    0xef, 0xff, 0xff, 0xff, 0xfe, 0x0, 0xbf, 0xb0,
    0xef, 0xff, 0xff, 0xff, 0xfe, 0x0, 0x9f, 0xe0,
    0xef, 0x90, 0x0, 0xa, 0xfe, 0x0, 0x8f, 0xf0,
    0xef, 0x90, 0x0, 0x9, 0xfe, 0x0, 0xaf, 0xe0,
    0xef, 0x90, 0x0, 0x7, 0xff, 0x34, 0xff, 0x90,
    0xef, 0x90, 0x0, 0x2, 0xff, 0xff, 0xfe, 0x10,
    0xef, 0x90, 0x0, 0x0, 0x4c, 0xfe, 0xa1, 0x0,

    /* U+050B "ԋ" */
    0x3f, 0xf2, 0x0, 0xcf, 0xa0, 0x0, 0x0, 0x3f,
    0xf2, 0x0, 0xcf, 0xa0, 0x0, 0x0, 0x3f, 0xf2,
    0x0, 0xcf, 0xa0, 0x3f, 0xf1, 0x3f, 0xf2, 0x0,
    0xcf, 0xa0, 0xf, 0xf5, 0x3f, 0xff, 0xff, 0xff,
    0xa0, 0xe, 0xf8, 0x3f, 0xfe, 0xee, 0xff, 0xa0,
    0xe, 0xf7, 0x3f, 0xf2, 0x0, 0xbf, 0xc0, 0x3f,
    0xf4, 0x3f, 0xf2, 0x0, 0x6f, 0xfd, 0xff, 0xc0,
    0x3f, 0xf2, 0x0, 0x7, 0xdf, 0xe9, 0x0,

    /* U+050C "Ԍ" */
    0x0, 0x8, 0xdf, 0xec, 0x50, 0x0, 0x1d, 0xff,
    0xff, 0xf9, 0x0, 0xc, 0xff, 0x61, 0x14, 0x30,
    0x3, 0xff, 0x70, 0x0, 0x0, 0x0, 0x5f, 0xf2,
    0x0, 0x0, 0x0, 0x6, 0xff, 0x10, 0x0, 0x47,
    0x60, 0x6f, 0xf1, 0x0, 0x7, 0xff, 0x5, 0xff,
    0x20, 0x0, 0x4f, 0xf2, 0x3f, 0xf7, 0x0, 0x4,
    0xff, 0x30, 0xcf, 0xf5, 0x11, 0xcf, 0xf0, 0x2,
    0xef, 0xff, 0xff, 0xf7, 0x0, 0x1, 0x8d, 0xfe,
    0xb4, 0x0,

    /* U+050D "ԍ" */
    0x0, 0x4c, 0xff, 0xc1, 0x0, 0x6f, 0xff, 0xff,
    0x0, 0x1f, 0xfa, 0x0, 0x30, 0x5, 0xff, 0x10,
    0x0, 0x0, 0x6f, 0xf0, 0x0, 0x77, 0x25, 0xff,
    0x20, 0xe, 0xf7, 0x1f, 0xfb, 0x0, 0xef, 0x70,
    0x6f, 0xff, 0xff, 0xf2, 0x0, 0x4c, 0xff, 0xc4,
    0x0,

    /* U+050E "Ԏ" */
    0xcf, 0xff, 0xff, 0xff, 0xfd, 0x0, 0xcf, 0xff,
    0xff, 0xff, 0xfd, 0x0, 0x0, 0x2, 0xff, 0x50,
    0x0, 0x0, 0x0, 0x2, 0xff, 0x50, 0x0, 0x0,
    0x0, 0x2, 0xff, 0x50, 0x5c, 0xb0, 0x0, 0x2,
    0xff, 0x50, 0x4f, 0xf2, 0x0, 0x2, 0xff, 0x50,
    0x1f, 0xf5, 0x0, 0x2, 0xff, 0x50, 0x1f, 0xf6,
    0x0, 0x2, 0xff, 0x50, 0x3f, 0xf5, 0x0, 0x0,
    0xff, 0x81, 0xbf, 0xf1, 0x0, 0x0, 0xaf, 0xff,
    0xff, 0x70, 0x0, 0x0, 0x19, 0xef, 0xc5, 0x0,

    /* U+050F "ԏ" */
    0x7f, 0xff, 0xff, 0xff, 0x10, 0x6, 0xee, 0xff,
    0xfe, 0xe1, 0x0, 0x0, 0xf, 0xf6, 0x0, 0x0,
    0x0, 0x0, 0xff, 0x60, 0x6f, 0xe0, 0x0, 0xf,
    0xf6, 0x2, 0xff, 0x30, 0x0, 0xff, 0x60, 0x2f,
    0xf4, 0x0, 0xd, 0xfa, 0x7, 0xff, 0x20, 0x0,
    0x7f, 0xff, 0xff, 0xa0, 0x0, 0x0, 0x8d, 0xfd,
    0x70, 0x0,

    /* U+0510 "Ԑ" */
    0x0, 0x29, 0xdf, 0xfc, 0x50, 0x0, 0x4f, 0xff,
    0xff, 0xff, 0x90, 0xc, 0xfe, 0x40, 0x19, 0xff,
    0x30, 0xef, 0x90, 0x0, 0x6, 0x62, 0x9, 0xfe,
    0x30, 0x0, 0x0, 0x0, 0x9, 0xff, 0xff, 0x60,
    0x0, 0x2, 0xdf, 0xff, 0xe5, 0x0, 0x0, 0xdf,
    0xc1, 0x0, 0x0, 0x0, 0x1f, 0xf6, 0x0, 0x0,
    0x56, 0x30, 0xff, 0xd3, 0x0, 0x7f, 0xf6, 0x6,
    0xff, 0xff, 0xff, 0xfc, 0x0, 0x3, 0xad, 0xff,
    0xc7, 0x0,

    /* U+0511 "ԑ" */
    0x1, 0x8d, 0xfe, 0xc4, 0x0, 0xcf, 0xfd, 0xef,
    0xf5, 0xf, 0xf7, 0x0, 0x9b, 0x70, 0x8f, 0xe9,
    0x93, 0x0, 0x4, 0xef, 0xff, 0x60, 0x1, 0xff,
    0x70, 0x0, 0x0, 0x2f, 0xf5, 0x0, 0x8c, 0xa0,
    0xcf, 0xfc, 0xdf, 0xf7, 0x0, 0x7d, 0xff, 0xc5,
    0x0,

    /* U+0512 "Ԓ" */
    0x0, 0x3f, 0xff, 0xff, 0xff, 0xe0, 0x0, 0x0,
    0x4f, 0xff, 0xff, 0xff, 0xe0, 0x0, 0x0, 0x4f,
    0xf2, 0x0, 0x9f, 0xe0, 0x0, 0x0, 0x5f, 0xf1,
    0x0, 0x9f, 0xe0, 0x0, 0x0, 0x5f, 0xf1, 0x0,
    0x9f, 0xe0, 0x0, 0x0, 0x6f, 0xf0, 0x0, 0x9f,
    0xe0, 0x0, 0x0, 0x7f, 0xf0, 0x0, 0x9f, 0xe0,
    0x0, 0x0, 0x9f, 0xd0, 0x0, 0x9f, 0xe0, 0x0,
    0x0, 0xcf, 0xb0, 0x0, 0x9f, 0xe0, 0x0, 0x6,
    0xff, 0x70, 0x0, 0x9f, 0xe2, 0x20, 0xaf, 0xfe,
    0x10, 0x0, 0x9f, 0xff, 0xf4, 0xaf, 0xb3, 0x0,
    0x0, 0x9f, 0xff, 0xf4, 0x0, 0x0, 0x0, 0x0,
    0x0, 0x4f, 0xf3, 0x0, 0x0, 0x0, 0x0, 0xf,
    0xff, 0xd0, 0x0, 0x0, 0x0, 0x0, 0xe, 0xfb,
    0x20,

    /* U+0513 "ԓ" */
    0x0, 0xff, 0xff, 0xff, 0xb0, 0x0, 0x1, 0xff,
    0xee, 0xff, 0xb0, 0x0, 0x2, 0xff, 0x20, 0xaf,
    0xb0, 0x0, 0x3, 0xff, 0x20, 0xaf, 0xb0, 0x0,
    0x4, 0xff, 0x10, 0xaf, 0xb0, 0x0, 0x6, 0xff,
    0x0, 0xaf, 0xb0, 0x0, 0xc, 0xfc, 0x0, 0xaf,
    0xc2, 0x20, 0xcf, 0xf7, 0x0, 0xaf, 0xff, 0xf2,
    0xcf, 0x90, 0x0, 0xaf, 0xff, 0xf2, 0x0, 0x0,
    0x0, 0x0, 0x7f, 0xf1, 0x0, 0x0, 0x0, 0x1f,
    0xff, 0xc0, 0x0, 0x0, 0x0, 0x2f, 0xea, 0x10,

    /* U+1E00 "Ḁ" */
    0x0, 0x0, 0xaf, 0xf1, 0x0, 0x0, 0x0, 0x0,
    0xff, 0xf6, 0x0, 0x0, 0x0, 0x6, 0xff, 0xfc,
    0x0, 0x0, 0x0, 0xc, 0xf8, 0xff, 0x20, 0x0,
    0x0, 0x2f, 0xf1, 0xaf, 0x80, 0x0, 0x0, 0x8f,
    0xc0, 0x5f, 0xe0, 0x0, 0x0, 0xdf, 0x60, 0xe,
    0xf4, 0x0, 0x4, 0xff, 0xff, 0xff, 0xfb, 0x0,
    0xa, 0xff, 0xff, 0xff, 0xff, 0x10, 0xf, 0xf6,
    0x0, 0x0, 0xff, 0x70, 0x6f, 0xf1, 0x0, 0x0,
    0xaf, 0xd0, 0xcf, 0xd0, 0x0, 0x0, 0x6f, 0xf3,
    0x0, 0x0, 0x4c, 0xa0, 0x0, 0x0, 0x0, 0x0,
    0xb3, 0xb4, 0x0, 0x0, 0x0, 0x0, 0x5d, 0xc0,
    0x0, 0x0,

    /* U+1E01 "ḁ" */
    0x0, 0x8d, 0xfd, 0x80, 0x0, 0xbf, 0xfc, 0xff,
    0xb0, 0x2f, 0xf4, 0x6, 0xff, 0x10, 0x0, 0x1,
    0x4f, 0xf2, 0x4, 0xcf, 0xff, 0xff, 0x32, 0xff,
    0x95, 0x7f, 0xf3, 0x6f, 0xf1, 0x6, 0xff, 0x32,
    0xff, 0xfd, 0xff, 0xf3, 0x4, 0xcf, 0xd5, 0xff,
    0x60, 0x2, 0xcb, 0x10, 0x0, 0x0, 0x96, 0x96,
    0x0, 0x0, 0x3, 0xdc, 0x20, 0x0,

    /* U+1E3E "Ḿ" */
    0x0, 0x0, 0x0, 0x6f, 0xe2, 0x0, 0x0, 0x0,
    0x0, 0x1f, 0xf3, 0x0, 0x0, 0x0, 0x0, 0x5,
    0x83, 0x0, 0x0, 0xe, 0xff, 0x80, 0x0, 0x0,
    0xaf, 0xfc, 0xef, 0xfd, 0x0, 0x0, 0xf, 0xff,
    0xce, 0xff, 0xf3, 0x0, 0x5, 0xff, 0xfc, 0xef,
    0xdf, 0x90, 0x0, 0xbf, 0xdf, 0xce, 0xf8, 0xfe,
    0x0, 0x1f, 0xf9, 0xfc, 0xef, 0x6c, 0xf4, 0x6,
    0xfa, 0x9f, 0xce, 0xf7, 0x6f, 0xa0, 0xcf, 0x49,
    0xfc, 0xef, 0x81, 0xff, 0x2f, 0xe0, 0xaf, 0xce,
    0xf8, 0xb, 0xfd, 0xf8, 0xb, 0xfc, 0xef, 0x90,
    0x5f, 0xff, 0x30, 0xbf, 0xce, 0xf9, 0x0, 0xff,
    0xd0, 0xb, 0xfc, 0xef, 0x90, 0x9, 0xf7, 0x0,
    0xbf, 0xc0,

    /* U+1E3F "ḿ" */
    0x0, 0x0, 0x0, 0x5, 0xff, 0x30, 0x0, 0x0,
    0x0, 0x0, 0x1e, 0xf4, 0x0, 0x0, 0x0, 0x0,
    0x0, 0x38, 0x40, 0x0, 0x0, 0x1f, 0xf5, 0xbf,
    0xe7, 0x1b, 0xfe, 0x80, 0x1f, 0xff, 0xff, 0xff,
    0xef, 0xff, 0xf6, 0x1f, 0xf9, 0x1, 0xff, 0xc0,
    0xc, 0xfb, 0x1f, 0xf5, 0x0, 0xdf, 0x80, 0x9,
    0xfc, 0x1f, 0xf5, 0x0, 0xdf, 0x80, 0x9, 0xfc,
    0x1f, 0xf5, 0x0, 0xdf, 0x80, 0x9, 0xfc, 0x1f,
    0xf5, 0x0, 0xdf, 0x80, 0x9, 0xfc, 0x1f, 0xf5,
    0x0, 0xdf, 0x80, 0x9, 0xfc, 0x1f, 0xf5, 0x0,
    0xdf, 0x80, 0x9, 0xfc,

    /* U+1E80 "Ẁ" */
    0x0, 0x0, 0x2f, 0xf5, 0x0, 0x0, 0x0, 0x0,
    0x0, 0x0, 0x3f, 0xe1, 0x0, 0x0, 0x0, 0x0,
    0x0, 0x0, 0x48, 0x40, 0x0, 0x0, 0x9, 0xfd,
    0x0, 0xb, 0xfa, 0x0, 0xf, 0xf7, 0x5f, 0xf0,
    0x0, 0xff, 0xd0, 0x2, 0xff, 0x42, 0xff, 0x30,
    0x2f, 0xff, 0x10, 0x5f, 0xf0, 0xe, 0xf7, 0x6,
    0xff, 0xf5, 0x8, 0xfc, 0x0, 0xbf, 0xa0, 0xaf,
    0xbf, 0x90, 0xbf, 0x90, 0x7, 0xfd, 0xe, 0xf4,
    0xfc, 0xe, 0xf5, 0x0, 0x4f, 0xf2, 0xfd, 0xe,
    0xf2, 0xff, 0x20, 0x0, 0xff, 0x9f, 0x90, 0xbf,
    0x9f, 0xe0, 0x0, 0xd, 0xff, 0xf5, 0x7, 0xff,
    0xfb, 0x0, 0x0, 0x9f, 0xff, 0x10, 0x3f, 0xff,
    0x70, 0x0, 0x5, 0xff, 0xd0, 0x0, 0xff, 0xf4,
    0x0, 0x0, 0x2f, 0xf9, 0x0, 0xb, 0xff, 0x0,
    0x0,

    /* U+1E81 "ẁ" */
    0x0, 0x6, 0xff, 0x20, 0x0, 0x0, 0x0, 0x0,
    0x7, 0xfb, 0x0, 0x0, 0x0, 0x0, 0x0, 0x6,
    0x81, 0x0, 0x0, 0xa, 0xfa, 0x0, 0xcf, 0x30,
    0x3f, 0xf1, 0x6f, 0xd0, 0x1f, 0xf8, 0x6, 0xfd,
    0x2, 0xff, 0x15, 0xff, 0xd0, 0x9f, 0x90, 0xd,
    0xf4, 0xaf, 0xdf, 0x1d, 0xf5, 0x0, 0x9f, 0x7e,
    0xd6, 0xf7, 0xff, 0x10, 0x5, 0xfd, 0xf9, 0x2f,
    0xef, 0xd0, 0x0, 0x1f, 0xff, 0x40, 0xdf, 0xf9,
    0x0, 0x0, 0xdf, 0xf0, 0x8, 0xff, 0x50, 0x0,
    0x9, 0xfa, 0x0, 0x3f, 0xf1, 0x0,

    /* U+1E82 "Ẃ" */
    0x0, 0x0, 0x0, 0x5, 0xff, 0x30, 0x0, 0x0,
    0x0, 0x0, 0x1, 0xef, 0x40, 0x0, 0x0, 0x0,
    0x0, 0x0, 0x48, 0x40, 0x0, 0x0, 0x9, 0xfd,
    0x0, 0xb, 0xfa, 0x0, 0xf, 0xf7, 0x5f, 0xf0,
    0x0, 0xff, 0xd0, 0x2, 0xff, 0x42, 0xff, 0x30,
    0x2f, 0xff, 0x10, 0x5f, 0xf0, 0xe, 0xf7, 0x6,
    0xff, 0xf5, 0x8, 0xfc, 0x0, 0xbf, 0xa0, 0xaf,
    0xbf, 0x90, 0xbf, 0x90, 0x7, 0xfd, 0xe, 0xf4,
    0xfc, 0xe, 0xf5, 0x0, 0x4f, 0xf2, 0xfd, 0xe,
    0xf2, 0xff, 0x20, 0x0, 0xff, 0x9f, 0x90, 0xbf,
    0x9f, 0xe0, 0x0, 0xd, 0xff, 0xf5, 0x7, 0xff,
    0xfb, 0x0, 0x0, 0x9f, 0xff, 0x10, 0x3f, 0xff,
    0x70, 0x0, 0x5, 0xff, 0xd0, 0x0, 0xff, 0xf4,
    0x0, 0x0, 0x2f, 0xf9, 0x0, 0xb, 0xff, 0x0,
    0x0,

    /* U+1E83 "ẃ" */
    0x0, 0x0, 0x0, 0x9f, 0xc0, 0x0, 0x0, 0x0,
    0x0, 0x4f, 0xd1, 0x0, 0x0, 0x0, 0x0, 0x6,
    0x82, 0x0, 0x0, 0xa, 0xfa, 0x0, 0xcf, 0x30,
    0x3f, 0xf1, 0x6f, 0xd0, 0x1f, 0xf8, 0x6, 0xfd,
    0x2, 0xff, 0x15, 0xff, 0xd0, 0x9f, 0x90, 0xd,
    0xf4, 0xaf, 0xdf, 0x1d, 0xf5, 0x0, 0x9f, 0x7e,
    0xd6, 0xf7, 0xff, 0x10, 0x5, 0xfd, 0xf9, 0x2f,
    0xef, 0xd0, 0x0, 0x1f, 0xff, 0x40, 0xdf, 0xf9,
    0x0, 0x0, 0xdf, 0xf0, 0x8, 0xff, 0x50, 0x0,
    0x9, 0xfa, 0x0, 0x3f, 0xf1, 0x0,

    /* U+1E84 "Ẅ" */
    0x0, 0x0, 0x6f, 0x50, 0x5f, 0x60, 0x0, 0x0,
    0x0, 0x7, 0xf6, 0x6, 0xf7, 0x0, 0x0, 0x0,
    0x0, 0x0, 0x0, 0x0, 0x0, 0x0, 0x9, 0xfd,
    0x0, 0xb, 0xfa, 0x0, 0xf, 0xf7, 0x5f, 0xf0,
    0x0, 0xff, 0xd0, 0x2, 0xff, 0x42, 0xff, 0x30,
    0x2f, 0xff, 0x10, 0x5f, 0xf0, 0xe, 0xf7, 0x6,
    0xff, 0xf5, 0x8, 0xfc, 0x0, 0xbf, 0xa0, 0xaf,
    0xbf, 0x90, 0xbf, 0x90, 0x7, 0xfd, 0xe, 0xf4,
    0xfc, 0xe, 0xf5, 0x0, 0x4f, 0xf2, 0xfd, 0xe,
    0xf2, 0xff, 0x20, 0x0, 0xff, 0x9f, 0x90, 0xbf,
    0x9f, 0xe0, 0x0, 0xd, 0xff, 0xf5, 0x7, 0xff,
    0xfb, 0x0, 0x0, 0x9f, 0xff, 0x10, 0x3f, 0xff,
    0x70, 0x0, 0x5, 0xff, 0xd0, 0x0, 0xff, 0xf4,
    0x0, 0x0, 0x2f, 0xf9, 0x0, 0xb, 0xff, 0x0,
    0x0,

    /* U+1E85 "ẅ" */
    0x0, 0xb, 0xe2, 0xa, 0xe3, 0x0, 0x0, 0x0,
    0xcf, 0x20, 0xbf, 0x30, 0x0, 0x0, 0x0, 0x0,
    0x0, 0x0, 0x0, 0xa, 0xfa, 0x0, 0xcf, 0x30,
    0x3f, 0xf1, 0x6f, 0xd0, 0x1f, 0xf8, 0x6, 0xfd,
    0x2, 0xff, 0x15, 0xff, 0xd0, 0x9f, 0x90, 0xd,
    0xf4, 0xaf, 0xdf, 0x1d, 0xf5, 0x0, 0x9f, 0x7e,
    0xd6, 0xf7, 0xff, 0x10, 0x5, 0xfd, 0xf9, 0x2f,
    0xef, 0xd0, 0x0, 0x1f, 0xff, 0x40, 0xdf, 0xf9,
    0x0, 0x0, 0xdf, 0xf0, 0x8, 0xff, 0x50, 0x0,
    0x9, 0xfa, 0x0, 0x3f, 0xf1, 0x0,

    /* U+1EA0 "Ạ" */
    0x0, 0x0, 0xaf, 0xf1, 0x0, 0x0, 0x0, 0x0,
    0xff, 0xf6, 0x0, 0x0, 0x0, 0x6, 0xff, 0xfc,
    0x0, 0x0, 0x0, 0xc, 0xfc, 0xff, 0x20, 0x0,
    0x0, 0x2f, 0xf4, 0xdf, 0x80, 0x0, 0x0, 0x8f,
    0xf0, 0x8f, 0xe0, 0x0, 0x0, 0xdf, 0xa0, 0x3f,
    0xf4, 0x0, 0x4, 0xff, 0x50, 0xe, 0xfb, 0x0,
    0xa, 0xff, 0xff, 0xff, 0xff, 0x10, 0xf, 0xff,
    0xff, 0xff, 0xff, 0x70, 0x6f, 0xf5, 0x0, 0x0,
    0xdf, 0xd0, 0xcf, 0xe0, 0x0, 0x0, 0x7f, 0xf3,
    0x0, 0x0, 0x3, 0x10, 0x0, 0x0, 0x0, 0x0,
    0x6f, 0xf0, 0x0, 0x0, 0x0, 0x0, 0x4f, 0xc0,
    0x0, 0x0,

    /* U+1EA1 "ạ" */
    0x0, 0x8d, 0xfd, 0x80, 0x0, 0xbf, 0xfc, 0xff,
    0xb0, 0x2f, 0xf4, 0x6, 0xff, 0x10, 0x0, 0x1,
    0x4f, 0xf2, 0x4, 0xcf, 0xff, 0xff, 0x32, 0xff,
    0x95, 0x7f, 0xf3, 0x6f, 0xf1, 0x6, 0xff, 0x32,
    0xff, 0xfd, 0xff, 0xf3, 0x4, 0xcf, 0xd5, 0xff,
    0x60, 0x0, 0x22, 0x0, 0x0, 0x0, 0x4f, 0xf2,
    0x0, 0x0, 0x2, 0xed, 0x10, 0x0,

    /* U+1EA2 "Ả" */
    0x0, 0x0, 0x4e, 0xb3, 0x0, 0x0, 0x0, 0x0,
    0x6, 0xfd, 0x0, 0x0, 0x0, 0x0, 0x3f, 0xd3,
    0x0, 0x0, 0x0, 0x0, 0x2, 0x10, 0x0, 0x0,
    0x0, 0x0, 0xaf, 0xf1, 0x0, 0x0, 0x0, 0x0,
    0xff, 0xf6, 0x0, 0x0, 0x0, 0x6, 0xff, 0xfc,
    0x0, 0x0, 0x0, 0xc, 0xfc, 0xff, 0x20, 0x0,
    0x0, 0x2f, 0xf4, 0xdf, 0x80, 0x0, 0x0, 0x8f,
    0xf0, 0x8f, 0xe0, 0x0, 0x0, 0xdf, 0xa0, 0x3f,
    0xf4, 0x0, 0x4, 0xff, 0x50, 0xe, 0xfb, 0x0,
    0xa, 0xff, 0xff, 0xff, 0xff, 0x10, 0xf, 0xff,
    0xff, 0xff, 0xff, 0x70, 0x6f, 0xf5, 0x0, 0x0,
    0xdf, 0xd0, 0xcf, 0xe0, 0x0, 0x0, 0x7f, 0xf3,

    /* U+1EA3 "ả" */
    0x0, 0x6, 0xea, 0x20, 0x0, 0x0, 0x18, 0xfa,
    0x0, 0x0, 0x6, 0xfb, 0x20, 0x0, 0x0, 0x2,
    0x10, 0x0, 0x0, 0x0, 0x0, 0x0, 0x0, 0x8,
    0xdf, 0xd8, 0x0, 0xb, 0xff, 0xcf, 0xfb, 0x2,
    0xff, 0x40, 0x6f, 0xf1, 0x0, 0x0, 0x14, 0xff,
    0x20, 0x4c, 0xff, 0xff, 0xf3, 0x2f, 0xf9, 0x57,
    0xff, 0x36, 0xff, 0x10, 0x6f, 0xf3, 0x2f, 0xff,
    0xdf, 0xff, 0x30, 0x4c, 0xfd, 0x5f, 0xf6,

    /* U+1EA4 "Ấ" */
    0x0, 0x0, 0x0, 0x0, 0xa, 0xc1, 0x0, 0x0,
    0x17, 0x50, 0x5f, 0x40, 0x0, 0x4, 0xe9, 0xe9,
    0x43, 0x0, 0x0, 0x5, 0x40, 0x16, 0x30, 0x0,
    0x0, 0x0, 0xaf, 0xf1, 0x0, 0x0, 0x0, 0x0,
    0xff, 0xf6, 0x0, 0x0, 0x0, 0x6, 0xff, 0xfc,
    0x0, 0x0, 0x0, 0xc, 0xfc, 0xff, 0x20, 0x0,
    0x0, 0x2f, 0xf4, 0xdf, 0x80, 0x0, 0x0, 0x8f,
    0xf0, 0x8f, 0xe0, 0x0, 0x0, 0xdf, 0xa0, 0x3f,
    0xf4, 0x0, 0x4, 0xff, 0x50, 0xe, 0xfb, 0x0,
    0xa, 0xff, 0xff, 0xff, 0xff, 0x10, 0xf, 0xff,
    0xff, 0xff, 0xff, 0x70, 0x6f, 0xf5, 0x0, 0x0,
    0xdf, 0xd0, 0xcf, 0xe0, 0x0, 0x0, 0x7f, 0xf3,

    /* U+1EA5 "ấ" */
    0x0, 0x0, 0x0, 0x0, 0x67, 0x0, 0x0, 0x0,
    0x0, 0x3f, 0x70, 0x0, 0xa, 0xfc, 0x1a, 0x90,
    0x0, 0x1c, 0xb1, 0xad, 0x20, 0x0, 0x0, 0x0,
    0x0, 0x0, 0x0, 0x0, 0x8, 0xdf, 0xd8, 0x0,
    0x0, 0xb, 0xff, 0xcf, 0xfb, 0x0, 0x2, 0xff,
    0x40, 0x6f, 0xf1, 0x0, 0x0, 0x0, 0x14, 0xff,
    0x20, 0x0, 0x4c, 0xff, 0xff, 0xf3, 0x0, 0x2f,
    0xf9, 0x57, 0xff, 0x30, 0x6, 0xff, 0x10, 0x6f,
    0xf3, 0x0, 0x2f, 0xff, 0xdf, 0xff, 0x30, 0x0,
    0x4c, 0xfd, 0x5f, 0xf6, 0x0,

    /* U+1EA6 "Ầ" */
    0x8d, 0x30, 0x0, 0x0, 0x0, 0x0, 0xc, 0xc0,
    0x17, 0x50, 0x0, 0x0, 0x1, 0x55, 0xea, 0xe9,
    0x0, 0x0, 0x0, 0x5, 0x40, 0x16, 0x30, 0x0,
    0x0, 0x0, 0xaf, 0xf1, 0x0, 0x0, 0x0, 0x0,
    0xff, 0xf6, 0x0, 0x0, 0x0, 0x6, 0xff, 0xfc,
    0x0, 0x0, 0x0, 0xc, 0xfc, 0xff, 0x20, 0x0,
    0x0, 0x2f, 0xf4, 0xdf, 0x80, 0x0, 0x0, 0x8f,
    0xf0, 0x8f, 0xe0, 0x0, 0x0, 0xdf, 0xa0, 0x3f,
    0xf4, 0x0, 0x4, 0xff, 0x50, 0xe, 0xfb, 0x0,
    0xa, 0xff, 0xff, 0xff, 0xff, 0x10, 0xf, 0xff,
    0xff, 0xff, 0xff, 0x70, 0x6f, 0xf5, 0x0, 0x0,
    0xdf, 0xd0, 0xcf, 0xe0, 0x0, 0x0, 0x7f, 0xf3,

    /* U+1EA7 "ầ" */
    0x7, 0x70, 0x0, 0x0, 0x0, 0x0, 0x5f, 0x50,
    0x0, 0x0, 0x0, 0x0, 0x7b, 0xa, 0xfc, 0x10,
    0x0, 0x0, 0x1c, 0xc1, 0xad, 0x20, 0x0, 0x0,
    0x0, 0x0, 0x0, 0x0, 0x0, 0x8, 0xdf, 0xd8,
    0x0, 0x0, 0xb, 0xff, 0xcf, 0xfb, 0x0, 0x2,
    0xff, 0x40, 0x6f, 0xf1, 0x0, 0x0, 0x0, 0x14,
    0xff, 0x20, 0x0, 0x4c, 0xff, 0xff, 0xf3, 0x0,
    0x2f, 0xf9, 0x57, 0xff, 0x30, 0x6, 0xff, 0x10,
    0x6f, 0xf3, 0x0, 0x2f, 0xff, 0xdf, 0xff, 0x30,
    0x0, 0x4c, 0xfd, 0x5f, 0xf6,

    /* U+1EA8 "Ẩ" */
    0x0, 0x0, 0x0, 0x1, 0xea, 0x0, 0x0, 0x0,
    0x0, 0x0, 0x5f, 0x30, 0x0, 0x0, 0x9f, 0xe3,
    0xd6, 0x0, 0x0, 0xa, 0xb1, 0x6d, 0x30, 0x0,
    0x0, 0x0, 0xaf, 0xf1, 0x0, 0x0, 0x0, 0x0,
    0xff, 0xf6, 0x0, 0x0, 0x0, 0x6, 0xff, 0xfc,
    0x0, 0x0, 0x0, 0xc, 0xfc, 0xff, 0x20, 0x0,
    0x0, 0x2f, 0xf4, 0xdf, 0x80, 0x0, 0x0, 0x8f,
    0xf0, 0x8f, 0xe0, 0x0, 0x0, 0xdf, 0xa0, 0x3f,
    0xf4, 0x0, 0x4, 0xff, 0x50, 0xe, 0xfb, 0x0,
    0xa, 0xff, 0xff, 0xff, 0xff, 0x10, 0xf, 0xff,
    0xff, 0xff, 0xff, 0x70, 0x6f, 0xf5, 0x0, 0x0,
    0xdf, 0xd0, 0xcf, 0xe0, 0x0, 0x0, 0x7f, 0xf3,

    /* U+1EA9 "ẩ" */
    0x0, 0x0, 0x0, 0x4e, 0x80, 0x0, 0x0, 0x0,
    0x8, 0xf1, 0x0, 0x1b, 0xec, 0x4d, 0x40, 0x1,
    0xba, 0x8, 0xc2, 0x0, 0x0, 0x0, 0x0, 0x0,
    0x0, 0x0, 0x8d, 0xfd, 0x80, 0x0, 0xb, 0xff,
    0xcf, 0xfb, 0x0, 0x2f, 0xf4, 0x6, 0xff, 0x10,
    0x0, 0x0, 0x14, 0xff, 0x20, 0x4, 0xcf, 0xff,
    0xff, 0x30, 0x2f, 0xf9, 0x57, 0xff, 0x30, 0x6f,
    0xf1, 0x6, 0xff, 0x30, 0x2f, 0xff, 0xdf, 0xff,
    0x30, 0x4, 0xcf, 0xd5, 0xff, 0x60,

    /* U+1EAA "Ẫ" */
    0x0, 0x0, 0x0, 0x0, 0x0, 0x0, 0x0, 0x1,
    0xdf, 0xf9, 0x0, 0x0, 0x0, 0x0, 0x28, 0x60,
    0x0, 0x0, 0x0, 0x3, 0xe9, 0xda, 0x0, 0x0,
    0x0, 0x6, 0x40, 0x16, 0x30, 0x0, 0x0, 0x0,
    0xaf, 0xf1, 0x0, 0x0, 0x0, 0x0, 0xff, 0xf6,
    0x0, 0x0, 0x0, 0x6, 0xff, 0xfc, 0x0, 0x0,
    0x0, 0xc, 0xfc, 0xff, 0x20, 0x0, 0x0, 0x2f,
    0xf4, 0xdf, 0x80, 0x0, 0x0, 0x8f, 0xf0, 0x8f,
    0xe0, 0x0, 0x0, 0xdf, 0xa0, 0x3f, 0xf4, 0x0,
    0x4, 0xff, 0x50, 0xe, 0xfb, 0x0, 0xa, 0xff,
    0xff, 0xff, 0xff, 0x10, 0xf, 0xff, 0xff, 0xff,
    0xff, 0x70, 0x6f, 0xf5, 0x0, 0x0, 0xdf, 0xd0,
    0xcf, 0xe0, 0x0, 0x0, 0x7f, 0xf3,

    /* U+1EAB "ẫ" */
    0x0, 0x0, 0x0, 0x0, 0x0, 0x2, 0xd8, 0x48,
    0x0, 0x0, 0x47, 0x5e, 0x50, 0x0, 0x0, 0xaf,
    0xc1, 0x0, 0x1, 0xcc, 0x1a, 0xd2, 0x0, 0x0,
    0x0, 0x0, 0x0, 0x0, 0x8d, 0xfd, 0x80, 0x0,
    0xbf, 0xfc, 0xff, 0xb0, 0x2f, 0xf4, 0x6, 0xff,
    0x10, 0x0, 0x1, 0x4f, 0xf2, 0x4, 0xcf, 0xff,
    0xff, 0x32, 0xff, 0x95, 0x7f, 0xf3, 0x6f, 0xf1,
    0x6, 0xff, 0x32, 0xff, 0xfd, 0xff, 0xf3, 0x4,
    0xcf, 0xd5, 0xff, 0x60,

    /* U+1EAC "Ậ" */
    0x0, 0x0, 0x9f, 0xd2, 0x0, 0x0, 0x0, 0x1c,
    0xe4, 0x9f, 0x50, 0x0, 0x0, 0x0, 0x0, 0x0,
    0x0, 0x0, 0x0, 0x0, 0xaf, 0xf1, 0x0, 0x0,
    0x0, 0x0, 0xff, 0xf6, 0x0, 0x0, 0x0, 0x6,
    0xff, 0xfc, 0x0, 0x0, 0x0, 0xc, 0xfc, 0xff,
    0x20, 0x0, 0x0, 0x2f, 0xf4, 0xdf, 0x80, 0x0,
    0x0, 0x8f, 0xf0, 0x8f, 0xe0, 0x0, 0x0, 0xdf,
    0xa0, 0x3f, 0xf4, 0x0, 0x4, 0xff, 0x50, 0xe,
    0xfb, 0x0, 0xa, 0xff, 0xff, 0xff, 0xff, 0x10,
    0xf, 0xff, 0xff, 0xff, 0xff, 0x70, 0x6f, 0xf5,
    0x0, 0x0, 0xdf, 0xd0, 0xcf, 0xe0, 0x0, 0x0,
    0x7f, 0xf3, 0x0, 0x0, 0x3, 0x10, 0x0, 0x0,
    0x0, 0x0, 0x6f, 0xf0, 0x0, 0x0, 0x0, 0x0,
    0x4f, 0xc0, 0x0, 0x0,

    /* U+1EAD "ậ" */
    0x0, 0x1b, 0xfc, 0x10, 0x0, 0x3d, 0xc3, 0xbe,
    0x30, 0x0, 0x0, 0x0, 0x0, 0x0, 0x8, 0xdf,
    0xd8, 0x0, 0xb, 0xff, 0xcf, 0xfb, 0x2, 0xff,
    0x40, 0x6f, 0xf1, 0x0, 0x0, 0x14, 0xff, 0x20,
    0x4c, 0xff, 0xff, 0xf3, 0x2f, 0xf9, 0x57, 0xff,
    0x36, 0xff, 0x10, 0x6f, 0xf3, 0x2f, 0xff, 0xdf,
    0xff, 0x30, 0x4c, 0xfd, 0x5f, 0xf6, 0x0, 0x2,
    0x20, 0x0, 0x0, 0x4, 0xff, 0x20, 0x0, 0x0,
    0x2e, 0xd1, 0x0, 0x0,

    /* U+1EAE "Ắ" */
    0x0, 0x0, 0x4, 0xf4, 0x0, 0x0, 0x0, 0x7,
    0x46, 0x67, 0x30, 0x0, 0x0, 0x7, 0xdf, 0xeb,
    0x10, 0x0, 0x0, 0x0, 0x0, 0x0, 0x0, 0x0,
    0x0, 0x0, 0xaf, 0xf1, 0x0, 0x0, 0x0, 0x0,
    0xff, 0xf6, 0x0, 0x0, 0x0, 0x6, 0xff, 0xfc,
    0x0, 0x0, 0x0, 0xc, 0xfc, 0xff, 0x20, 0x0,
    0x0, 0x2f, 0xf4, 0xdf, 0x80, 0x0, 0x0, 0x8f,
    0xf0, 0x8f, 0xe0, 0x0, 0x0, 0xdf, 0xa0, 0x3f,
    0xf4, 0x0, 0x4, 0xff, 0x50, 0xe, 0xfb, 0x0,
    0xa, 0xff, 0xff, 0xff, 0xff, 0x10, 0xf, 0xff,
    0xff, 0xff, 0xff, 0x70, 0x6f, 0xf5, 0x0, 0x0,
    0xdf, 0xd0, 0xcf, 0xe0, 0x0, 0x0, 0x7f, 0xf3,

    /* U+1EAF "ắ" */
    0x0, 0x0, 0x28, 0x20, 0x0, 0x0, 0xc, 0x90,
    0x0, 0x3, 0xf7, 0x6, 0xf4, 0x0, 0x6, 0xdf,
    0xe7, 0x0, 0x0, 0x0, 0x0, 0x0, 0x0, 0x18,
    0xef, 0xd8, 0x0, 0xc, 0xff, 0xcf, 0xfb, 0x1,
    0xbb, 0x30, 0x6f, 0xf1, 0x0, 0x0, 0x14, 0xff,
    0x20, 0x4c, 0xff, 0xff, 0xf3, 0x2f, 0xf9, 0x57,
    0xff, 0x36, 0xff, 0x10, 0x6f, 0xf3, 0x2f, 0xff,
    0xdf, 0xff, 0x30, 0x4c, 0xfd, 0x5f, 0xf6,

    /* U+1EB0 "Ằ" */
    0x0, 0x0, 0xbc, 0x0, 0x0, 0x0, 0x0, 0x7,
    0x58, 0x47, 0x30, 0x0, 0x0, 0x7, 0xdf, 0xeb,
    0x10, 0x0, 0x0, 0x0, 0x0, 0x0, 0x0, 0x0,
    0x0, 0x0, 0xaf, 0xf1, 0x0, 0x0, 0x0, 0x0,
    0xff, 0xf6, 0x0, 0x0, 0x0, 0x6, 0xff, 0xfc,
    0x0, 0x0, 0x0, 0xc, 0xfc, 0xff, 0x20, 0x0,
    0x0, 0x2f, 0xf4, 0xdf, 0x80, 0x0, 0x0, 0x8f,
    0xf0, 0x8f, 0xe0, 0x0, 0x0, 0xdf, 0xa0, 0x3f,
    0xf4, 0x0, 0x4, 0xff, 0x50, 0xe, 0xfb, 0x0,
    0xa, 0xff, 0xff, 0xff, 0xff, 0x10, 0xf, 0xff,
    0xff, 0xff, 0xff, 0x70, 0x6f, 0xf5, 0x0, 0x0,
    0xdf, 0xd0, 0xcf, 0xe0, 0x0, 0x0, 0x7f, 0xf3,

    /* U+1EB1 "ằ" */
    0x0, 0x18, 0x30, 0x0, 0x0, 0x0, 0x6e, 0x10,
    0x0, 0x3, 0xf7, 0x6, 0xf4, 0x0, 0x6, 0xdf,
    0xe7, 0x0, 0x0, 0x0, 0x0, 0x0, 0x0, 0x18,
    0xef, 0xd8, 0x0, 0xc, 0xff, 0xcf, 0xfb, 0x2,
    0xbb, 0x30, 0x6f, 0xf1, 0x0, 0x0, 0x14, 0xff,
    0x20, 0x4c, 0xff, 0xff, 0xf3, 0x2f, 0xf9, 0x57,
    0xff, 0x36, 0xff, 0x10, 0x6f, 0xf3, 0x2f, 0xff,
    0xdf, 0xff, 0x30, 0x4c, 0xfd, 0x5f, 0xf6,

    /* U+1EB2 "Ẳ" */
    0x0, 0x0, 0x3e, 0xc3, 0x0, 0x0, 0x0, 0x0,
    0x19, 0xe5, 0x0, 0x0, 0x0, 0x19, 0x54, 0x39,
    0x40, 0x0, 0x0, 0x8, 0xfe, 0xfb, 0x10, 0x0,
    0x0, 0x0, 0x1, 0x0, 0x0, 0x0, 0x0, 0x0,
    0xaf, 0xf1, 0x0, 0x0, 0x0, 0x0, 0xff, 0xf6,
    0x0, 0x0, 0x0, 0x6, 0xff, 0xfc, 0x0, 0x0,
    0x0, 0xc, 0xfc, 0xff, 0x20, 0x0, 0x0, 0x2f,
    0xf4, 0xdf, 0x80, 0x0, 0x0, 0x8f, 0xf0, 0x8f,
    0xe0, 0x0, 0x0, 0xdf, 0xa0, 0x3f, 0xf4, 0x0,
    0x4, 0xff, 0x50, 0xe, 0xfb, 0x0, 0xa, 0xff,
    0xff, 0xff, 0xff, 0x10, 0xf, 0xff, 0xff, 0xff,
    0xff, 0x70, 0x6f, 0xf5, 0x0, 0x0, 0xdf, 0xd0,
    0xcf, 0xe0, 0x0, 0x0, 0x7f, 0xf3,

    /* U+1EB3 "ẳ" */
    0x0, 0x5, 0xda, 0x10, 0x0, 0x0, 0x18, 0xf5,
    0x0, 0x0, 0x3, 0xb5, 0x0, 0x0, 0x4f, 0x60,
    0x6f, 0x40, 0x0, 0x8f, 0xff, 0x80, 0x0, 0x0,
    0x1, 0x0, 0x0, 0x1, 0x9e, 0xfd, 0x80, 0x0,
    0xdf, 0xfc, 0xff, 0xb0, 0x1a, 0xa2, 0x6, 0xff,
    0x10, 0x0, 0x1, 0x4f, 0xf2, 0x4, 0xcf, 0xff,
    0xff, 0x32, 0xff, 0x95, 0x7f, 0xf3, 0x6f, 0xf1,
    0x6, 0xff, 0x32, 0xff, 0xfd, 0xff, 0xf3, 0x4,
    0xcf, 0xd5, 0xff, 0x60,

    /* U+1EB4 "Ẵ" */
    0x0, 0x0, 0x0, 0x0, 0x0, 0x0, 0x0, 0x3,
    0xd8, 0x1e, 0x0, 0x0, 0x0, 0xa, 0x87, 0xfb,
    0x0, 0x0, 0x0, 0x7, 0x40, 0x27, 0x30, 0x0,
    0x0, 0x8, 0xff, 0xfc, 0x20, 0x0, 0x0, 0x0,
    0x1, 0x0, 0x0, 0x0, 0x0, 0x0, 0xaf, 0xf1,
    0x0, 0x0, 0x0, 0x0, 0xff, 0xf6, 0x0, 0x0,
    0x0, 0x6, 0xff, 0xfc, 0x0, 0x0, 0x0, 0xc,
    0xfc, 0xff, 0x20, 0x0, 0x0, 0x2f, 0xf4, 0xdf,
    0x80, 0x0, 0x0, 0x8f, 0xf0, 0x8f, 0xe0, 0x0,
    0x0, 0xdf, 0xa0, 0x3f, 0xf4, 0x0, 0x4, 0xff,
    0x50, 0xe, 0xfb, 0x0, 0xa, 0xff, 0xff, 0xff,
    0xff, 0x10, 0xf, 0xff, 0xff, 0xff, 0xff, 0x70,
    0x6f, 0xf5, 0x0, 0x0, 0xdf, 0xd0, 0xcf, 0xe0,
    0x0, 0x0, 0x7f, 0xf3,

    /* U+1EB5 "ẵ" */
    0x0, 0x0, 0x0, 0x0, 0x0, 0x8, 0xef, 0xfb,
    0x0, 0x0, 0x32, 0x21, 0x0, 0x0, 0x3f, 0x60,
    0x6f, 0x40, 0x0, 0x7f, 0xff, 0x80, 0x0, 0x0,
    0x1, 0x0, 0x0, 0x1, 0x8e, 0xfd, 0x80, 0x0,
    0xcf, 0xfc, 0xff, 0xb0, 0x1b, 0xb3, 0x6, 0xff,
    0x10, 0x0, 0x1, 0x4f, 0xf2, 0x4, 0xcf, 0xff,
    0xff, 0x32, 0xff, 0x95, 0x7f, 0xf3, 0x6f, 0xf1,
    0x6, 0xff, 0x32, 0xff, 0xfd, 0xff, 0xf3, 0x4,
    0xcf, 0xd5, 0xff, 0x60,

    /* U+1EB6 "Ặ" */
    0x0, 0x2, 0x10, 0x2, 0x10, 0x0, 0x0, 0xf,
    0xc2, 0x6f, 0x70, 0x0, 0x0, 0x5, 0xff, 0xfc,
    0x0, 0x0, 0x0, 0x0, 0x13, 0x20, 0x0, 0x0,
    0x0, 0x0, 0xaf, 0xf1, 0x0, 0x0, 0x0, 0x0,
    0xff, 0xf6, 0x0, 0x0, 0x0, 0x6, 0xff, 0xfc,
    0x0, 0x0, 0x0, 0xc, 0xfc, 0xff, 0x20, 0x0,
    0x0, 0x2f, 0xf4, 0xdf, 0x80, 0x0, 0x0, 0x8f,
    0xf0, 0x8f, 0xe0, 0x0, 0x0, 0xdf, 0xa0, 0x3f,
    0xf4, 0x0, 0x4, 0xff, 0x50, 0xe, 0xfb, 0x0,
    0xa, 0xff, 0xff, 0xff, 0xff, 0x10, 0xf, 0xff,
    0xff, 0xff, 0xff, 0x70, 0x6f, 0xf5, 0x0, 0x0,
    0xdf, 0xd0, 0xcf, 0xe0, 0x0, 0x0, 0x7f, 0xf3,
    0x0, 0x0, 0x3, 0x10, 0x0, 0x0, 0x0, 0x0,
    0x6f, 0xf0, 0x0, 0x0, 0x0, 0x0, 0x4f, 0xc0,
    0x0, 0x0,

    /* U+1EB7 "ặ" */
    0x3, 0xfa, 0x28, 0xf5, 0x0, 0x8, 0xff, 0xfa,
    0x0, 0x0, 0x1, 0x32, 0x0, 0x0, 0x8, 0xdf,
    0xd8, 0x0, 0xb, 0xff, 0xcf, 0xfb, 0x2, 0xff,
    0x40, 0x6f, 0xf1, 0x0, 0x0, 0x14, 0xff, 0x20,
    0x4c, 0xff, 0xff, 0xf3, 0x2f, 0xf9, 0x57, 0xff,
    0x36, 0xff, 0x10, 0x6f, 0xf3, 0x2f, 0xff, 0xdf,
    0xff, 0x30, 0x4c, 0xfd, 0x5f, 0xf6, 0x0, 0x2,
    0x20, 0x0, 0x0, 0x4, 0xff, 0x20, 0x0, 0x0,
    0x2e, 0xd1, 0x0, 0x0,

    /* U+1EB8 "Ẹ" */
    0xef, 0xff, 0xff, 0xff, 0x2e, 0xff, 0xff, 0xff,
    0xf2, 0xef, 0x90, 0x0, 0x0, 0xe, 0xf9, 0x0,
    0x0, 0x0, 0xef, 0x90, 0x0, 0x0, 0xe, 0xff,
    0xff, 0xff, 0x50, 0xef, 0xfe, 0xee, 0xe5, 0xe,
    0xf9, 0x0, 0x0, 0x0, 0xef, 0x90, 0x0, 0x0,
    0xe, 0xf9, 0x0, 0x0, 0x0, 0xef, 0xff, 0xff,
    0xff, 0x2e, 0xff, 0xff, 0xff, 0xf3, 0x0, 0x1,
    0x30, 0x0, 0x0, 0x0, 0xef, 0x70, 0x0, 0x0,
    0xb, 0xf5, 0x0, 0x0,

    /* U+1EB9 "ẹ" */
    0x0, 0x5c, 0xfe, 0xa2, 0x0, 0x6f, 0xff, 0xff,
    0xe1, 0xf, 0xf8, 0x1, 0xdf, 0x84, 0xff, 0xa9,
    0x9d, 0xfb, 0x6f, 0xff, 0xff, 0xff, 0xb5, 0xff,
    0x20, 0x0, 0x0, 0x1f, 0xfb, 0x10, 0x3a, 0x0,
    0x7f, 0xff, 0xef, 0xf5, 0x0, 0x5c, 0xff, 0xc5,
    0x0, 0x0, 0x3, 0x10, 0x0, 0x0, 0x7, 0xfe,
    0x0, 0x0, 0x0, 0x5f, 0xb0, 0x0,

    /* U+1EBA "Ẻ" */
    0x0, 0xb, 0xd8, 0x0, 0x0, 0x0, 0x2c, 0xf5,
    0x0, 0x0, 0xb, 0xf8, 0x0, 0x0, 0x0, 0x12,
    0x0, 0x0, 0xef, 0xff, 0xff, 0xff, 0x2e, 0xff,
    0xff, 0xff, 0xf2, 0xef, 0x90, 0x0, 0x0, 0xe,
    0xf9, 0x0, 0x0, 0x0, 0xef, 0x90, 0x0, 0x0,
    0xe, 0xff, 0xff, 0xff, 0x50, 0xef, 0xfe, 0xee,
    0xe5, 0xe, 0xf9, 0x0, 0x0, 0x0, 0xef, 0x90,
    0x0, 0x0, 0xe, 0xf9, 0x0, 0x0, 0x0, 0xef,
    0xff, 0xff, 0xff, 0x2e, 0xff, 0xff, 0xff, 0xf3,

    /* U+1EBB "ẻ" */
    0x0, 0x7, 0xea, 0x20, 0x0, 0x0, 0x19, 0xf9,
    0x0, 0x0, 0x7, 0xfb, 0x20, 0x0, 0x0, 0x2,
    0x0, 0x0, 0x0, 0x0, 0x0, 0x0, 0x0, 0x5,
    0xcf, 0xea, 0x20, 0x6, 0xff, 0xff, 0xfe, 0x10,
    0xff, 0x80, 0x1d, 0xf8, 0x4f, 0xfa, 0x99, 0xdf,
    0xb6, 0xff, 0xff, 0xff, 0xfb, 0x5f, 0xf2, 0x0,
    0x0, 0x1, 0xff, 0xb1, 0x3, 0xa0, 0x7, 0xff,
    0xfe, 0xff, 0x50, 0x5, 0xcf, 0xfc, 0x50,

    /* U+1EBC "Ẽ" */
    0x0, 0x0, 0x0, 0x20, 0x0, 0x3f, 0xf7, 0x5f,
    0x40, 0xb, 0xd6, 0xef, 0xd0, 0x0, 0x43, 0x0,
    0x40, 0x0, 0xef, 0xff, 0xff, 0xff, 0x2e, 0xff,
    0xff, 0xff, 0xf2, 0xef, 0x90, 0x0, 0x0, 0xe,
    0xf9, 0x0, 0x0, 0x0, 0xef, 0x90, 0x0, 0x0,
    0xe, 0xff, 0xff, 0xff, 0x50, 0xef, 0xfe, 0xee,
    0xe5, 0xe, 0xf9, 0x0, 0x0, 0x0, 0xef, 0x90,
    0x0, 0x0, 0xe, 0xf9, 0x0, 0x0, 0x0, 0xef,
    0xff, 0xff, 0xff, 0x2e, 0xff, 0xff, 0xff, 0xf3,

    /* U+1EBD "ẽ" */
    0x2, 0xdf, 0xff, 0xf7, 0x0, 0x47, 0x77, 0x75,
    0x0, 0x0, 0x0, 0x0, 0x0, 0x0, 0x5, 0xcf,
    0xea, 0x20, 0x6, 0xff, 0xff, 0xfe, 0x10, 0xff,
    0x80, 0x1d, 0xf8, 0x4f, 0xfa, 0x99, 0xdf, 0xb6,
    0xff, 0xff, 0xff, 0xfb, 0x5f, 0xf2, 0x0, 0x0,
    0x1, 0xff, 0xb1, 0x3, 0xa0, 0x7, 0xff, 0xfe,
    0xff, 0x50, 0x5, 0xcf, 0xfc, 0x50,

    /* U+1EBE "Ế" */
    0x0, 0x0, 0x0, 0x3, 0xf9, 0x0, 0x5, 0x71,
    0xc, 0xc0, 0x0, 0x9f, 0xce, 0x48, 0x20, 0x3,
    0x82, 0x6, 0x70, 0x0, 0xef, 0xff, 0xff, 0xff,
    0x20, 0xef, 0xff, 0xff, 0xff, 0x20, 0xef, 0x90,
    0x0, 0x0, 0x0, 0xef, 0x90, 0x0, 0x0, 0x0,
    0xef, 0x90, 0x0, 0x0, 0x0, 0xef, 0xff, 0xff,
    0xf5, 0x0, 0xef, 0xfe, 0xee, 0xe5, 0x0, 0xef,
    0x90, 0x0, 0x0, 0x0, 0xef, 0x90, 0x0, 0x0,
    0x0, 0xef, 0x90, 0x0, 0x0, 0x0, 0xef, 0xff,
    0xff, 0xff, 0x20, 0xef, 0xff, 0xff, 0xff, 0x30,

    /* U+1EBF "ế" */
    0x0, 0x0, 0x0, 0x0, 0x67, 0x0, 0x0, 0x0,
    0x0, 0x4f, 0x60, 0x0, 0xb, 0xfb, 0x1a, 0x80,
    0x0, 0x1c, 0xb1, 0xbc, 0x10, 0x0, 0x0, 0x0,
    0x0, 0x0, 0x0, 0x0, 0x5, 0xcf, 0xea, 0x20,
    0x0, 0x6, 0xff, 0xff, 0xfe, 0x10, 0x0, 0xff,
    0x80, 0x1d, 0xf8, 0x0, 0x4f, 0xfa, 0x99, 0xdf,
    0xb0, 0x6, 0xff, 0xff, 0xff, 0xfb, 0x0, 0x5f,
    0xf2, 0x0, 0x0, 0x0, 0x1, 0xff, 0xb1, 0x3,
    0xa0, 0x0, 0x7, 0xff, 0xfe, 0xff, 0x50, 0x0,
    0x5, 0xcf, 0xfc, 0x50, 0x0,

    /* U+1EC0 "Ề" */
    0x1e, 0xc0, 0x0, 0x0, 0x0, 0x0, 0x4f, 0x40,
    0x57, 0x10, 0x0, 0x0, 0x55, 0x9f, 0xce, 0x30,
    0x0, 0x0, 0x38, 0x20, 0x67, 0x0, 0x0, 0xef,
    0xff, 0xff, 0xff, 0x20, 0xe, 0xff, 0xff, 0xff,
    0xf2, 0x0, 0xef, 0x90, 0x0, 0x0, 0x0, 0xe,
    0xf9, 0x0, 0x0, 0x0, 0x0, 0xef, 0x90, 0x0,
    0x0, 0x0, 0xe, 0xff, 0xff, 0xff, 0x50, 0x0,
    0xef, 0xfe, 0xee, 0xe5, 0x0, 0xe, 0xf9, 0x0,
    0x0, 0x0, 0x0, 0xef, 0x90, 0x0, 0x0, 0x0,
    0xe, 0xf9, 0x0, 0x0, 0x0, 0x0, 0xef, 0xff,
    0xff, 0xff, 0x20, 0xe, 0xff, 0xff, 0xff, 0xf3,

    /* U+1EC1 "ề" */
    0x7, 0x70, 0x0, 0x0, 0x0, 0x0, 0x5f, 0x40,
    0x0, 0x0, 0x0, 0x0, 0x8b, 0x1b, 0xfb, 0x10,
    0x0, 0x0, 0x1c, 0xb1, 0xbc, 0x10, 0x0, 0x0,
    0x0, 0x0, 0x0, 0x0, 0x0, 0x5, 0xcf, 0xea,
    0x20, 0x0, 0x6, 0xff, 0xff, 0xfe, 0x10, 0x0,
    0xff, 0x80, 0x1d, 0xf8, 0x0, 0x4f, 0xfa, 0x99,
    0xdf, 0xb0, 0x6, 0xff, 0xff, 0xff, 0xfb, 0x0,
    0x5f, 0xf2, 0x0, 0x0, 0x0, 0x1, 0xff, 0xb1,
    0x3, 0xa0, 0x0, 0x7, 0xff, 0xfe, 0xff, 0x50,
    0x0, 0x5, 0xcf, 0xfc, 0x50,

    /* U+1EC2 "Ể" */
    0x0, 0x0, 0x0, 0x8d, 0x50, 0x0, 0x0, 0x0,
    0xcc, 0x0, 0x3e, 0xf9, 0x7b, 0x10, 0x4d, 0x61,
    0xca, 0x0, 0xef, 0xff, 0xff, 0xff, 0x2e, 0xff,
    0xff, 0xff, 0xf2, 0xef, 0x90, 0x0, 0x0, 0xe,
    0xf9, 0x0, 0x0, 0x0, 0xef, 0x90, 0x0, 0x0,
    0xe, 0xff, 0xff, 0xff, 0x50, 0xef, 0xfe, 0xee,
    0xe5, 0xe, 0xf9, 0x0, 0x0, 0x0, 0xef, 0x90,
    0x0, 0x0, 0xe, 0xf9, 0x0, 0x0, 0x0, 0xef,
    0xff, 0xff, 0xff, 0x2e, 0xff, 0xff, 0xff, 0xf3,

    /* U+1EC3 "ể" */
    0x0, 0x0, 0x0, 0x5d, 0x80, 0x0, 0x0, 0x0,
    0x9, 0xf0, 0x0, 0x1c, 0xec, 0x5d, 0x30, 0x1,
    0xc9, 0x9, 0xc1, 0x0, 0x0, 0x0, 0x0, 0x0,
    0x0, 0x0, 0x5c, 0xfe, 0xa2, 0x0, 0x6, 0xff,
    0xff, 0xfe, 0x10, 0xf, 0xf8, 0x1, 0xdf, 0x80,
    0x4f, 0xfa, 0x99, 0xdf, 0xb0, 0x6f, 0xff, 0xff,
    0xff, 0xb0, 0x5f, 0xf2, 0x0, 0x0, 0x0, 0x1f,
    0xfb, 0x10, 0x3a, 0x0, 0x7, 0xff, 0xfe, 0xff,
    0x50, 0x0, 0x5c, 0xff, 0xc5, 0x0,

    /* U+1EC4 "Ễ" */
    0x0, 0x0, 0x0, 0x0, 0x0, 0x7, 0xef, 0xe3,
    0x0, 0x0, 0x6, 0x82, 0x0, 0x0, 0xa, 0xd8,
    0xe4, 0x0, 0x3, 0x61, 0x4, 0x60, 0xe, 0xff,
    0xff, 0xff, 0xf2, 0xef, 0xff, 0xff, 0xff, 0x2e,
    0xf9, 0x0, 0x0, 0x0, 0xef, 0x90, 0x0, 0x0,
    0xe, 0xf9, 0x0, 0x0, 0x0, 0xef, 0xff, 0xff,
    0xf5, 0xe, 0xff, 0xee, 0xee, 0x50, 0xef, 0x90,
    0x0, 0x0, 0xe, 0xf9, 0x0, 0x0, 0x0, 0xef,
    0x90, 0x0, 0x0, 0xe, 0xff, 0xff, 0xff, 0xf2,
    0xef, 0xff, 0xff, 0xff, 0x30,

    /* U+1EC5 "ễ" */
    0x0, 0x0, 0x0, 0x0, 0x0, 0x2, 0xe7, 0x57,
    0x0, 0x0, 0x56, 0x6e, 0x40, 0x0, 0x0, 0xbf,
    0xb0, 0x0, 0x1, 0xcb, 0x1b, 0xd1, 0x0, 0x0,
    0x0, 0x0, 0x0, 0x0, 0x5c, 0xfe, 0xa2, 0x0,
    0x6f, 0xff, 0xff, 0xe1, 0xf, 0xf8, 0x1, 0xdf,
    0x84, 0xff, 0xa9, 0x9d, 0xfb, 0x6f, 0xff, 0xff,
    0xff, 0xb5, 0xff, 0x20, 0x0, 0x0, 0x1f, 0xfb,
    0x10, 0x3a, 0x0, 0x7f, 0xff, 0xef, 0xf5, 0x0,
    0x5c, 0xff, 0xc5, 0x0,

    /* U+1EC6 "Ệ" */
    0x0, 0x3d, 0xf9, 0x0, 0x0, 0x6f, 0x94, 0xeb,
    0x10, 0x0, 0x0, 0x0, 0x0, 0xe, 0xff, 0xff,
    0xff, 0xf2, 0xef, 0xff, 0xff, 0xff, 0x2e, 0xf9,
    0x0, 0x0, 0x0, 0xef, 0x90, 0x0, 0x0, 0xe,
    0xf9, 0x0, 0x0, 0x0, 0xef, 0xff, 0xff, 0xf5,
    0xe, 0xff, 0xee, 0xee, 0x50, 0xef, 0x90, 0x0,
    0x0, 0xe, 0xf9, 0x0, 0x0, 0x0, 0xef, 0x90,
    0x0, 0x0, 0xe, 0xff, 0xff, 0xff, 0xf2, 0xef,
    0xff, 0xff, 0xff, 0x30, 0x0, 0x13, 0x0, 0x0,
    0x0, 0xe, 0xf7, 0x0, 0x0, 0x0, 0xbf, 0x50,
    0x0,

    /* U+1EC7 "ệ" */
    0x0, 0x1c, 0xfc, 0x10, 0x0, 0x3e, 0xc3, 0xbd,
    0x30, 0x0, 0x0, 0x0, 0x0, 0x0, 0x5, 0xcf,
    0xea, 0x20, 0x6, 0xff, 0xff, 0xfe, 0x10, 0xff,
    0x80, 0x1d, 0xf8, 0x4f, 0xfa, 0x99, 0xdf, 0xb6,
    0xff, 0xff, 0xff, 0xfb, 0x5f, 0xf2, 0x0, 0x0,
    0x1, 0xff, 0xb1, 0x3, 0xa0, 0x7, 0xff, 0xfe,
    0xff, 0x50, 0x5, 0xcf, 0xfc, 0x50, 0x0, 0x0,
    0x31, 0x0, 0x0, 0x0, 0x7f, 0xe0, 0x0, 0x0,
    0x5, 0xfb, 0x0, 0x0,

    /* U+1EC8 "Ỉ" */
    0x8e, 0xa1, 0x1a, 0xf8, 0x8f, 0xb1, 0x12, 0x0,
    0xcf, 0xb0, 0xcf, 0xb0, 0xcf, 0xb0, 0xcf, 0xb0,
    0xcf, 0xb0, 0xcf, 0xb0, 0xcf, 0xb0, 0xcf, 0xb0,
    0xcf, 0xb0, 0xcf, 0xb0, 0xcf, 0xb0, 0xcf, 0xb0,

    /* U+1EC9 "ỉ" */
    0xad, 0x60, 0x2c, 0xf4, 0xa, 0xf6, 0xaf, 0x90,
    0x12, 0x0, 0xef, 0x80, 0xef, 0x80, 0xef, 0x80,
    0xef, 0x80, 0xef, 0x80, 0xef, 0x80, 0xef, 0x80,
    0xef, 0x80, 0xef, 0x80,

    /* U+1ECA "Ị" */
    0xcf, 0xbc, 0xfb, 0xcf, 0xbc, 0xfb, 0xcf, 0xbc,
    0xfb, 0xcf, 0xbc, 0xfb, 0xcf, 0xbc, 0xfb, 0xcf,
    0xbc, 0xfb, 0x3, 0xb, 0xfa, 0x8f, 0x70,

    /* U+1ECB "ị" */
    0xb, 0xf4, 0xf, 0xf8, 0x3, 0x60, 0xf, 0xf7,
    0xf, 0xf7, 0xf, 0xf7, 0xf, 0xf7, 0xf, 0xf7,
    0xf, 0xf7, 0xf, 0xf7, 0xf, 0xf7, 0xf, 0xf7,
    0x1, 0x30, 0xe, 0xf7, 0xc, 0xf4,

    /* U+1ECC "Ọ" */
    0x0, 0x6, 0xcf, 0xeb, 0x40, 0x0, 0xb, 0xff,
    0xff, 0xff, 0x70, 0x7, 0xff, 0x71, 0x2b, 0xff,
    0x30, 0xef, 0xa0, 0x0, 0xe, 0xf9, 0x2f, 0xf5,
    0x0, 0x0, 0xaf, 0xd4, 0xff, 0x40, 0x0, 0x8,
    0xff, 0x4f, 0xf4, 0x0, 0x0, 0x8f, 0xf2, 0xff,
    0x50, 0x0, 0xa, 0xfe, 0xe, 0xfa, 0x0, 0x0,
    0xef, 0xa0, 0x7f, 0xf7, 0x12, 0xaf, 0xf3, 0x0,
    0xbf, 0xff, 0xff, 0xf7, 0x0, 0x0, 0x6c, 0xfe,
    0xb4, 0x0, 0x0, 0x0, 0x2, 0x10, 0x0, 0x0,
    0x0, 0x4, 0xff, 0x20, 0x0, 0x0, 0x0, 0x3e,
    0xd1, 0x0, 0x0,

    /* U+1ECD "ọ" */
    0x0, 0x5c, 0xfe, 0xa2, 0x0, 0x7, 0xff, 0xff,
    0xff, 0x20, 0x1f, 0xf9, 0x1, 0xef, 0xa0, 0x5f,
    0xf1, 0x0, 0x7f, 0xf0, 0x6f, 0xf0, 0x0, 0x5f,
    0xf0, 0x5f, 0xf1, 0x0, 0x7f, 0xf0, 0x1f, 0xf8,
    0x1, 0xdf, 0xb0, 0x8, 0xff, 0xff, 0xff, 0x20,
    0x0, 0x6d, 0xfe, 0xb2, 0x0, 0x0, 0x0, 0x31,
    0x0, 0x0, 0x0, 0x6, 0xff, 0x0, 0x0, 0x0,
    0x4, 0xfc, 0x0, 0x0,

    /* U+1ECE "Ỏ" */
    0x0, 0x0, 0x2e, 0xc4, 0x0, 0x0, 0x0, 0x0,
    0x4f, 0xe0, 0x0, 0x0, 0x0, 0x1f, 0xe4, 0x0,
    0x0, 0x0, 0x0, 0x21, 0x0, 0x0, 0x0, 0x6,
    0xcf, 0xeb, 0x40, 0x0, 0xb, 0xff, 0xff, 0xff,
    0x70, 0x7, 0xff, 0x71, 0x2b, 0xff, 0x30, 0xef,
    0xa0, 0x0, 0xe, 0xf9, 0x2f, 0xf5, 0x0, 0x0,
    0xaf, 0xd4, 0xff, 0x40, 0x0, 0x8, 0xff, 0x4f,
    0xf4, 0x0, 0x0, 0x8f, 0xf2, 0xff, 0x50, 0x0,
    0xa, 0xfe, 0xe, 0xfa, 0x0, 0x0, 0xef, 0xa0,
    0x7f, 0xf7, 0x12, 0xaf, 0xf3, 0x0, 0xbf, 0xff,
    0xff, 0xf7, 0x0, 0x0, 0x6c, 0xfe, 0xb4, 0x0,

    /* U+1ECF "ỏ" */
    0x0, 0x3, 0xeb, 0x40, 0x0, 0x0, 0x0, 0x6f,
    0xd0, 0x0, 0x0, 0x3, 0xfd, 0x30, 0x0, 0x0,
    0x0, 0x21, 0x0, 0x0, 0x0, 0x0, 0x0, 0x0,
    0x0, 0x0, 0x5c, 0xfe, 0xa2, 0x0, 0x7, 0xff,
    0xff, 0xff, 0x20, 0x1f, 0xf9, 0x1, 0xef, 0xa0,
    0x5f, 0xf1, 0x0, 0x7f, 0xf0, 0x6f, 0xf0, 0x0,
    0x5f, 0xf0, 0x5f, 0xf1, 0x0, 0x7f, 0xf0, 0x1f,
    0xf8, 0x1, 0xdf, 0xb0, 0x8, 0xff, 0xff, 0xff,
    0x20, 0x0, 0x6d, 0xfe, 0xb2, 0x0,

    /* U+1ED0 "Ố" */
    0x0, 0x0, 0x0, 0x0, 0xb, 0xe2, 0x0, 0x0,
    0x17, 0x60, 0x6f, 0x30, 0x0, 0x2, 0xd8, 0xca,
    0x0, 0x0, 0x0, 0x6, 0x60, 0x17, 0x40, 0x0,
    0x0, 0x6, 0xcf, 0xeb, 0x40, 0x0, 0x0, 0xbf,
    0xff, 0xff, 0xf7, 0x0, 0x7, 0xff, 0x71, 0x2b,
    0xff, 0x30, 0xe, 0xfa, 0x0, 0x0, 0xef, 0x90,
    0x2f, 0xf5, 0x0, 0x0, 0xaf, 0xd0, 0x4f, 0xf4,
    0x0, 0x0, 0x8f, 0xf0, 0x4f, 0xf4, 0x0, 0x0,
    0x8f, 0xf0, 0x2f, 0xf5, 0x0, 0x0, 0xaf, 0xe0,
    0xe, 0xfa, 0x0, 0x0, 0xef, 0xa0, 0x7, 0xff,
    0x71, 0x2a, 0xff, 0x30, 0x0, 0xbf, 0xff, 0xff,
    0xf7, 0x0, 0x0, 0x6, 0xcf, 0xeb, 0x40, 0x0,

    /* U+1ED1 "ố" */
    0x0, 0x0, 0x0, 0x0, 0x48, 0x20, 0x0, 0x0,
    0x0, 0x1f, 0xa0, 0x0, 0x8, 0xfe, 0x27, 0xb0,
    0x0, 0xa, 0xd2, 0x8e, 0x40, 0x0, 0x0, 0x0,
    0x0, 0x0, 0x0, 0x0, 0x5, 0xcf, 0xea, 0x20,
    0x0, 0x7, 0xff, 0xff, 0xff, 0x20, 0x1, 0xff,
    0x90, 0x1e, 0xfa, 0x0, 0x5f, 0xf1, 0x0, 0x7f,
    0xf0, 0x6, 0xff, 0x0, 0x5, 0xff, 0x0, 0x5f,
    0xf1, 0x0, 0x7f, 0xf0, 0x1, 0xff, 0x80, 0x1d,
    0xfb, 0x0, 0x8, 0xff, 0xff, 0xff, 0x20, 0x0,
    0x6, 0xdf, 0xeb, 0x20, 0x0,

    /* U+1ED2 "Ồ" */
    0x5f, 0x60, 0x0, 0x0, 0x0, 0x0, 0x6f, 0x21,
    0x76, 0x0, 0x0, 0x0, 0x2, 0xd8, 0xca, 0x0,
    0x0, 0x0, 0x66, 0x1, 0x74, 0x0, 0x0, 0x6,
    0xcf, 0xeb, 0x40, 0x0, 0xb, 0xff, 0xff, 0xff,
    0x70, 0x7, 0xff, 0x71, 0x2b, 0xff, 0x30, 0xef,
    0xa0, 0x0, 0xe, 0xf9, 0x2f, 0xf5, 0x0, 0x0,
    0xaf, 0xd4, 0xff, 0x40, 0x0, 0x8, 0xff, 0x4f,
    0xf4, 0x0, 0x0, 0x8f, 0xf2, 0xff, 0x50, 0x0,
    0xa, 0xfe, 0xe, 0xfa, 0x0, 0x0, 0xef, 0xa0,
    0x7f, 0xf7, 0x12, 0xaf, 0xf3, 0x0, 0xbf, 0xff,
    0xff, 0xf7, 0x0, 0x0, 0x6c, 0xfe, 0xb4, 0x0,

    /* U+1ED3 "ồ" */
    0x58, 0x10, 0x0, 0x0, 0x0, 0x2, 0xf9, 0x0,
    0x0, 0x0, 0x0, 0x4, 0xc1, 0x8f, 0xe2, 0x0,
    0x0, 0x0, 0xad, 0x28, 0xe4, 0x0, 0x0, 0x0,
    0x0, 0x0, 0x0, 0x0, 0x0, 0x5c, 0xfe, 0xa2,
    0x0, 0x0, 0x7f, 0xff, 0xff, 0xf2, 0x0, 0x1f,
    0xf9, 0x1, 0xef, 0xa0, 0x5, 0xff, 0x10, 0x7,
    0xff, 0x0, 0x6f, 0xf0, 0x0, 0x5f, 0xf0, 0x5,
    0xff, 0x10, 0x7, 0xff, 0x0, 0x1f, 0xf8, 0x1,
    0xdf, 0xb0, 0x0, 0x8f, 0xff, 0xff, 0xf2, 0x0,
    0x0, 0x6d, 0xfe, 0xb2, 0x0,

    /* U+1ED4 "Ổ" */
    0x0, 0x0, 0x0, 0x0, 0xeb, 0x10, 0x0, 0x0,
    0x0, 0x3, 0xf6, 0x0, 0x0, 0x5d, 0xc2, 0xd9,
    0x0, 0x0, 0x9e, 0x37, 0xe4, 0x0, 0x0, 0x0,
    0x0, 0x0, 0x0, 0x0, 0x0, 0x6c, 0xfe, 0xb4,
    0x0, 0x0, 0xbf, 0xff, 0xff, 0xf7, 0x0, 0x7f,
    0xf7, 0x12, 0xbf, 0xf3, 0xe, 0xfa, 0x0, 0x0,
    0xef, 0x92, 0xff, 0x50, 0x0, 0xa, 0xfd, 0x4f,
    0xf4, 0x0, 0x0, 0x8f, 0xf4, 0xff, 0x40, 0x0,
    0x8, 0xff, 0x2f, 0xf5, 0x0, 0x0, 0xaf, 0xe0,
    0xef, 0xa0, 0x0, 0xe, 0xfa, 0x7, 0xff, 0x71,
    0x2a, 0xff, 0x30, 0xb, 0xff, 0xff, 0xff, 0x70,
    0x0, 0x6, 0xcf, 0xeb, 0x40, 0x0,

    /* U+1ED5 "ổ" */
    0x0, 0x0, 0x0, 0x1e, 0xa0, 0x0, 0x0, 0x0,
    0x4, 0xf4, 0x0, 0x8, 0xee, 0x3d, 0x60, 0x0,
    0x9b, 0x16, 0xd4, 0x0, 0x0, 0x0, 0x0, 0x0,
    0x0, 0x0, 0x5c, 0xfe, 0xa2, 0x0, 0x7, 0xff,
    0xff, 0xff, 0x20, 0x1f, 0xf9, 0x1, 0xef, 0xa0,
    0x5f, 0xf1, 0x0, 0x7f, 0xf0, 0x6f, 0xf0, 0x0,
    0x5f, 0xf0, 0x5f, 0xf1, 0x0, 0x7f, 0xf0, 0x1f,
    0xf8, 0x1, 0xdf, 0xb0, 0x8, 0xff, 0xff, 0xff,
    0x20, 0x0, 0x6d, 0xfe, 0xb2, 0x0,

    /* U+1ED6 "Ỗ" */
    0x0, 0x0, 0x0, 0x0, 0x0, 0x0, 0x0, 0xd,
    0xff, 0xb0, 0x0, 0x0, 0x0, 0x17, 0x60, 0x0,
    0x0, 0x0, 0x1d, 0xbd, 0xa0, 0x0, 0x0, 0x7,
    0x70, 0x18, 0x50, 0x0, 0x0, 0x6c, 0xfe, 0xb4,
    0x0, 0x0, 0xbf, 0xff, 0xff, 0xf7, 0x0, 0x7f,
    0xf7, 0x12, 0xbf, 0xf3, 0xe, 0xfa, 0x0, 0x0,
    0xef, 0x92, 0xff, 0x50, 0x0, 0xa, 0xfd, 0x4f,
    0xf4, 0x0, 0x0, 0x8f, 0xf4, 0xff, 0x40, 0x0,
    0x8, 0xff, 0x2f, 0xf5, 0x0, 0x0, 0xaf, 0xe0,
    0xef, 0xa0, 0x0, 0xe, 0xfa, 0x7, 0xff, 0x71,
    0x2a, 0xff, 0x30, 0xb, 0xff, 0xff, 0xff, 0x70,
    0x0, 0x6, 0xcf, 0xeb, 0x40, 0x0,

    /* U+1ED7 "ỗ" */
    0x0, 0x0, 0x0, 0x0, 0x0, 0x0, 0xc, 0xa1,
    0xc0, 0x0, 0x0, 0x29, 0x3d, 0x80, 0x0, 0x0,
    0x7, 0xfd, 0x20, 0x0, 0x0, 0xad, 0x27, 0xe4,
    0x0, 0x0, 0x0, 0x0, 0x0, 0x0, 0x0, 0x5c,
    0xfe, 0xa2, 0x0, 0x7, 0xff, 0xff, 0xff, 0x20,
    0x1f, 0xf9, 0x1, 0xef, 0xa0, 0x5f, 0xf1, 0x0,
    0x7f, 0xf0, 0x6f, 0xf0, 0x0, 0x5f, 0xf0, 0x5f,
    0xf1, 0x0, 0x7f, 0xf0, 0x1f, 0xf8, 0x1, 0xdf,
    0xb0, 0x8, 0xff, 0xff, 0xff, 0x20, 0x0, 0x6d,
    0xfe, 0xb2, 0x0,

    /* U+1ED8 "Ộ" */
    0x0, 0x0, 0x7f, 0xe4, 0x0, 0x0, 0x1, 0xbe,
    0x58, 0xf7, 0x0, 0x0, 0x0, 0x0, 0x0, 0x0,
    0x0, 0x0, 0x6c, 0xfe, 0xb4, 0x0, 0x0, 0xbf,
    0xff, 0xff, 0xf7, 0x0, 0x7f, 0xf7, 0x12, 0xbf,
    0xf3, 0xe, 0xfa, 0x0, 0x0, 0xef, 0x92, 0xff,
    0x50, 0x0, 0xa, 0xfd, 0x4f, 0xf4, 0x0, 0x0,
    0x8f, 0xf4, 0xff, 0x40, 0x0, 0x8, 0xff, 0x2f,
    0xf5, 0x0, 0x0, 0xaf, 0xe0, 0xef, 0xa0, 0x0,
    0xe, 0xfa, 0x7, 0xff, 0x71, 0x2a, 0xff, 0x30,
    0xb, 0xff, 0xff, 0xff, 0x70, 0x0, 0x6, 0xcf,
    0xeb, 0x40, 0x0, 0x0, 0x0, 0x21, 0x0, 0x0,
    0x0, 0x0, 0x4f, 0xf2, 0x0, 0x0, 0x0, 0x3,
    0xed, 0x10, 0x0,

    /* U+1ED9 "ộ" */
    0x0, 0x8, 0xfe, 0x30, 0x0, 0x1, 0xbe, 0x48,
    0xf5, 0x0, 0x0, 0x0, 0x0, 0x0, 0x0, 0x0,
    0x5c, 0xfe, 0xa2, 0x0, 0x7, 0xff, 0xff, 0xff,
    0x20, 0x1f, 0xf9, 0x1, 0xef, 0xa0, 0x5f, 0xf1,
    0x0, 0x7f, 0xf0, 0x6f, 0xf0, 0x0, 0x5f, 0xf0,
    0x5f, 0xf1, 0x0, 0x7f, 0xf0, 0x1f, 0xf8, 0x1,
    0xdf, 0xb0, 0x8, 0xff, 0xff, 0xff, 0x20, 0x0,
    0x6d, 0xfe, 0xb2, 0x0, 0x0, 0x0, 0x31, 0x0,
    0x0, 0x0, 0x6, 0xff, 0x0, 0x0, 0x0, 0x4,
    0xfc, 0x0, 0x0,

    /* U+1EDA "Ớ" */
    0x0, 0x0, 0x1, 0xef, 0x70, 0x0, 0x0, 0x0,
    0x0, 0xaf, 0x90, 0x0, 0x0, 0x0, 0x0, 0x18,
    0x70, 0x0, 0x0, 0x0, 0x0, 0x7d, 0xfe, 0xb3,
    0x8, 0xf1, 0x0, 0xcf, 0xff, 0xff, 0xf9, 0xec,
    0x0, 0x8f, 0xf7, 0x12, 0xbf, 0xfa, 0x10, 0xe,
    0xfa, 0x0, 0x1, 0xff, 0x90, 0x3, 0xff, 0x50,
    0x0, 0xb, 0xfd, 0x0, 0x4f, 0xf3, 0x0, 0x0,
    0x9f, 0xe0, 0x4, 0xff, 0x30, 0x0, 0x9, 0xfe,
    0x0, 0x3f, 0xf5, 0x0, 0x0, 0xbf, 0xd0, 0x0,
    0xff, 0xa0, 0x0, 0xf, 0xf9, 0x0, 0x8, 0xff,
    0x71, 0x2b, 0xff, 0x30, 0x0, 0xc, 0xff, 0xff,
    0xff, 0x70, 0x0, 0x0, 0x7, 0xdf, 0xeb, 0x40,
    0x0, 0x0,

    /* U+1EDB "ớ" */
    0x0, 0x0, 0x1f, 0xf6, 0x0, 0x0, 0x0, 0xb,
    0xf8, 0x0, 0x0, 0x0, 0x1, 0x87, 0x0, 0x24,
    0x0, 0x6, 0xcf, 0xea, 0x29, 0xe0, 0x8, 0xff,
    0xff, 0xff, 0xf7, 0x1, 0xff, 0x90, 0x1e, 0xfb,
    0x0, 0x5f, 0xf1, 0x0, 0x7f, 0xe0, 0x7, 0xff,
    0x0, 0x6, 0xff, 0x0, 0x6f, 0xf0, 0x0, 0x7f,
    0xf0, 0x1, 0xff, 0x80, 0x1d, 0xfa, 0x0, 0x8,
    0xff, 0xff, 0xff, 0x20, 0x0, 0x6, 0xdf, 0xea,
    0x20, 0x0,

    /* U+1EDC "Ờ" */
    0x0, 0xb, 0xfb, 0x0, 0x0, 0x0, 0x0, 0x0,
    0xc, 0xf6, 0x0, 0x0, 0x0, 0x0, 0x0, 0x18,
    0x70, 0x0, 0x0, 0x0, 0x0, 0x7d, 0xfe, 0xb3,
    0x8, 0xf1, 0x0, 0xcf, 0xff, 0xff, 0xf9, 0xec,
    0x0, 0x8f, 0xf7, 0x12, 0xbf, 0xfa, 0x10, 0xe,
    0xfa, 0x0, 0x1, 0xff, 0x90, 0x3, 0xff, 0x50,
    0x0, 0xb, 0xfd, 0x0, 0x4f, 0xf3, 0x0, 0x0,
    0x9f, 0xe0, 0x4, 0xff, 0x30, 0x0, 0x9, 0xfe,
    0x0, 0x3f, 0xf5, 0x0, 0x0, 0xbf, 0xd0, 0x0,
    0xff, 0xa0, 0x0, 0xf, 0xf9, 0x0, 0x8, 0xff,
    0x71, 0x2b, 0xff, 0x30, 0x0, 0xc, 0xff, 0xff,
    0xff, 0x70, 0x0, 0x0, 0x7, 0xdf, 0xeb, 0x40,
    0x0, 0x0,

    /* U+1EDD "ờ" */
    0x0, 0xcf, 0xa0, 0x0, 0x0, 0x0, 0x1, 0xdf,
    0x50, 0x0, 0x0, 0x0, 0x1, 0x86, 0x0, 0x24,
    0x0, 0x6, 0xcf, 0xea, 0x29, 0xe0, 0x8, 0xff,
    0xff, 0xff, 0xf7, 0x1, 0xff, 0x90, 0x1e, 0xfb,
    0x0, 0x5f, 0xf1, 0x0, 0x7f, 0xe0, 0x7, 0xff,
    0x0, 0x6, 0xff, 0x0, 0x6f, 0xf0, 0x0, 0x7f,
    0xf0, 0x1, 0xff, 0x80, 0x1d, 0xfa, 0x0, 0x8,
    0xff, 0xff, 0xff, 0x20, 0x0, 0x6, 0xdf, 0xea,
    0x20, 0x0,

    /* U+1EDE "Ở" */
    0x0, 0x0, 0x2e, 0xc5, 0x0, 0x0, 0x0, 0x0,
    0x0, 0x5f, 0xe0, 0x0, 0x0, 0x0, 0x0, 0x1f,
    0xe4, 0x0, 0x0, 0x0, 0x0, 0x0, 0x21, 0x0,
    0x0, 0x0, 0x0, 0x7, 0xdf, 0xeb, 0x30, 0x8f,
    0x10, 0xc, 0xff, 0xff, 0xff, 0x9e, 0xc0, 0x8,
    0xff, 0x71, 0x2b, 0xff, 0xa1, 0x0, 0xef, 0xa0,
    0x0, 0x1f, 0xf9, 0x0, 0x3f, 0xf5, 0x0, 0x0,
    0xbf, 0xd0, 0x4, 0xff, 0x30, 0x0, 0x9, 0xfe,
    0x0, 0x4f, 0xf3, 0x0, 0x0, 0x9f, 0xe0, 0x3,
    0xff, 0x50, 0x0, 0xb, 0xfd, 0x0, 0xf, 0xfa,
    0x0, 0x0, 0xff, 0x90, 0x0, 0x8f, 0xf7, 0x12,
    0xbf, 0xf3, 0x0, 0x0, 0xcf, 0xff, 0xff, 0xf7,
    0x0, 0x0, 0x0, 0x7d, 0xfe, 0xb4, 0x0, 0x0,

    /* U+1EDF "ở" */
    0x0, 0x3, 0xeb, 0x40, 0x0, 0x0, 0x0, 0x6,
    0xfd, 0x0, 0x0, 0x0, 0x2, 0xfd, 0x40, 0x0,
    0x0, 0x0, 0x2, 0x10, 0x0, 0x0, 0x0, 0x0,
    0x0, 0x0, 0x7e, 0x0, 0x6, 0xcf, 0xea, 0x2a,
    0xd0, 0x8, 0xff, 0xff, 0xff, 0xf5, 0x1, 0xff,
    0x90, 0x1e, 0xfa, 0x0, 0x5f, 0xf1, 0x0, 0x7f,
    0xe0, 0x7, 0xff, 0x0, 0x6, 0xff, 0x0, 0x6f,
    0xf0, 0x0, 0x7f, 0xf0, 0x1, 0xff, 0x80, 0x1d,
    0xfa, 0x0, 0x8, 0xff, 0xff, 0xff, 0x20, 0x0,
    0x6, 0xdf, 0xea, 0x20, 0x0,

    /* U+1EE0 "Ỡ" */
    0x0, 0x0, 0x10, 0x0, 0x20, 0x0, 0x0, 0x0,
    0x9f, 0xc3, 0xad, 0x0, 0x0, 0x0, 0x2f, 0x99,
    0xff, 0x70, 0x0, 0x0, 0x1, 0x50, 0x2, 0x30,
    0x0, 0x0, 0x0, 0x7, 0xdf, 0xeb, 0x30, 0x8f,
    0x10, 0xc, 0xff, 0xff, 0xff, 0x9e, 0xc0, 0x8,
    0xff, 0x71, 0x2b, 0xff, 0xa1, 0x0, 0xef, 0xa0,
    0x0, 0x1f, 0xf9, 0x0, 0x3f, 0xf5, 0x0, 0x0,
    0xbf, 0xd0, 0x4, 0xff, 0x30, 0x0, 0x9, 0xfe,
    0x0, 0x4f, 0xf3, 0x0, 0x0, 0x9f, 0xe0, 0x3,
    0xff, 0x50, 0x0, 0xb, 0xfd, 0x0, 0xf, 0xfa,
    0x0, 0x0, 0xff, 0x90, 0x0, 0x8f, 0xf7, 0x12,
    0xbf, 0xf3, 0x0, 0x0, 0xcf, 0xff, 0xff, 0xf7,
    0x0, 0x0, 0x0, 0x7d, 0xfe, 0xb4, 0x0, 0x0,

    /* U+1EE1 "ỡ" */
    0x0, 0xbf, 0xff, 0xfb, 0x0, 0x0, 0x27, 0x77,
    0x76, 0x0, 0x0, 0x0, 0x0, 0x0, 0x0, 0x6c,
    0x0, 0x6, 0xcf, 0xea, 0x29, 0xd0, 0x8, 0xff,
    0xff, 0xff, 0xf5, 0x1, 0xff, 0x90, 0x1e, 0xfa,
    0x0, 0x5f, 0xf1, 0x0, 0x7f, 0xe0, 0x7, 0xff,
    0x0, 0x6, 0xff, 0x0, 0x6f, 0xf0, 0x0, 0x7f,
    0xf0, 0x1, 0xff, 0x80, 0x1d, 0xfa, 0x0, 0x8,
    0xff, 0xff, 0xff, 0x20, 0x0, 0x6, 0xdf, 0xea,
    0x20, 0x0,

    /* U+1EE2 "Ợ" */
    0x0, 0x7, 0xdf, 0xeb, 0x30, 0x8f, 0x10, 0xc,
    0xff, 0xff, 0xff, 0x9e, 0xc0, 0x8, 0xff, 0x71,
    0x2b, 0xff, 0xa1, 0x0, 0xef, 0xa0, 0x0, 0x1f,
    0xf9, 0x0, 0x3f, 0xf5, 0x0, 0x0, 0xbf, 0xd0,
    0x4, 0xff, 0x30, 0x0, 0x9, 0xfe, 0x0, 0x4f,
    0xf3, 0x0, 0x0, 0x9f, 0xe0, 0x3, 0xff, 0x50,
    0x0, 0xb, 0xfd, 0x0, 0xf, 0xfa, 0x0, 0x0,
    0xff, 0x90, 0x0, 0x8f, 0xf7, 0x12, 0xbf, 0xf3,
    0x0, 0x0, 0xcf, 0xff, 0xff, 0xf7, 0x0, 0x0,
    0x0, 0x7d, 0xfe, 0xb4, 0x0, 0x0, 0x0, 0x0,
    0x3, 0x10, 0x0, 0x0, 0x0, 0x0, 0x8, 0xfd,
    0x0, 0x0, 0x0, 0x0, 0x0, 0x6f, 0xa0, 0x0,
    0x0, 0x0,

    /* U+1EE3 "ợ" */
    0x0, 0x0, 0x0, 0x0, 0x7f, 0x0, 0x6, 0xcf,
    0xea, 0x2a, 0xc0, 0x8, 0xff, 0xff, 0xff, 0xf5,
    0x1, 0xff, 0x90, 0x1e, 0xfa, 0x0, 0x5f, 0xf1,
    0x0, 0x7f, 0xe0, 0x7, 0xff, 0x0, 0x6, 0xff,
    0x0, 0x6f, 0xf0, 0x0, 0x7f, 0xf0, 0x1, 0xff,
    0x80, 0x1d, 0xfa, 0x0, 0x8, 0xff, 0xff, 0xff,
    0x20, 0x0, 0x6, 0xdf, 0xea, 0x20, 0x0, 0x0,
    0x0, 0x31, 0x0, 0x0, 0x0, 0x0, 0x6f, 0xf0,
    0x0, 0x0, 0x0, 0x4, 0xfc, 0x0, 0x0, 0x0,

    /* U+1EE4 "Ụ" */
    0xf, 0xf7, 0x0, 0x4, 0xff, 0x30, 0xff, 0x70,
    0x0, 0x4f, 0xf3, 0xf, 0xf7, 0x0, 0x4, 0xff,
    0x30, 0xff, 0x70, 0x0, 0x4f, 0xf3, 0xf, 0xf7,
    0x0, 0x4, 0xff, 0x30, 0xff, 0x70, 0x0, 0x4f,
    0xf3, 0xf, 0xf7, 0x0, 0x4, 0xff, 0x30, 0xff,
    0x70, 0x0, 0x4f, 0xf3, 0xf, 0xf8, 0x0, 0x5,
    0xff, 0x20, 0xbf, 0xe3, 0x2, 0xdf, 0xe0, 0x2,
    0xff, 0xff, 0xff, 0xf5, 0x0, 0x2, 0xae, 0xfe,
    0xb3, 0x0, 0x0, 0x0, 0x3, 0x0, 0x0, 0x0,
    0x0, 0xa, 0xfc, 0x0, 0x0, 0x0, 0x0, 0x7f,
    0x90, 0x0, 0x0,

    /* U+1EE5 "ụ" */
    0x2f, 0xf4, 0x0, 0xcf, 0xa2, 0xff, 0x40, 0xc,
    0xfa, 0x2f, 0xf4, 0x0, 0xcf, 0xa2, 0xff, 0x40,
    0xc, 0xfa, 0x2f, 0xf4, 0x0, 0xcf, 0xa2, 0xff,
    0x40, 0xc, 0xfa, 0xf, 0xf7, 0x2, 0xef, 0xa0,
    0xbf, 0xff, 0xff, 0xfa, 0x1, 0xbf, 0xe9, 0xbf,
    0xa0, 0x0, 0x22, 0x0, 0x0, 0x0, 0x4f, 0xf2,
    0x0, 0x0, 0x2, 0xed, 0x10, 0x0,

    /* U+1EE6 "Ủ" */
    0x0, 0x0, 0x6e, 0xa2, 0x0, 0x0, 0x0, 0x1,
    0x9f, 0xa0, 0x0, 0x0, 0x0, 0x6f, 0xb2, 0x0,
    0x0, 0x0, 0x0, 0x21, 0x0, 0x0, 0xf, 0xf7,
    0x0, 0x4, 0xff, 0x30, 0xff, 0x70, 0x0, 0x4f,
    0xf3, 0xf, 0xf7, 0x0, 0x4, 0xff, 0x30, 0xff,
    0x70, 0x0, 0x4f, 0xf3, 0xf, 0xf7, 0x0, 0x4,
    0xff, 0x30, 0xff, 0x70, 0x0, 0x4f, 0xf3, 0xf,
    0xf7, 0x0, 0x4, 0xff, 0x30, 0xff, 0x70, 0x0,
    0x4f, 0xf3, 0xf, 0xf8, 0x0, 0x5, 0xff, 0x20,
    0xbf, 0xe3, 0x2, 0xdf, 0xe0, 0x2, 0xff, 0xff,
    0xff, 0xf5, 0x0, 0x2, 0xae, 0xfe, 0xb3, 0x0,

    /* U+1EE7 "ủ" */
    0x0, 0x4, 0xeb, 0x40, 0x0, 0x0, 0x6, 0xfd,
    0x0, 0x0, 0x3, 0xfd, 0x30, 0x0, 0x0, 0x2,
    0x10, 0x0, 0x0, 0x0, 0x0, 0x0, 0x2, 0xff,
    0x40, 0xc, 0xfa, 0x2f, 0xf4, 0x0, 0xcf, 0xa2,
    0xff, 0x40, 0xc, 0xfa, 0x2f, 0xf4, 0x0, 0xcf,
    0xa2, 0xff, 0x40, 0xc, 0xfa, 0x2f, 0xf4, 0x0,
    0xcf, 0xa0, 0xff, 0x70, 0x2e, 0xfa, 0xb, 0xff,
    0xff, 0xff, 0xa0, 0x1b, 0xfe, 0x9b, 0xfa,

    /* U+1EE8 "Ứ" */
    0x0, 0x0, 0x0, 0x68, 0x60, 0x0, 0x0, 0x0,
    0x0, 0x4, 0xfe, 0x20, 0x0, 0x0, 0x0, 0x0,
    0xd, 0xf3, 0x0, 0x0, 0x0, 0x0, 0x0, 0x0,
    0x0, 0x0, 0x0, 0x0, 0xf, 0xf7, 0x0, 0x4,
    0xff, 0x33, 0xf6, 0xf, 0xf7, 0x0, 0x4, 0xff,
    0x6a, 0xf2, 0xf, 0xf7, 0x0, 0x4, 0xff, 0xfe,
    0x60, 0xf, 0xf7, 0x0, 0x4, 0xff, 0x40, 0x0,
    0xf, 0xf7, 0x0, 0x4, 0xff, 0x30, 0x0, 0xf,
    0xf7, 0x0, 0x4, 0xff, 0x30, 0x0, 0xf, 0xf7,
    0x0, 0x4, 0xff, 0x30, 0x0, 0xf, 0xf7, 0x0,
    0x4, 0xff, 0x30, 0x0, 0xf, 0xf8, 0x0, 0x5,
    0xff, 0x20, 0x0, 0xb, 0xfe, 0x30, 0x2d, 0xfe,
    0x0, 0x0, 0x2, 0xff, 0xff, 0xff, 0xf5, 0x0,
    0x0, 0x0, 0x2a, 0xef, 0xeb, 0x30, 0x0, 0x0,

    /* U+1EE9 "ứ" */
    0x0, 0x0, 0x1f, 0xf6, 0x0, 0x0, 0x0, 0x0,
    0xbf, 0x80, 0x0, 0x0, 0x0, 0x1, 0x86, 0x0,
    0x2, 0x50, 0x2f, 0xf4, 0x0, 0xcf, 0xa8, 0xf0,
    0x2f, 0xf4, 0x0, 0xcf, 0xff, 0x70, 0x2f, 0xf4,
    0x0, 0xcf, 0xb2, 0x0, 0x2f, 0xf4, 0x0, 0xcf,
    0xa0, 0x0, 0x2f, 0xf4, 0x0, 0xcf, 0xa0, 0x0,
    0x2f, 0xf4, 0x0, 0xcf, 0xa0, 0x0, 0xf, 0xf6,
    0x1, 0xef, 0xa0, 0x0, 0xb, 0xff, 0xcf, 0xff,
    0xa0, 0x0, 0x1, 0xbf, 0xe9, 0xbf, 0xa0, 0x0,

    /* U+1EEA "Ừ" */
    0x0, 0x7, 0x85, 0x0, 0x0, 0x0, 0x0, 0x0,
    0x3, 0xff, 0x20, 0x0, 0x0, 0x0, 0x0, 0x0,
    0x4f, 0xc0, 0x0, 0x0, 0x0, 0x0, 0x0, 0x0,
    0x0, 0x0, 0x0, 0x0, 0xf, 0xf7, 0x0, 0x4,
    0xff, 0x33, 0xf6, 0xf, 0xf7, 0x0, 0x4, 0xff,
    0x6a, 0xf2, 0xf, 0xf7, 0x0, 0x4, 0xff, 0xfe,
    0x60, 0xf, 0xf7, 0x0, 0x4, 0xff, 0x40, 0x0,
    0xf, 0xf7, 0x0, 0x4, 0xff, 0x30, 0x0, 0xf,
    0xf7, 0x0, 0x4, 0xff, 0x30, 0x0, 0xf, 0xf7,
    0x0, 0x4, 0xff, 0x30, 0x0, 0xf, 0xf7, 0x0,
    0x4, 0xff, 0x30, 0x0, 0xf, 0xf8, 0x0, 0x5,
    0xff, 0x20, 0x0, 0xb, 0xfe, 0x30, 0x2d, 0xfe,
    0x0, 0x0, 0x2, 0xff, 0xff, 0xff, 0xf5, 0x0,
    0x0, 0x0, 0x2a, 0xef, 0xeb, 0x30, 0x0, 0x0,

    /* U+1EEB "ừ" */
    0x0, 0xcf, 0xa0, 0x0, 0x0, 0x0, 0x0, 0x1d,
    0xf4, 0x0, 0x0, 0x0, 0x0, 0x1, 0x86, 0x0,
    0x2, 0x50, 0x2f, 0xf4, 0x0, 0xcf, 0xa8, 0xf0,
    0x2f, 0xf4, 0x0, 0xcf, 0xff, 0x70, 0x2f, 0xf4,
    0x0, 0xcf, 0xb2, 0x0, 0x2f, 0xf4, 0x0, 0xcf,
    0xa0, 0x0, 0x2f, 0xf4, 0x0, 0xcf, 0xa0, 0x0,
    0x2f, 0xf4, 0x0, 0xcf, 0xa0, 0x0, 0xf, 0xf6,
    0x1, 0xef, 0xa0, 0x0, 0xb, 0xff, 0xcf, 0xff,
    0xa0, 0x0, 0x1, 0xbf, 0xe9, 0xbf, 0xa0, 0x0,

    /* U+1EEC "Ử" */
    0x0, 0x0, 0x1e, 0xc5, 0x0, 0x0, 0x0, 0x0,
    0x0, 0x4, 0xff, 0x0, 0x0, 0x0, 0x0, 0x0,
    0xf, 0xe5, 0x0, 0x0, 0x0, 0x0, 0x0, 0x2,
    0x10, 0x0, 0x0, 0x0, 0xf, 0xf7, 0x0, 0x4,
    0xff, 0x33, 0xf6, 0xf, 0xf7, 0x0, 0x4, 0xff,
    0x6a, 0xf2, 0xf, 0xf7, 0x0, 0x4, 0xff, 0xfe,
    0x60, 0xf, 0xf7, 0x0, 0x4, 0xff, 0x40, 0x0,
    0xf, 0xf7, 0x0, 0x4, 0xff, 0x30, 0x0, 0xf,
    0xf7, 0x0, 0x4, 0xff, 0x30, 0x0, 0xf, 0xf7,
    0x0, 0x4, 0xff, 0x30, 0x0, 0xf, 0xf7, 0x0,
    0x4, 0xff, 0x30, 0x0, 0xf, 0xf8, 0x0, 0x5,
    0xff, 0x20, 0x0, 0xb, 0xfe, 0x30, 0x2d, 0xfe,
    0x0, 0x0, 0x2, 0xff, 0xff, 0xff, 0xf5, 0x0,
    0x0, 0x0, 0x2a, 0xef, 0xeb, 0x30, 0x0, 0x0,

    /* U+1EED "ử" */
    0x0, 0x3, 0xea, 0x20, 0x0, 0x0, 0x0, 0x0,
    0x7f, 0xc0, 0x0, 0x0, 0x0, 0x0, 0x3f, 0xd0,
    0x0, 0x0, 0x0, 0x3, 0xfd, 0x30, 0x0, 0x0,
    0x0, 0x0, 0x21, 0x0, 0x3, 0x80, 0x2f, 0xf4,
    0x0, 0xcf, 0xa8, 0xf0, 0x2f, 0xf4, 0x0, 0xcf,
    0xff, 0x60, 0x2f, 0xf4, 0x0, 0xcf, 0xb1, 0x0,
    0x2f, 0xf4, 0x0, 0xcf, 0xa0, 0x0, 0x2f, 0xf4,
    0x0, 0xcf, 0xa0, 0x0, 0x2f, 0xf4, 0x0, 0xcf,
    0xa0, 0x0, 0xf, 0xf6, 0x1, 0xef, 0xa0, 0x0,
    0xb, 0xff, 0xcf, 0xff, 0xa0, 0x0, 0x1, 0xbf,
    0xe9, 0xbf, 0xa0, 0x0,

    /* U+1EEE "Ữ" */
    0x0, 0x0, 0x10, 0x0, 0x20, 0x0, 0x0, 0x0,
    0x9, 0xfe, 0x9c, 0xe0, 0x0, 0x0, 0x0, 0x1f,
    0x97, 0xde, 0x50, 0x0, 0x0, 0x0, 0x0, 0x0,
    0x0, 0x0, 0x0, 0x0, 0xf, 0xf7, 0x0, 0x4,
    0xff, 0x33, 0xf6, 0xf, 0xf7, 0x0, 0x4, 0xff,
    0x6a, 0xf2, 0xf, 0xf7, 0x0, 0x4, 0xff, 0xfe,
    0x60, 0xf, 0xf7, 0x0, 0x4, 0xff, 0x40, 0x0,
    0xf, 0xf7, 0x0, 0x4, 0xff, 0x30, 0x0, 0xf,
    0xf7, 0x0, 0x4, 0xff, 0x30, 0x0, 0xf, 0xf7,
    0x0, 0x4, 0xff, 0x30, 0x0, 0xf, 0xf7, 0x0,
    0x4, 0xff, 0x30, 0x0, 0xf, 0xf8, 0x0, 0x5,
    0xff, 0x20, 0x0, 0xb, 0xfe, 0x30, 0x2d, 0xfe,
    0x0, 0x0, 0x2, 0xff, 0xff, 0xff, 0xf5, 0x0,
    0x0, 0x0, 0x2a, 0xef, 0xeb, 0x30, 0x0, 0x0,

    /* U+1EEF "ữ" */
    0x0, 0xbf, 0xff, 0xfb, 0x0, 0x0, 0x2, 0x77,
    0x77, 0x60, 0x0, 0x0, 0x0, 0x0, 0x0, 0x0,
    0x5, 0xe0, 0x2f, 0xf4, 0x0, 0xcf, 0xa9, 0xd0,
    0x2f, 0xf4, 0x0, 0xcf, 0xff, 0x50, 0x2f, 0xf4,
    0x0, 0xcf, 0xb1, 0x0, 0x2f, 0xf4, 0x0, 0xcf,
    0xa0, 0x0, 0x2f, 0xf4, 0x0, 0xcf, 0xa0, 0x0,
    0x2f, 0xf4, 0x0, 0xcf, 0xa0, 0x0, 0xf, 0xf6,
    0x1, 0xef, 0xa0, 0x0, 0xb, 0xff, 0xcf, 0xff,
    0xa0, 0x0, 0x1, 0xbf, 0xe9, 0xbf, 0xa0, 0x0,

    /* U+1EF0 "Ự" */
    0xf, 0xf7, 0x0, 0x4, 0xff, 0x33, 0xf6, 0xf,
    0xf7, 0x0, 0x4, 0xff, 0x6a, 0xf2, 0xf, 0xf7,
    0x0, 0x4, 0xff, 0xfe, 0x60, 0xf, 0xf7, 0x0,
    0x4, 0xff, 0x40, 0x0, 0xf, 0xf7, 0x0, 0x4,
    0xff, 0x30, 0x0, 0xf, 0xf7, 0x0, 0x4, 0xff,
    0x30, 0x0, 0xf, 0xf7, 0x0, 0x4, 0xff, 0x30,
    0x0, 0xf, 0xf7, 0x0, 0x4, 0xff, 0x30, 0x0,
    0xf, 0xf8, 0x0, 0x5, 0xff, 0x20, 0x0, 0xb,
    0xfe, 0x30, 0x2d, 0xfe, 0x0, 0x0, 0x2, 0xff,
    0xff, 0xff, 0xf5, 0x0, 0x0, 0x0, 0x2a, 0xef,
    0xeb, 0x30, 0x0, 0x0, 0x0, 0x0, 0x2, 0x20,
    0x0, 0x0, 0x0, 0x0, 0x0, 0x4f, 0xf2, 0x0,
    0x0, 0x0, 0x0, 0x0, 0x2e, 0xd1, 0x0, 0x0,
    0x0,

    /* U+1EF1 "ự" */
    0x0, 0x0, 0x0, 0x0, 0x3, 0x80, 0x2f, 0xf4,
    0x0, 0xcf, 0xa8, 0xf0, 0x2f, 0xf4, 0x0, 0xcf,
    0xff, 0x60, 0x2f, 0xf4, 0x0, 0xcf, 0xb1, 0x0,
    0x2f, 0xf4, 0x0, 0xcf, 0xa0, 0x0, 0x2f, 0xf4,
    0x0, 0xcf, 0xa0, 0x0, 0x2f, 0xf4, 0x0, 0xcf,
    0xa0, 0x0, 0xf, 0xf6, 0x1, 0xef, 0xa0, 0x0,
    0xb, 0xff, 0xcf, 0xff, 0xa0, 0x0, 0x1, 0xbf,
    0xe9, 0xbf, 0xa0, 0x0, 0x0, 0x0, 0x31, 0x0,
    0x0, 0x0, 0x0, 0x7, 0xfe, 0x0, 0x0, 0x0,
    0x0, 0x5, 0xfb, 0x0, 0x0, 0x0,

    /* U+1EF2 "Ỳ" */
    0x0, 0x5f, 0xf2, 0x0, 0x0, 0x0, 0x0, 0x7f,
    0xc0, 0x0, 0x0, 0x0, 0x0, 0x68, 0x20, 0x0,
    0xb, 0xfe, 0x0, 0x0, 0x7f, 0xf3, 0x3f, 0xf7,
    0x0, 0xe, 0xfb, 0x0, 0xbf, 0xe0, 0x6, 0xff,
    0x30, 0x2, 0xff, 0x60, 0xdf, 0xa0, 0x0, 0xa,
    0xfd, 0x5f, 0xf2, 0x0, 0x0, 0x2f, 0xfe, 0xfa,
    0x0, 0x0, 0x0, 0x9f, 0xff, 0x20, 0x0, 0x0,
    0x1, 0xff, 0x90, 0x0, 0x0, 0x0, 0xf, 0xf8,
    0x0, 0x0, 0x0, 0x0, 0xff, 0x80, 0x0, 0x0,
    0x0, 0xf, 0xf8, 0x0, 0x0, 0x0, 0x0, 0xff,
    0x80, 0x0, 0x0,

    /* U+1EF3 "ỳ" */
    0x4, 0xff, 0x30, 0x0, 0x0, 0x6, 0xfd, 0x0,
    0x0, 0x0, 0x5, 0x82, 0x0, 0xc, 0xfc, 0x0,
    0x3f, 0xf5, 0x6f, 0xf1, 0x8, 0xfe, 0x1, 0xff,
    0x50, 0xdf, 0x90, 0xa, 0xfa, 0x1f, 0xf3, 0x0,
    0x4f, 0xf7, 0xfd, 0x0, 0x0, 0xef, 0xef, 0x70,
    0x0, 0x9, 0xff, 0xf2, 0x0, 0x0, 0x3f, 0xfc,
    0x0, 0x0, 0x0, 0xef, 0x60, 0x0, 0x0, 0x6f,
    0xf0, 0x0, 0x0, 0xff, 0xf9, 0x0, 0x0, 0xe,
    0xf9, 0x0, 0x0, 0x0,

    /* U+1EF4 "Ỵ" */
    0xbf, 0xe0, 0x0, 0x7, 0xff, 0x33, 0xff, 0x70,
    0x0, 0xef, 0xb0, 0xb, 0xfe, 0x0, 0x6f, 0xf3,
    0x0, 0x2f, 0xf6, 0xd, 0xfa, 0x0, 0x0, 0xaf,
    0xd5, 0xff, 0x20, 0x0, 0x2, 0xff, 0xef, 0xa0,
    0x0, 0x0, 0x9, 0xff, 0xf2, 0x0, 0x0, 0x0,
    0x1f, 0xf9, 0x0, 0x0, 0x0, 0x0, 0xff, 0x80,
    0x0, 0x0, 0x0, 0xf, 0xf8, 0x0, 0x0, 0x0,
    0x0, 0xff, 0x80, 0x0, 0x0, 0x0, 0xf, 0xf8,
    0x0, 0x0, 0x0, 0x0, 0x13, 0x0, 0x0, 0x0,
    0x0, 0xe, 0xf7, 0x0, 0x0, 0x0, 0x0, 0xcf,
    0x40, 0x0, 0x0,

    /* U+1EF5 "ỵ" */
    0xcf, 0xc0, 0x3, 0xff, 0x56, 0xff, 0x10, 0x8f,
    0xe0, 0x1f, 0xf5, 0xd, 0xf9, 0x0, 0xaf, 0xa1,
    0xff, 0x30, 0x4, 0xff, 0x7f, 0xd0, 0x0, 0xe,
    0xfe, 0xf7, 0x0, 0x0, 0x9f, 0xff, 0x20, 0x0,
    0x3, 0xff, 0xc0, 0x0, 0x0, 0xe, 0xf6, 0x0,
    0x0, 0x6, 0xff, 0x0, 0x0, 0xf, 0xff, 0x97,
    0xe9, 0x0, 0xef, 0x90, 0x7f, 0xa0,

    /* U+1EF6 "Ỷ" */
    0x0, 0x0, 0xbd, 0x80, 0x0, 0x0, 0x0, 0x2,
    0xcf, 0x50, 0x0, 0x0, 0x0, 0xbf, 0x80, 0x0,
    0x0, 0x0, 0x1, 0x20, 0x0, 0x0, 0xbf, 0xe0,
    0x0, 0x7, 0xff, 0x33, 0xff, 0x70, 0x0, 0xef,
    0xb0, 0xb, 0xfe, 0x0, 0x6f, 0xf3, 0x0, 0x2f,
    0xf6, 0xd, 0xfa, 0x0, 0x0, 0xaf, 0xd5, 0xff,
    0x20, 0x0, 0x2, 0xff, 0xef, 0xa0, 0x0, 0x0,
    0x9, 0xff, 0xf2, 0x0, 0x0, 0x0, 0x1f, 0xf9,
    0x0, 0x0, 0x0, 0x0, 0xff, 0x80, 0x0, 0x0,
    0x0, 0xf, 0xf8, 0x0, 0x0, 0x0, 0x0, 0xff,
    0x80, 0x0, 0x0, 0x0, 0xf, 0xf8, 0x0, 0x0,

    /* U+1EF7 "ỷ" */
    0x0, 0xa, 0xd9, 0x0, 0x0, 0x0, 0x2c, 0xf6,
    0x0, 0x0, 0xa, 0xf9, 0x0, 0x0, 0x0, 0x12,
    0x0, 0x0, 0x0, 0x0, 0x0, 0x0, 0xc, 0xfc,
    0x0, 0x3f, 0xf5, 0x6f, 0xf1, 0x8, 0xfe, 0x1,
    0xff, 0x50, 0xdf, 0x90, 0xa, 0xfa, 0x1f, 0xf3,
    0x0, 0x4f, 0xf7, 0xfd, 0x0, 0x0, 0xef, 0xef,
    0x70, 0x0, 0x9, 0xff, 0xf2, 0x0, 0x0, 0x3f,
    0xfc, 0x0, 0x0, 0x0, 0xef, 0x60, 0x0, 0x0,
    0x6f, 0xf0, 0x0, 0x0, 0xff, 0xf9, 0x0, 0x0,
    0xe, 0xf9, 0x0, 0x0, 0x0,

    /* U+1EF8 "Ỹ" */
    0x0, 0x0, 0x0, 0x2, 0x0, 0x0, 0x3, 0xff,
    0x75, 0xf4, 0x0, 0x0, 0xbd, 0x6e, 0xfd, 0x0,
    0x0, 0x4, 0x30, 0x4, 0x0, 0x0, 0xbf, 0xe0,
    0x0, 0x7, 0xff, 0x33, 0xff, 0x70, 0x0, 0xef,
    0xb0, 0xb, 0xfe, 0x0, 0x6f, 0xf3, 0x0, 0x2f,
    0xf6, 0xd, 0xfa, 0x0, 0x0, 0xaf, 0xd5, 0xff,
    0x20, 0x0, 0x2, 0xff, 0xef, 0xa0, 0x0, 0x0,
    0x9, 0xff, 0xf2, 0x0, 0x0, 0x0, 0x1f, 0xf9,
    0x0, 0x0, 0x0, 0x0, 0xff, 0x80, 0x0, 0x0,
    0x0, 0xf, 0xf8, 0x0, 0x0, 0x0, 0x0, 0xff,
    0x80, 0x0, 0x0, 0x0, 0xf, 0xf8, 0x0, 0x0,

    /* U+1EF9 "ỹ" */
    0x4, 0xef, 0xff, 0xf4, 0x0, 0x57, 0x77, 0x73,
    0x0, 0x0, 0x0, 0x0, 0x0, 0xc, 0xfc, 0x0,
    0x3f, 0xf5, 0x6f, 0xf1, 0x8, 0xfe, 0x1, 0xff,
    0x50, 0xdf, 0x90, 0xa, 0xfa, 0x1f, 0xf3, 0x0,
    0x4f, 0xf7, 0xfd, 0x0, 0x0, 0xef, 0xef, 0x70,
    0x0, 0x9, 0xff, 0xf2, 0x0, 0x0, 0x3f, 0xfc,
    0x0, 0x0, 0x0, 0xef, 0x60, 0x0, 0x0, 0x6f,
    0xf0, 0x0, 0x0, 0xff, 0xf9, 0x0, 0x0, 0xe,
    0xf9, 0x0, 0x0, 0x0,

    /* U+1F4D "Ὅ" */
    0xf, 0x60, 0xdc, 0x0, 0x29, 0xef, 0xd8, 0x10,
    0x0, 0xe9, 0x3e, 0x10, 0x3f, 0xff, 0xff, 0xfe,
    0x20, 0x3, 0x84, 0x40, 0xd, 0xfe, 0x41, 0x5e,
    0xfc, 0x0, 0x0, 0x0, 0x5, 0xff, 0x40, 0x0,
    0x6f, 0xf3, 0x0, 0x0, 0x0, 0x9f, 0xf0, 0x0,
    0x1, 0xff, 0x70, 0x0, 0x0, 0xa, 0xfd, 0x0,
    0x0, 0xf, 0xf9, 0x0, 0x0, 0x0, 0xaf, 0xd0,
    0x0, 0x0, 0xff, 0x90, 0x0, 0x0, 0x9, 0xff,
    0x0, 0x0, 0x1f, 0xf7, 0x0, 0x0, 0x0, 0x5f,
    0xf4, 0x0, 0x5, 0xff, 0x30, 0x0, 0x0, 0x0,
    0xef, 0xe3, 0x4, 0xef, 0xc0, 0x0, 0x0, 0x0,
    0x3, 0xff, 0xff, 0xff, 0xe2, 0x0, 0x0, 0x0,
    0x0, 0x2, 0x9e, 0xfd, 0x91, 0x0,

    /* U+2000 " " */

    /* U+2001 " " */

    /* U+2002 " " */

    /* U+2003 " " */

    /* U+2004 " " */

    /* U+2005 " " */

    /* U+2006 " " */

    /* U+2007 " " */

    /* U+2008 " " */

    /* U+2009 " " */

    /* U+200A " " */

    /* U+200B "​" */

    /* U+2010 "‐" */
    0x1e, 0xee, 0xe8, 0x1f, 0xff, 0xf9,

    /* U+2011 "‑" */
    0x1e, 0xee, 0xe8, 0x1f, 0xff, 0xf9,

    /* U+2013 "–" */
    0xae, 0xee, 0xee, 0xee, 0xcb, 0xff, 0xff, 0xff,
    0xfd,

    /* U+2014 "—" */
    0x1e, 0xee, 0xee, 0xee, 0xee, 0xee, 0x51, 0xff,
    0xff, 0xff, 0xff, 0xff, 0xf6,

    /* U+2015 "―" */
    0x1e, 0xee, 0xee, 0xee, 0xee, 0xee, 0x51, 0xff,
    0xff, 0xff, 0xff, 0xff, 0xf6,

    /* U+2017 "‗" */
    0x0, 0x0, 0x0, 0x0, 0xff, 0xff, 0xff, 0xf9,
    0x34, 0x44, 0x44, 0x42, 0xff, 0xff, 0xff, 0xf9,
    0x33, 0x33, 0x33, 0x32,

    /* U+2018 "‘" */
    0x0, 0x10, 0x4, 0xf4, 0xd, 0xf0, 0x1f, 0xc0,
    0x2f, 0xc0,

    /* U+2019 "’" */
    0xc, 0xf2, 0xd, 0xf1, 0xf, 0xd0, 0x4f, 0x40,
    0x1, 0x0,

    /* U+201A "‚" */
    0xc, 0xf3, 0xc, 0xf2, 0xf, 0xe0, 0x4f, 0x60,
    0x2, 0x0,

    /* U+201B "‛" */
    0x6f, 0x80, 0x5f, 0x80, 0x2f, 0xb0, 0x9, 0xf1,
    0x0, 0x10,

    /* U+201C "“" */
    0x0, 0x10, 0x1, 0x0, 0x3f, 0x55, 0xf3, 0xc,
    0xf1, 0xee, 0x0, 0xfd, 0x2f, 0xb0, 0x1f, 0xd3,
    0xfa, 0x0,

    /* U+201D "”" */
    0xa, 0xf4, 0xcf, 0x20, 0xbf, 0x3d, 0xf1, 0xe,
    0xe1, 0xfd, 0x3, 0xf6, 0x5f, 0x40, 0x1, 0x0,
    0x10, 0x0,

    /* U+201E "„" */
    0xc, 0xf3, 0xef, 0x0, 0xcf, 0x2e, 0xf0, 0xe,
    0xf1, 0xfe, 0x2, 0xfa, 0x5f, 0x80, 0x2a, 0x13,
    0x90, 0x0,

    /* U+2020 "†" */
    0x0, 0xa, 0xfc, 0x0, 0x0, 0x0, 0xaf, 0xc0,
    0x0, 0x0, 0xa, 0xfc, 0x0, 0x8, 0xff, 0xff,
    0xff, 0xfb, 0x8f, 0xff, 0xff, 0xff, 0xa0, 0x0,
    0xaf, 0xc0, 0x0, 0x0, 0xa, 0xfc, 0x0, 0x0,
    0x0, 0xaf, 0xc0, 0x0, 0x0, 0xa, 0xfc, 0x0,
    0x0, 0x0, 0xaf, 0xc0, 0x0, 0x0, 0xa, 0xfc,
    0x0, 0x0, 0x0, 0xaf, 0xc0, 0x0,

    /* U+2021 "‡" */
    0x0, 0x5, 0xff, 0x10, 0x0, 0x0, 0x5, 0xff,
    0x10, 0x0, 0x0, 0x5, 0xff, 0x10, 0x0, 0x3f,
    0xff, 0xff, 0xff, 0xf0, 0x2e, 0xee, 0xff, 0xee,
    0xe0, 0x0, 0x5, 0xff, 0x10, 0x0, 0x0, 0x5,
    0xff, 0x10, 0x0, 0x0, 0x5, 0xff, 0x10, 0x0,
    0x0, 0x5, 0xff, 0x10, 0x0, 0x0, 0x5, 0xff,
    0x10, 0x0, 0x2e, 0xee, 0xff, 0xee, 0xe0, 0x3f,
    0xff, 0xff, 0xff, 0xf0, 0x0, 0x5, 0xff, 0x10,
    0x0, 0x0, 0x5, 0xff, 0x10, 0x0, 0x0, 0x5,
    0xff, 0x10, 0x0,

    /* U+2022 "•" */
    0x0, 0x0, 0x4, 0xef, 0x70, 0xcf, 0xff, 0xc,
    0xff, 0xf0, 0x4e, 0xe6, 0x0,

    /* U+2025 "‥" */
    0x27, 0x20, 0x37, 0x1d, 0xfb, 0xe, 0xfa, 0x8f,
    0x70, 0x9f, 0x60,

    /* U+2026 "…" */
    0x27, 0x20, 0x37, 0x10, 0x47, 0xd, 0xfb, 0xe,
    0xfa, 0x1f, 0xf8, 0x8f, 0x70, 0x9f, 0x60, 0xcf,
    0x40,

    /* U+2027 "‧" */
    0x3, 0x50, 0x1f, 0xf7, 0xc, 0xe4,

    /* U+2030 "‰" */
    0x5, 0xdf, 0xb1, 0x0, 0x0, 0x0, 0x0, 0x0,
    0x1f, 0xb7, 0xfa, 0x0, 0x64, 0x0, 0x0, 0x0,
    0x4f, 0x30, 0xcd, 0x2, 0xf5, 0x0, 0x0, 0x0,
    0x2f, 0x72, 0xeb, 0xc, 0xb0, 0x0, 0x0, 0x0,
    0x9, 0xff, 0xe3, 0x7f, 0x20, 0x0, 0x0, 0x0,
    0x0, 0x23, 0x2, 0xf7, 0x0, 0x0, 0x0, 0x0,
    0x0, 0x0, 0xb, 0xc0, 0x0, 0x0, 0x0, 0x0,
    0x0, 0x0, 0x6f, 0x26, 0xef, 0xc7, 0xff, 0xb1,
    0x0, 0x1, 0xf8, 0x1f, 0xb5, 0xef, 0x96, 0xf9,
    0x0, 0xb, 0xd0, 0x4f, 0x50, 0x9f, 0x20, 0xdc,
    0x0, 0x1c, 0x30, 0x1f, 0xc6, 0xef, 0xa6, 0xf9,
    0x0, 0x0, 0x0, 0x5, 0xdf, 0xb6, 0xdf, 0xa1,

    /* U+2032 "′" */
    0x7f, 0x47, 0xf4, 0x7f, 0x37, 0xf1, 0x38, 0x0,

    /* U+2033 "″" */
    0x7f, 0x3c, 0xe7, 0xf2, 0xcd, 0x7f, 0x1c, 0xc7,
    0xf0, 0xca, 0x36, 0x5, 0x40,

    /* U+2039 "‹" */
    0x0, 0x7, 0x50, 0x8, 0xf2, 0x4, 0xf8, 0x0,
    0xee, 0x0, 0x9, 0xf3, 0x0, 0xd, 0xd0, 0x0,
    0x2f, 0x70,

    /* U+203A "›" */
    0x18, 0x30, 0x0, 0xbe, 0x10, 0x2, 0xfb, 0x0,
    0x8, 0xf6, 0x0, 0xce, 0x10, 0x6f, 0x50, 0x1e,
    0x90, 0x0,

    /* U+203C "‼" */
    0xef, 0x90, 0x4f, 0xf3, 0xdf, 0x90, 0x3f, 0xf3,
    0xdf, 0x80, 0x3f, 0xf2, 0xcf, 0x80, 0x2f, 0xf2,
    0xcf, 0x70, 0x2f, 0xf1, 0xbf, 0x70, 0x1f, 0xf1,
    0xaf, 0x60, 0xf, 0xf0, 0xaf, 0x60, 0xf, 0xf0,
    0x24, 0x10, 0x4, 0x30, 0x36, 0x10, 0x5, 0x50,
    0xef, 0x90, 0x4f, 0xf3, 0xaf, 0x60, 0x1e, 0xd1,

    /* U+2044 "⁄" */
    0x0, 0x0, 0x1, 0x91, 0x0, 0x0, 0xa, 0xd0,
    0x0, 0x0, 0x5f, 0x40, 0x0, 0x0, 0xe9, 0x0,
    0x0, 0x9, 0xe1, 0x0, 0x0, 0x3f, 0x50, 0x0,
    0x0, 0xdb, 0x0, 0x0, 0x7, 0xf1, 0x0, 0x0,
    0x2f, 0x70, 0x0, 0x0, 0x7c, 0x0, 0x0, 0x0,
    0x0, 0x0, 0x0, 0x0,

    /* U+2074 "⁴" */
    0x0, 0x2e, 0xf1, 0x1, 0xde, 0xf1, 0xc, 0x9a,
    0xf2, 0x7f, 0xff, 0xfd, 0x24, 0x4b, 0xf5, 0x0,
    0x9, 0xf1,

    /* U+207F "ⁿ" */
    0x4f, 0x6d, 0xfa, 0x4, 0xfe, 0x9e, 0xf4, 0x4f,
    0x70, 0x6f, 0x64, 0xf7, 0x5, 0xf6, 0x4f, 0x70,
    0x5f, 0x64, 0xf7, 0x5, 0xf6,

    /* U+20A3 "₣" */
    0x0, 0xef, 0xff, 0xff, 0xff, 0x0, 0xef, 0xff,
    0xff, 0xff, 0x0, 0xef, 0x90, 0x0, 0x0, 0x0,
    0xef, 0x90, 0x0, 0x0, 0x0, 0xef, 0x90, 0x0,
    0x0, 0x0, 0xef, 0xff, 0xff, 0xf5, 0x0, 0xef,
    0xff, 0xff, 0xf5, 0x0, 0xef, 0x90, 0x0, 0x0,
    0x2, 0xff, 0xb2, 0x10, 0x0, 0x1f, 0xff, 0xff,
    0xb0, 0x0, 0x5, 0xff, 0xe5, 0x30, 0x0, 0x0,
    0xef, 0x90, 0x0, 0x0,

    /* U+20A4 "₤" */
    0x0, 0x4, 0xcf, 0xea, 0x20, 0x0, 0x4f, 0xff,
    0xff, 0xe0, 0x0, 0xcf, 0xd1, 0x3f, 0xf6, 0x0,
    0xef, 0x80, 0x7, 0x84, 0x0, 0xff, 0x90, 0x0,
    0x0, 0x2f, 0xff, 0xff, 0xf0, 0x0, 0x4, 0xef,
    0xb4, 0x40, 0x0, 0x2f, 0xff, 0xff, 0xf0, 0x0,
    0x3, 0xdf, 0xc3, 0x30, 0x0, 0x0, 0xef, 0x70,
    0x0, 0x0, 0x2f, 0xff, 0xff, 0xff, 0xf9, 0x2f,
    0xff, 0xff, 0xff, 0xfa,

    /* U+20A6 "₦" */
    0x0, 0xff, 0xc0, 0x0, 0xa, 0xfd, 0x0, 0x0,
    0xff, 0xf6, 0x0, 0xa, 0xfd, 0x0, 0x0, 0xff,
    0xfe, 0x0, 0xa, 0xfd, 0x0, 0x0, 0xff, 0xff,
    0x90, 0xa, 0xfd, 0x0, 0xbf, 0xff, 0xff, 0xff,
    0xff, 0xff, 0xf8, 0x23, 0xff, 0x9c, 0xfe, 0x3b,
    0xfd, 0x31, 0x1, 0xff, 0x85, 0xff, 0x4b, 0xfd,
    0x10, 0xbf, 0xff, 0xff, 0xff, 0xff, 0xff, 0xf8,
    0x24, 0xff, 0x94, 0x4f, 0xff, 0xfd, 0x42, 0x0,
    0xff, 0x70, 0x6, 0xff, 0xfd, 0x0, 0x0, 0xff,
    0x70, 0x0, 0xbf, 0xfd, 0x0, 0x0, 0xff, 0x70,
    0x0, 0x1e, 0xfd, 0x0,

    /* U+20A7 "₧" */
    0xdf, 0xff, 0xea, 0x20, 0x1, 0x10, 0xd, 0xff,
    0xff, 0xff, 0x35, 0xff, 0x10, 0xdf, 0xb1, 0x5f,
    0xfa, 0x5f, 0xf1, 0xd, 0xfb, 0x0, 0xaf, 0xff,
    0xff, 0xf9, 0xdf, 0xb0, 0xa, 0xff, 0xdf, 0xfc,
    0x6d, 0xfb, 0x4, 0xff, 0x85, 0xff, 0x10, 0xdf,
    0xff, 0xff, 0xe1, 0x5f, 0xf1, 0xd, 0xff, 0xfe,
    0x91, 0x5, 0xff, 0x10, 0xdf, 0xb0, 0x0, 0x0,
    0x5f, 0xf1, 0xd, 0xfb, 0x0, 0x0, 0x4, 0xff,
    0x20, 0xdf, 0xb0, 0x0, 0x0, 0x2f, 0xff, 0xad,
    0xfb, 0x0, 0x0, 0x0, 0x6e, 0xf9,

    /* U+20A8 "₨" */
    0xef, 0xff, 0xfe, 0xb3, 0x0, 0x0, 0x0, 0x0,
    0xe, 0xff, 0xff, 0xff, 0xf4, 0x0, 0x0, 0x0,
    0x0, 0xef, 0x90, 0x3, 0xef, 0xd0, 0x0, 0x0,
    0x0, 0xe, 0xf9, 0x0, 0x8, 0xff, 0x3, 0xbe,
    0xec, 0x50, 0xef, 0x90, 0x0, 0x8f, 0xf2, 0xff,
    0xcc, 0xff, 0x5e, 0xf9, 0x0, 0x3e, 0xfa, 0x7f,
    0xd0, 0x9, 0xd9, 0xef, 0xff, 0xff, 0xfd, 0x15,
    0xff, 0x95, 0x10, 0xe, 0xff, 0xff, 0xff, 0x10,
    0x8, 0xff, 0xff, 0xa1, 0xef, 0x90, 0x2f, 0xf9,
    0x0, 0x1, 0x6a, 0xff, 0x9e, 0xf9, 0x0, 0x9f,
    0xf2, 0xad, 0x70, 0x9, 0xfc, 0xef, 0x90, 0x1,
    0xff, 0xa5, 0xff, 0x99, 0xff, 0x7e, 0xf9, 0x0,
    0x7, 0xff, 0x35, 0xcf, 0xfc, 0x60,

    /* U+20A9 "₩" */
    0xf, 0xf7, 0x4, 0xff, 0x0, 0xdf, 0xa0, 0xd,
    0xf9, 0x6, 0xff, 0x10, 0xff, 0x70, 0xa, 0xfb,
    0x19, 0xff, 0x41, 0xff, 0x50, 0xbf, 0xff, 0xff,
    0xff, 0xff, 0xff, 0xf6, 0x48, 0xff, 0x7e, 0xff,
    0xba, 0xfe, 0x62, 0xbf, 0xff, 0xff, 0xff, 0xff,
    0xff, 0xf6, 0x12, 0xcf, 0x9f, 0xbf, 0xeb, 0xf7,
    0x20, 0x0, 0x9f, 0xdf, 0x8d, 0xfd, 0xf3, 0x0,
    0x0, 0x6f, 0xff, 0x5b, 0xff, 0xf0, 0x0, 0x0,
    0x3f, 0xff, 0x38, 0xff, 0xd0, 0x0, 0x0, 0xf,
    0xff, 0x6, 0xff, 0xa0, 0x0, 0x0, 0xd, 0xfe,
    0x3, 0xff, 0x70, 0x0,

    /* U+20AA "₪" */
    0x1f, 0xff, 0xff, 0xff, 0xc3, 0x9, 0xfd, 0x1f,
    0xff, 0xee, 0xff, 0xfe, 0x9, 0xfd, 0x1f, 0xf5,
    0x0, 0x6, 0xff, 0x29, 0xfd, 0x1f, 0xf5, 0x8f,
    0xe2, 0xff, 0x49, 0xfd, 0x1f, 0xf5, 0x8f, 0xe2,
    0xff, 0x49, 0xfd, 0x1f, 0xf5, 0x8f, 0xe2, 0xff,
    0x49, 0xfd, 0x1f, 0xf5, 0x8f, 0xe0, 0x0, 0xc,
    0xfa, 0x1f, 0xf5, 0x8f, 0xfe, 0xee, 0xff, 0xe2,
    0x1f, 0xf5, 0x8f, 0xff, 0xff, 0xd8, 0x10,

    /* U+20AB "₫" */
    0x0, 0x0, 0x12, 0xef, 0xc2, 0x0, 0x0, 0xdf,
    0xff, 0xff, 0x0, 0x0, 0x45, 0xff, 0xf4, 0x0,
    0x9e, 0xe9, 0xcf, 0xa0, 0xa, 0xff, 0xff, 0xff,
    0xa0, 0x2f, 0xf8, 0x2, 0xef, 0xa0, 0x5f, 0xf1,
    0x0, 0xcf, 0xa0, 0x6f, 0xf0, 0x0, 0xcf, 0xa0,
    0x5f, 0xf0, 0x0, 0xcf, 0xa0, 0x2f, 0xf6, 0x1,
    0xef, 0xa0, 0xa, 0xff, 0xdf, 0xff, 0xa0, 0x0,
    0x9e, 0xea, 0xaf, 0xa0, 0x0, 0x0, 0x0, 0x0,
    0x0, 0xa, 0xdd, 0xdd, 0xdd, 0xa0, 0xc, 0xff,
    0xff, 0xff, 0xc0,

    /* U+20AC "€" */
    0x0, 0x0, 0x7c, 0xff, 0xc0, 0x0, 0xc, 0xff,
    0xff, 0xd0, 0x0, 0x7f, 0xf8, 0x10, 0x10, 0x0,
    0xcf, 0xc0, 0x0, 0x0, 0x4f, 0xff, 0xff, 0xf6,
    0x0, 0x3, 0xef, 0xb3, 0x31, 0x0, 0x4f, 0xff,
    0xff, 0xf6, 0x0, 0x3, 0xdf, 0xc3, 0x31, 0x0,
    0x0, 0xaf, 0xe0, 0x0, 0x0, 0x0, 0x5f, 0xf9,
    0x10, 0x10, 0x0, 0xb, 0xff, 0xff, 0xe0, 0x0,
    0x0, 0x7d, 0xff, 0xd0
};


/*---------------------
 *  GLYPH DESCRIPTION
 *--------------------*/

static const lv_font_fmt_txt_glyph_dsc_t glyph_dsc[] = {
    {.bitmap_index = 0, .adv_w = 0, .box_w = 0, .box_h = 0, .ofs_x = 0, .ofs_y = 0} /* id = 0 reserved */,
    {.bitmap_index = 0, .adv_w = 68, .box_w = 0, .box_h = 0, .ofs_x = 0, .ofs_y = 0},
    {.bitmap_index = 0, .adv_w = 74, .box_w = 3, .box_h = 12, .ofs_x = 1, .ofs_y = 0},
    {.bitmap_index = 18, .adv_w = 87, .box_w = 5, .box_h = 5, .ofs_x = 0, .ofs_y = 7},
    {.bitmap_index = 31, .adv_w = 162, .box_w = 10, .box_h = 12, .ofs_x = 0, .ofs_y = 0},
    {.bitmap_index = 91, .adv_w = 156, .box_w = 9, .box_h = 16, .ofs_x = 0, .ofs_y = -2},
    {.bitmap_index = 163, .adv_w = 201, .box_w = 12, .box_h = 12, .ofs_x = 0, .ofs_y = 0},
    {.bitmap_index = 235, .adv_w = 179, .box_w = 11, .box_h = 12, .ofs_x = 0, .ofs_y = 0},
    {.bitmap_index = 301, .adv_w = 44, .box_w = 3, .box_h = 5, .ofs_x = 0, .ofs_y = 7},
    {.bitmap_index = 309, .adv_w = 95, .box_w = 5, .box_h = 18, .ofs_x = 1, .ofs_y = -4},
    {.bitmap_index = 354, .adv_w = 96, .box_w = 6, .box_h = 18, .ofs_x = 0, .ofs_y = -4},
    {.bitmap_index = 408, .adv_w = 123, .box_w = 8, .box_h = 8, .ofs_x = 0, .ofs_y = 4},
    {.bitmap_index = 440, .adv_w = 148, .box_w = 9, .box_h = 9, .ofs_x = 0, .ofs_y = 1},
    {.bitmap_index = 481, .adv_w = 66, .box_w = 4, .box_h = 5, .ofs_x = 0, .ofs_y = -3},
    {.bitmap_index = 491, .adv_w = 105, .box_w = 6, .box_h = 2, .ofs_x = 0, .ofs_y = 4},
    {.bitmap_index = 497, .adv_w = 79, .box_w = 3, .box_h = 3, .ofs_x = 1, .ofs_y = 0},
    {.bitmap_index = 502, .adv_w = 102, .box_w = 8, .box_h = 13, .ofs_x = -1, .ofs_y = -1},
    {.bitmap_index = 554, .adv_w = 156, .box_w = 9, .box_h = 12, .ofs_x = 0, .ofs_y = 0},
    {.bitmap_index = 608, .adv_w = 156, .box_w = 6, .box_h = 12, .ofs_x = 1, .ofs_y = 0},
    {.bitmap_index = 644, .adv_w = 156, .box_w = 10, .box_h = 12, .ofs_x = 0, .ofs_y = 0},
    {.bitmap_index = 704, .adv_w = 156, .box_w = 9, .box_h = 12, .ofs_x = 0, .ofs_y = 0},
    {.bitmap_index = 758, .adv_w = 156, .box_w = 10, .box_h = 12, .ofs_x = 0, .ofs_y = 0},
    {.bitmap_index = 818, .adv_w = 156, .box_w = 10, .box_h = 12, .ofs_x = 0, .ofs_y = 0},
    {.bitmap_index = 878, .adv_w = 156, .box_w = 10, .box_h = 12, .ofs_x = 0, .ofs_y = 0},
    {.bitmap_index = 938, .adv_w = 156, .box_w = 10, .box_h = 12, .ofs_x = 0, .ofs_y = 0},
    {.bitmap_index = 998, .adv_w = 156, .box_w = 9, .box_h = 12, .ofs_x = 0, .ofs_y = 0},
    {.bitmap_index = 1052, .adv_w = 156, .box_w = 9, .box_h = 12, .ofs_x = 0, .ofs_y = 0},
    {.bitmap_index = 1106, .adv_w = 77, .box_w = 3, .box_h = 9, .ofs_x = 1, .ofs_y = 0},
    {.bitmap_index = 1120, .adv_w = 71, .box_w = 4, .box_h = 13, .ofs_x = 0, .ofs_y = -4},
    {.bitmap_index = 1146, .adv_w = 138, .box_w = 8, .box_h = 9, .ofs_x = 0, .ofs_y = 1},
    {.bitmap_index = 1182, .adv_w = 156, .box_w = 8, .box_h = 5, .ofs_x = 1, .ofs_y = 3},
    {.bitmap_index = 1202, .adv_w = 141, .box_w = 8, .box_h = 8, .ofs_x = 1, .ofs_y = 1},
    {.bitmap_index = 1234, .adv_w = 135, .box_w = 8, .box_h = 12, .ofs_x = 0, .ofs_y = 0},
    {.bitmap_index = 1282, .adv_w = 243, .box_w = 15, .box_h = 15, .ofs_x = 0, .ofs_y = -3},
    {.bitmap_index = 1395, .adv_w = 183, .box_w = 12, .box_h = 12, .ofs_x = 0, .ofs_y = 0},
    {.bitmap_index = 1467, .adv_w = 174, .box_w = 10, .box_h = 12, .ofs_x = 1, .ofs_y = 0},
    {.bitmap_index = 1527, .adv_w = 178, .box_w = 11, .box_h = 12, .ofs_x = 0, .ofs_y = 0},
    {.bitmap_index = 1593, .adv_w = 177, .box_w = 10, .box_h = 12, .ofs_x = 1, .ofs_y = 0},
    {.bitmap_index = 1653, .adv_w = 153, .box_w = 9, .box_h = 12, .ofs_x = 1, .ofs_y = 0},
    {.bitmap_index = 1707, .adv_w = 149, .box_w = 8, .box_h = 12, .ofs_x = 1, .ofs_y = 0},
    {.bitmap_index = 1755, .adv_w = 185, .box_w = 11, .box_h = 12, .ofs_x = 0, .ofs_y = 0},
    {.bitmap_index = 1821, .adv_w = 192, .box_w = 10, .box_h = 12, .ofs_x = 1, .ofs_y = 0},
    {.bitmap_index = 1881, .adv_w = 79, .box_w = 3, .box_h = 12, .ofs_x = 1, .ofs_y = 0},
    {.bitmap_index = 1899, .adv_w = 152, .box_w = 9, .box_h = 12, .ofs_x = 0, .ofs_y = 0},
    {.bitmap_index = 1953, .adv_w = 173, .box_w = 10, .box_h = 12, .ofs_x = 1, .ofs_y = 0},
    {.bitmap_index = 2013, .adv_w = 147, .box_w = 8, .box_h = 12, .ofs_x = 1, .ofs_y = 0},
    {.bitmap_index = 2061, .adv_w = 238, .box_w = 13, .box_h = 12, .ofs_x = 1, .ofs_y = 0},
    {.bitmap_index = 2139, .adv_w = 192, .box_w = 10, .box_h = 12, .ofs_x = 1, .ofs_y = 0},
    {.bitmap_index = 2199, .adv_w = 188, .box_w = 11, .box_h = 12, .ofs_x = 0, .ofs_y = 0},
    {.bitmap_index = 2265, .adv_w = 175, .box_w = 10, .box_h = 12, .ofs_x = 1, .ofs_y = 0},
    {.bitmap_index = 2325, .adv_w = 188, .box_w = 11, .box_h = 14, .ofs_x = 0, .ofs_y = -2},
    {.bitmap_index = 2402, .adv_w = 174, .box_w = 10, .box_h = 12, .ofs_x = 1, .ofs_y = 0},
    {.bitmap_index = 2462, .adv_w = 167, .box_w = 10, .box_h = 12, .ofs_x = 0, .ofs_y = 0},
    {.bitmap_index = 2522, .adv_w = 168, .box_w = 11, .box_h = 12, .ofs_x = 0, .ofs_y = 0},
    {.bitmap_index = 2588, .adv_w = 179, .box_w = 11, .box_h = 12, .ofs_x = 0, .ofs_y = 0},
    {.bitmap_index = 2654, .adv_w = 178, .box_w = 12, .box_h = 12, .ofs_x = 0, .ofs_y = 0},
    {.bitmap_index = 2726, .adv_w = 238, .box_w = 15, .box_h = 12, .ofs_x = 0, .ofs_y = 0},
    {.bitmap_index = 2816, .adv_w = 173, .box_w = 11, .box_h = 12, .ofs_x = 0, .ofs_y = 0},
    {.bitmap_index = 2882, .adv_w = 168, .box_w = 11, .box_h = 12, .ofs_x = 0, .ofs_y = 0},
    {.bitmap_index = 2948, .adv_w = 165, .box_w = 10, .box_h = 12, .ofs_x = 0, .ofs_y = 0},
    {.bitmap_index = 3008, .adv_w = 76, .box_w = 4, .box_h = 17, .ofs_x = 1, .ofs_y = -3},
    {.bitmap_index = 3042, .adv_w = 115, .box_w = 8, .box_h = 13, .ofs_x = 0, .ofs_y = -1},
    {.bitmap_index = 3094, .adv_w = 76, .box_w = 4, .box_h = 17, .ofs_x = 0, .ofs_y = -3},
    {.bitmap_index = 3128, .adv_w = 119, .box_w = 8, .box_h = 6, .ofs_x = 0, .ofs_y = 6},
    {.bitmap_index = 3152, .adv_w = 121, .box_w = 8, .box_h = 2, .ofs_x = 0, .ofs_y = -2},
    {.bitmap_index = 3160, .adv_w = 90, .box_w = 5, .box_h = 3, .ofs_x = 0, .ofs_y = 10},
    {.bitmap_index = 3168, .adv_w = 146, .box_w = 9, .box_h = 9, .ofs_x = 0, .ofs_y = 0},
    {.bitmap_index = 3209, .adv_w = 153, .box_w = 10, .box_h = 12, .ofs_x = 0, .ofs_y = 0},
    {.bitmap_index = 3269, .adv_w = 142, .box_w = 9, .box_h = 9, .ofs_x = 0, .ofs_y = 0},
    {.bitmap_index = 3310, .adv_w = 153, .box_w = 9, .box_h = 12, .ofs_x = 0, .ofs_y = 0},
    {.bitmap_index = 3364, .adv_w = 147, .box_w = 9, .box_h = 9, .ofs_x = 0, .ofs_y = 0},
    {.bitmap_index = 3405, .adv_w = 97, .box_w = 7, .box_h = 12, .ofs_x = 0, .ofs_y = 0},
    {.bitmap_index = 3447, .adv_w = 155, .box_w = 9, .box_h = 12, .ofs_x = 0, .ofs_y = -3},
    {.bitmap_index = 3501, .adv_w = 152, .box_w = 9, .box_h = 12, .ofs_x = 0, .ofs_y = 0},
    {.bitmap_index = 3555, .adv_w = 72, .box_w = 4, .box_h = 12, .ofs_x = 0, .ofs_y = 0},
    {.bitmap_index = 3579, .adv_w = 71, .box_w = 5, .box_h = 15, .ofs_x = -1, .ofs_y = -3},
    {.bitmap_index = 3617, .adv_w = 145, .box_w = 10, .box_h = 12, .ofs_x = 0, .ofs_y = 0},
    {.bitmap_index = 3677, .adv_w = 72, .box_w = 3, .box_h = 12, .ofs_x = 1, .ofs_y = 0},
    {.bitmap_index = 3695, .adv_w = 235, .box_w = 14, .box_h = 9, .ofs_x = 0, .ofs_y = 0},
    {.bitmap_index = 3758, .adv_w = 152, .box_w = 9, .box_h = 9, .ofs_x = 0, .ofs_y = 0},
    {.bitmap_index = 3799, .adv_w = 154, .box_w = 10, .box_h = 9, .ofs_x = 0, .ofs_y = 0},
    {.bitmap_index = 3844, .adv_w = 153, .box_w = 9, .box_h = 12, .ofs_x = 0, .ofs_y = -3},
    {.bitmap_index = 3898, .adv_w = 154, .box_w = 9, .box_h = 12, .ofs_x = 0, .ofs_y = -3},
    {.bitmap_index = 3952, .adv_w = 99, .box_w = 6, .box_h = 10, .ofs_x = 0, .ofs_y = 0},
    {.bitmap_index = 3982, .adv_w = 140, .box_w = 9, .box_h = 9, .ofs_x = 0, .ofs_y = 0},
    {.bitmap_index = 4023, .adv_w = 92, .box_w = 6, .box_h = 11, .ofs_x = 0, .ofs_y = 0},
    {.bitmap_index = 4056, .adv_w = 152, .box_w = 9, .box_h = 9, .ofs_x = 0, .ofs_y = 0},
    {.bitmap_index = 4097, .adv_w = 137, .box_w = 9, .box_h = 9, .ofs_x = 0, .ofs_y = 0},
    {.bitmap_index = 4138, .adv_w = 200, .box_w = 13, .box_h = 9, .ofs_x = 0, .ofs_y = 0},
    {.bitmap_index = 4197, .adv_w = 138, .box_w = 9, .box_h = 9, .ofs_x = 0, .ofs_y = 0},
    {.bitmap_index = 4238, .adv_w = 137, .box_w = 9, .box_h = 12, .ofs_x = 0, .ofs_y = -3},
    {.bitmap_index = 4292, .adv_w = 138, .box_w = 9, .box_h = 9, .ofs_x = 0, .ofs_y = 0},
    {.bitmap_index = 4333, .adv_w = 90, .box_w = 6, .box_h = 17, .ofs_x = 0, .ofs_y = -4},
    {.bitmap_index = 4384, .adv_w = 69, .box_w = 2, .box_h = 15, .ofs_x = 1, .ofs_y = -3},
    {.bitmap_index = 4399, .adv_w = 90, .box_w = 6, .box_h = 17, .ofs_x = 0, .ofs_y = -4},
    {.bitmap_index = 4450, .adv_w = 176, .box_w = 11, .box_h = 4, .ofs_x = 0, .ofs_y = 3},
    {.bitmap_index = 4472, .adv_w = 68, .box_w = 0, .box_h = 0, .ofs_x = 0, .ofs_y = 0},
    {.bitmap_index = 4472, .adv_w = 77, .box_w = 3, .box_h = 12, .ofs_x = 1, .ofs_y = -3},
    {.bitmap_index = 4490, .adv_w = 156, .box_w = 9, .box_h = 13, .ofs_x = 0, .ofs_y = -2},
    {.bitmap_index = 4549, .adv_w = 162, .box_w = 10, .box_h = 12, .ofs_x = 0, .ofs_y = 0},
    {.bitmap_index = 4609, .adv_w = 188, .box_w = 12, .box_h = 12, .ofs_x = 0, .ofs_y = -1},
    {.bitmap_index = 4681, .adv_w = 146, .box_w = 10, .box_h = 12, .ofs_x = 0, .ofs_y = 0},
    {.bitmap_index = 4741, .adv_w = 69, .box_w = 3, .box_h = 14, .ofs_x = 1, .ofs_y = -2},
    {.bitmap_index = 4762, .adv_w = 171, .box_w = 10, .box_h = 15, .ofs_x = 0, .ofs_y = -3},
    {.bitmap_index = 4837, .adv_w = 127, .box_w = 8, .box_h = 3, .ofs_x = 0, .ofs_y = 10},
    {.bitmap_index = 4849, .adv_w = 213, .box_w = 13, .box_h = 12, .ofs_x = 0, .ofs_y = 0},
    {.bitmap_index = 4927, .adv_w = 121, .box_w = 6, .box_h = 6, .ofs_x = 1, .ofs_y = 6},
    {.bitmap_index = 4945, .adv_w = 136, .box_w = 8, .box_h = 7, .ofs_x = 0, .ofs_y = 1},
    {.bitmap_index = 4973, .adv_w = 150, .box_w = 7, .box_h = 5, .ofs_x = 1, .ofs_y = 2},
    {.bitmap_index = 4991, .adv_w = 105, .box_w = 6, .box_h = 2, .ofs_x = 0, .ofs_y = 4},
    {.bitmap_index = 4997, .adv_w = 213, .box_w = 13, .box_h = 12, .ofs_x = 0, .ofs_y = 0},
    {.bitmap_index = 5075, .adv_w = 136, .box_w = 7, .box_h = 3, .ofs_x = 1, .ofs_y = 10},
    {.bitmap_index = 5086, .adv_w = 106, .box_w = 5, .box_h = 5, .ofs_x = 1, .ofs_y = 7},
    {.bitmap_index = 5099, .adv_w = 146, .box_w = 9, .box_h = 11, .ofs_x = 0, .ofs_y = 0},
    {.bitmap_index = 5149, .adv_w = 101, .box_w = 6, .box_h = 6, .ofs_x = 0, .ofs_y = 6},
    {.bitmap_index = 5167, .adv_w = 101, .box_w = 6, .box_h = 6, .ofs_x = 0, .ofs_y = 6},
    {.bitmap_index = 5185, .adv_w = 90, .box_w = 6, .box_h = 3, .ofs_x = 0, .ofs_y = 10},
    {.bitmap_index = 5194, .adv_w = 167, .box_w = 9, .box_h = 12, .ofs_x = 1, .ofs_y = -3},
    {.bitmap_index = 5248, .adv_w = 133, .box_w = 8, .box_h = 12, .ofs_x = 0, .ofs_y = 0},
    {.bitmap_index = 5296, .adv_w = 82, .box_w = 3, .box_h = 3, .ofs_x = 1, .ofs_y = 4},
    {.bitmap_index = 5301, .adv_w = 73, .box_w = 5, .box_h = 5, .ofs_x = 0, .ofs_y = -4},
    {.bitmap_index = 5314, .adv_w = 101, .box_w = 4, .box_h = 7, .ofs_x = 1, .ofs_y = 6},
    {.bitmap_index = 5328, .adv_w = 124, .box_w = 7, .box_h = 6, .ofs_x = 0, .ofs_y = 6},
    {.bitmap_index = 5349, .adv_w = 136, .box_w = 8, .box_h = 7, .ofs_x = 0, .ofs_y = 1},
    {.bitmap_index = 5377, .adv_w = 195, .box_w = 12, .box_h = 12, .ofs_x = 0, .ofs_y = 0},
    {.bitmap_index = 5449, .adv_w = 207, .box_w = 13, .box_h = 13, .ofs_x = 0, .ofs_y = -1},
    {.bitmap_index = 5534, .adv_w = 220, .box_w = 13, .box_h = 13, .ofs_x = 0, .ofs_y = 0},
    {.bitmap_index = 5619, .adv_w = 135, .box_w = 9, .box_h = 12, .ofs_x = 0, .ofs_y = -3},
    {.bitmap_index = 5673, .adv_w = 183, .box_w = 12, .box_h = 15, .ofs_x = 0, .ofs_y = 0},
    {.bitmap_index = 5763, .adv_w = 183, .box_w = 12, .box_h = 15, .ofs_x = 0, .ofs_y = 0},
    {.bitmap_index = 5853, .adv_w = 183, .box_w = 12, .box_h = 15, .ofs_x = 0, .ofs_y = 0},
    {.bitmap_index = 5943, .adv_w = 183, .box_w = 12, .box_h = 16, .ofs_x = 0, .ofs_y = 0},
    {.bitmap_index = 6039, .adv_w = 183, .box_w = 12, .box_h = 15, .ofs_x = 0, .ofs_y = 0},
    {.bitmap_index = 6129, .adv_w = 183, .box_w = 12, .box_h = 16, .ofs_x = 0, .ofs_y = 0},
    {.bitmap_index = 6225, .adv_w = 256, .box_w = 16, .box_h = 12, .ofs_x = 0, .ofs_y = 0},
    {.bitmap_index = 6321, .adv_w = 178, .box_w = 11, .box_h = 15, .ofs_x = 0, .ofs_y = -3},
    {.bitmap_index = 6404, .adv_w = 153, .box_w = 9, .box_h = 15, .ofs_x = 1, .ofs_y = 0},
    {.bitmap_index = 6472, .adv_w = 153, .box_w = 9, .box_h = 15, .ofs_x = 1, .ofs_y = 0},
    {.bitmap_index = 6540, .adv_w = 153, .box_w = 9, .box_h = 15, .ofs_x = 1, .ofs_y = 0},
    {.bitmap_index = 6608, .adv_w = 153, .box_w = 9, .box_h = 15, .ofs_x = 1, .ofs_y = 0},
    {.bitmap_index = 6676, .adv_w = 79, .box_w = 5, .box_h = 15, .ofs_x = -1, .ofs_y = 0},
    {.bitmap_index = 6714, .adv_w = 79, .box_w = 5, .box_h = 15, .ofs_x = 1, .ofs_y = 0},
    {.bitmap_index = 6752, .adv_w = 79, .box_w = 7, .box_h = 15, .ofs_x = -1, .ofs_y = 0},
    {.bitmap_index = 6805, .adv_w = 79, .box_w = 7, .box_h = 15, .ofs_x = -1, .ofs_y = 0},
    {.bitmap_index = 6858, .adv_w = 181, .box_w = 12, .box_h = 12, .ofs_x = -1, .ofs_y = 0},
    {.bitmap_index = 6930, .adv_w = 192, .box_w = 10, .box_h = 16, .ofs_x = 1, .ofs_y = 0},
    {.bitmap_index = 7010, .adv_w = 188, .box_w = 11, .box_h = 15, .ofs_x = 0, .ofs_y = 0},
    {.bitmap_index = 7093, .adv_w = 188, .box_w = 11, .box_h = 15, .ofs_x = 0, .ofs_y = 0},
    {.bitmap_index = 7176, .adv_w = 188, .box_w = 11, .box_h = 16, .ofs_x = 0, .ofs_y = 0},
    {.bitmap_index = 7264, .adv_w = 188, .box_w = 11, .box_h = 16, .ofs_x = 0, .ofs_y = 0},
    {.bitmap_index = 7352, .adv_w = 188, .box_w = 11, .box_h = 15, .ofs_x = 0, .ofs_y = 0},
    {.bitmap_index = 7435, .adv_w = 145, .box_w = 9, .box_h = 9, .ofs_x = 0, .ofs_y = 1},
    {.bitmap_index = 7476, .adv_w = 187, .box_w = 12, .box_h = 13, .ofs_x = 0, .ofs_y = -1},
    {.bitmap_index = 7554, .adv_w = 179, .box_w = 11, .box_h = 15, .ofs_x = 0, .ofs_y = 0},
    {.bitmap_index = 7637, .adv_w = 179, .box_w = 11, .box_h = 15, .ofs_x = 0, .ofs_y = 0},
    {.bitmap_index = 7720, .adv_w = 179, .box_w = 11, .box_h = 16, .ofs_x = 0, .ofs_y = 0},
    {.bitmap_index = 7808, .adv_w = 179, .box_w = 11, .box_h = 15, .ofs_x = 0, .ofs_y = 0},
    {.bitmap_index = 7891, .adv_w = 168, .box_w = 11, .box_h = 15, .ofs_x = 0, .ofs_y = 0},
    {.bitmap_index = 7974, .adv_w = 165, .box_w = 9, .box_h = 12, .ofs_x = 1, .ofs_y = 0},
    {.bitmap_index = 8028, .adv_w = 172, .box_w = 10, .box_h = 12, .ofs_x = 1, .ofs_y = 0},
    {.bitmap_index = 8088, .adv_w = 146, .box_w = 9, .box_h = 12, .ofs_x = 0, .ofs_y = 0},
    {.bitmap_index = 8142, .adv_w = 146, .box_w = 9, .box_h = 12, .ofs_x = 0, .ofs_y = 0},
    {.bitmap_index = 8196, .adv_w = 146, .box_w = 9, .box_h = 12, .ofs_x = 0, .ofs_y = 0},
    {.bitmap_index = 8250, .adv_w = 146, .box_w = 9, .box_h = 12, .ofs_x = 0, .ofs_y = 0},
    {.bitmap_index = 8304, .adv_w = 146, .box_w = 9, .box_h = 12, .ofs_x = 0, .ofs_y = 0},
    {.bitmap_index = 8358, .adv_w = 146, .box_w = 9, .box_h = 14, .ofs_x = 0, .ofs_y = 0},
    {.bitmap_index = 8421, .adv_w = 230, .box_w = 14, .box_h = 9, .ofs_x = 0, .ofs_y = 0},
    {.bitmap_index = 8484, .adv_w = 142, .box_w = 9, .box_h = 12, .ofs_x = 0, .ofs_y = -3},
    {.bitmap_index = 8538, .adv_w = 147, .box_w = 9, .box_h = 12, .ofs_x = 0, .ofs_y = 0},
    {.bitmap_index = 8592, .adv_w = 147, .box_w = 9, .box_h = 12, .ofs_x = 0, .ofs_y = 0},
    {.bitmap_index = 8646, .adv_w = 147, .box_w = 9, .box_h = 12, .ofs_x = 0, .ofs_y = 0},
    {.bitmap_index = 8700, .adv_w = 147, .box_w = 9, .box_h = 12, .ofs_x = 0, .ofs_y = 0},
    {.bitmap_index = 8754, .adv_w = 75, .box_w = 5, .box_h = 12, .ofs_x = -1, .ofs_y = 0},
    {.bitmap_index = 8784, .adv_w = 75, .box_w = 5, .box_h = 12, .ofs_x = 1, .ofs_y = 0},
    {.bitmap_index = 8814, .adv_w = 75, .box_w = 7, .box_h = 12, .ofs_x = -1, .ofs_y = 0},
    {.bitmap_index = 8856, .adv_w = 75, .box_w = 7, .box_h = 12, .ofs_x = -1, .ofs_y = 0},
    {.bitmap_index = 8898, .adv_w = 156, .box_w = 10, .box_h = 14, .ofs_x = 0, .ofs_y = 0},
    {.bitmap_index = 8968, .adv_w = 152, .box_w = 9, .box_h = 12, .ofs_x = 0, .ofs_y = 0},
    {.bitmap_index = 9022, .adv_w = 154, .box_w = 10, .box_h = 12, .ofs_x = 0, .ofs_y = 0},
    {.bitmap_index = 9082, .adv_w = 154, .box_w = 10, .box_h = 12, .ofs_x = 0, .ofs_y = 0},
    {.bitmap_index = 9142, .adv_w = 154, .box_w = 10, .box_h = 12, .ofs_x = 0, .ofs_y = 0},
    {.bitmap_index = 9202, .adv_w = 154, .box_w = 10, .box_h = 12, .ofs_x = 0, .ofs_y = 0},
    {.bitmap_index = 9262, .adv_w = 154, .box_w = 10, .box_h = 12, .ofs_x = 0, .ofs_y = 0},
    {.bitmap_index = 9322, .adv_w = 155, .box_w = 10, .box_h = 9, .ofs_x = 0, .ofs_y = 1},
    {.bitmap_index = 9367, .adv_w = 154, .box_w = 10, .box_h = 11, .ofs_x = 0, .ofs_y = -1},
    {.bitmap_index = 9422, .adv_w = 152, .box_w = 9, .box_h = 12, .ofs_x = 0, .ofs_y = 0},
    {.bitmap_index = 9476, .adv_w = 152, .box_w = 9, .box_h = 12, .ofs_x = 0, .ofs_y = 0},
    {.bitmap_index = 9530, .adv_w = 152, .box_w = 9, .box_h = 12, .ofs_x = 0, .ofs_y = 0},
    {.bitmap_index = 9584, .adv_w = 152, .box_w = 9, .box_h = 12, .ofs_x = 0, .ofs_y = 0},
    {.bitmap_index = 9638, .adv_w = 137, .box_w = 9, .box_h = 15, .ofs_x = 0, .ofs_y = -3},
    {.bitmap_index = 9706, .adv_w = 154, .box_w = 10, .box_h = 15, .ofs_x = 0, .ofs_y = -3},
    {.bitmap_index = 9781, .adv_w = 137, .box_w = 9, .box_h = 15, .ofs_x = 0, .ofs_y = -3},
    {.bitmap_index = 9849, .adv_w = 183, .box_w = 12, .box_h = 15, .ofs_x = 0, .ofs_y = 0},
    {.bitmap_index = 9939, .adv_w = 146, .box_w = 9, .box_h = 12, .ofs_x = 0, .ofs_y = 0},
    {.bitmap_index = 9993, .adv_w = 183, .box_w = 12, .box_h = 16, .ofs_x = 0, .ofs_y = 0},
    {.bitmap_index = 10089, .adv_w = 146, .box_w = 9, .box_h = 12, .ofs_x = 0, .ofs_y = 0},
    {.bitmap_index = 10143, .adv_w = 183, .box_w = 12, .box_h = 15, .ofs_x = 0, .ofs_y = -3},
    {.bitmap_index = 10233, .adv_w = 146, .box_w = 9, .box_h = 12, .ofs_x = 0, .ofs_y = -3},
    {.bitmap_index = 10287, .adv_w = 178, .box_w = 11, .box_h = 16, .ofs_x = 0, .ofs_y = 0},
    {.bitmap_index = 10375, .adv_w = 142, .box_w = 9, .box_h = 12, .ofs_x = 0, .ofs_y = 0},
    {.bitmap_index = 10429, .adv_w = 178, .box_w = 11, .box_h = 16, .ofs_x = 0, .ofs_y = 0},
    {.bitmap_index = 10517, .adv_w = 142, .box_w = 9, .box_h = 12, .ofs_x = 0, .ofs_y = 0},
    {.bitmap_index = 10571, .adv_w = 178, .box_w = 11, .box_h = 16, .ofs_x = 0, .ofs_y = 0},
    {.bitmap_index = 10659, .adv_w = 142, .box_w = 9, .box_h = 12, .ofs_x = 0, .ofs_y = 0},
    {.bitmap_index = 10713, .adv_w = 178, .box_w = 11, .box_h = 16, .ofs_x = 0, .ofs_y = 0},
    {.bitmap_index = 10801, .adv_w = 142, .box_w = 9, .box_h = 12, .ofs_x = 0, .ofs_y = 0},
    {.bitmap_index = 10855, .adv_w = 177, .box_w = 10, .box_h = 15, .ofs_x = 1, .ofs_y = 0},
    {.bitmap_index = 10930, .adv_w = 173, .box_w = 12, .box_h = 12, .ofs_x = 0, .ofs_y = 0},
    {.bitmap_index = 11002, .adv_w = 181, .box_w = 12, .box_h = 12, .ofs_x = -1, .ofs_y = 0},
    {.bitmap_index = 11074, .adv_w = 171, .box_w = 10, .box_h = 12, .ofs_x = 0, .ofs_y = 0},
    {.bitmap_index = 11134, .adv_w = 153, .box_w = 9, .box_h = 15, .ofs_x = 1, .ofs_y = 0},
    {.bitmap_index = 11202, .adv_w = 147, .box_w = 9, .box_h = 12, .ofs_x = 0, .ofs_y = 0},
    {.bitmap_index = 11256, .adv_w = 153, .box_w = 9, .box_h = 16, .ofs_x = 1, .ofs_y = 0},
    {.bitmap_index = 11328, .adv_w = 147, .box_w = 9, .box_h = 12, .ofs_x = 0, .ofs_y = 0},
    {.bitmap_index = 11382, .adv_w = 153, .box_w = 9, .box_h = 15, .ofs_x = 1, .ofs_y = 0},
    {.bitmap_index = 11450, .adv_w = 147, .box_w = 9, .box_h = 12, .ofs_x = 0, .ofs_y = 0},
    {.bitmap_index = 11504, .adv_w = 153, .box_w = 9, .box_h = 15, .ofs_x = 1, .ofs_y = -3},
    {.bitmap_index = 11572, .adv_w = 147, .box_w = 9, .box_h = 12, .ofs_x = 0, .ofs_y = -3},
    {.bitmap_index = 11626, .adv_w = 153, .box_w = 9, .box_h = 15, .ofs_x = 1, .ofs_y = 0},
    {.bitmap_index = 11694, .adv_w = 147, .box_w = 9, .box_h = 12, .ofs_x = 0, .ofs_y = 0},
    {.bitmap_index = 11748, .adv_w = 185, .box_w = 11, .box_h = 16, .ofs_x = 0, .ofs_y = 0},
    {.bitmap_index = 11836, .adv_w = 155, .box_w = 9, .box_h = 15, .ofs_x = 0, .ofs_y = -3},
    {.bitmap_index = 11904, .adv_w = 185, .box_w = 11, .box_h = 16, .ofs_x = 0, .ofs_y = 0},
    {.bitmap_index = 11992, .adv_w = 155, .box_w = 9, .box_h = 16, .ofs_x = 0, .ofs_y = -3},
    {.bitmap_index = 12064, .adv_w = 185, .box_w = 11, .box_h = 16, .ofs_x = 0, .ofs_y = 0},
    {.bitmap_index = 12152, .adv_w = 155, .box_w = 9, .box_h = 15, .ofs_x = 0, .ofs_y = -3},
    {.bitmap_index = 12220, .adv_w = 185, .box_w = 11, .box_h = 16, .ofs_x = 0, .ofs_y = -4},
    {.bitmap_index = 12308, .adv_w = 155, .box_w = 9, .box_h = 18, .ofs_x = 0, .ofs_y = -3},
    {.bitmap_index = 12389, .adv_w = 192, .box_w = 10, .box_h = 15, .ofs_x = 1, .ofs_y = 0},
    {.bitmap_index = 12464, .adv_w = 152, .box_w = 9, .box_h = 16, .ofs_x = 0, .ofs_y = 0},
    {.bitmap_index = 12536, .adv_w = 196, .box_w = 13, .box_h = 12, .ofs_x = 0, .ofs_y = 0},
    {.bitmap_index = 12614, .adv_w = 156, .box_w = 10, .box_h = 12, .ofs_x = -1, .ofs_y = 0},
    {.bitmap_index = 12674, .adv_w = 79, .box_w = 7, .box_h = 16, .ofs_x = -1, .ofs_y = 0},
    {.bitmap_index = 12730, .adv_w = 75, .box_w = 7, .box_h = 12, .ofs_x = -1, .ofs_y = 0},
    {.bitmap_index = 12772, .adv_w = 79, .box_w = 7, .box_h = 15, .ofs_x = -1, .ofs_y = 0},
    {.bitmap_index = 12825, .adv_w = 75, .box_w = 7, .box_h = 12, .ofs_x = -1, .ofs_y = 0},
    {.bitmap_index = 12867, .adv_w = 79, .box_w = 7, .box_h = 16, .ofs_x = -1, .ofs_y = 0},
    {.bitmap_index = 12923, .adv_w = 75, .box_w = 7, .box_h = 12, .ofs_x = -1, .ofs_y = 0},
    {.bitmap_index = 12965, .adv_w = 79, .box_w = 4, .box_h = 15, .ofs_x = 0, .ofs_y = -3},
    {.bitmap_index = 12995, .adv_w = 72, .box_w = 4, .box_h = 15, .ofs_x = 0, .ofs_y = -3},
    {.bitmap_index = 13025, .adv_w = 79, .box_w = 3, .box_h = 15, .ofs_x = 1, .ofs_y = 0},
    {.bitmap_index = 13048, .adv_w = 75, .box_w = 3, .box_h = 9, .ofs_x = 1, .ofs_y = 0},
    {.bitmap_index = 13062, .adv_w = 231, .box_w = 13, .box_h = 12, .ofs_x = 1, .ofs_y = 0},
    {.bitmap_index = 13140, .adv_w = 143, .box_w = 9, .box_h = 15, .ofs_x = 0, .ofs_y = -3},
    {.bitmap_index = 13208, .adv_w = 152, .box_w = 11, .box_h = 16, .ofs_x = 0, .ofs_y = 0},
    {.bitmap_index = 13296, .adv_w = 77, .box_w = 7, .box_h = 15, .ofs_x = -1, .ofs_y = -3},
    {.bitmap_index = 13349, .adv_w = 173, .box_w = 10, .box_h = 16, .ofs_x = 1, .ofs_y = -4},
    {.bitmap_index = 13429, .adv_w = 145, .box_w = 10, .box_h = 16, .ofs_x = 0, .ofs_y = -4},
    {.bitmap_index = 13509, .adv_w = 160, .box_w = 9, .box_h = 9, .ofs_x = 1, .ofs_y = 0},
    {.bitmap_index = 13550, .adv_w = 147, .box_w = 8, .box_h = 15, .ofs_x = 1, .ofs_y = 0},
    {.bitmap_index = 13610, .adv_w = 72, .box_w = 5, .box_h = 16, .ofs_x = 1, .ofs_y = 0},
    {.bitmap_index = 13650, .adv_w = 147, .box_w = 8, .box_h = 16, .ofs_x = 1, .ofs_y = -4},
    {.bitmap_index = 13714, .adv_w = 72, .box_w = 4, .box_h = 16, .ofs_x = 0, .ofs_y = -4},
    {.bitmap_index = 13746, .adv_w = 147, .box_w = 8, .box_h = 12, .ofs_x = 1, .ofs_y = 0},
    {.bitmap_index = 13794, .adv_w = 92, .box_w = 6, .box_h = 12, .ofs_x = 1, .ofs_y = 0},
    {.bitmap_index = 13830, .adv_w = 147, .box_w = 8, .box_h = 12, .ofs_x = 1, .ofs_y = 0},
    {.bitmap_index = 13878, .adv_w = 101, .box_w = 6, .box_h = 12, .ofs_x = 1, .ofs_y = 0},
    {.bitmap_index = 13914, .adv_w = 152, .box_w = 10, .box_h = 12, .ofs_x = 0, .ofs_y = 0},
    {.bitmap_index = 13974, .adv_w = 83, .box_w = 5, .box_h = 12, .ofs_x = 0, .ofs_y = 0},
    {.bitmap_index = 14004, .adv_w = 192, .box_w = 10, .box_h = 15, .ofs_x = 1, .ofs_y = 0},
    {.bitmap_index = 14079, .adv_w = 152, .box_w = 9, .box_h = 12, .ofs_x = 0, .ofs_y = 0},
    {.bitmap_index = 14133, .adv_w = 192, .box_w = 10, .box_h = 16, .ofs_x = 1, .ofs_y = -4},
    {.bitmap_index = 14213, .adv_w = 152, .box_w = 9, .box_h = 13, .ofs_x = 0, .ofs_y = -4},
    {.bitmap_index = 14272, .adv_w = 192, .box_w = 10, .box_h = 15, .ofs_x = 1, .ofs_y = 0},
    {.bitmap_index = 14347, .adv_w = 152, .box_w = 9, .box_h = 12, .ofs_x = 0, .ofs_y = 0},
    {.bitmap_index = 14401, .adv_w = 152, .box_w = 10, .box_h = 12, .ofs_x = -1, .ofs_y = 0},
    {.bitmap_index = 14461, .adv_w = 191, .box_w = 10, .box_h = 15, .ofs_x = 1, .ofs_y = -3},
    {.bitmap_index = 14536, .adv_w = 154, .box_w = 9, .box_h = 12, .ofs_x = 0, .ofs_y = -3},
    {.bitmap_index = 14590, .adv_w = 188, .box_w = 11, .box_h = 15, .ofs_x = 0, .ofs_y = 0},
    {.bitmap_index = 14673, .adv_w = 154, .box_w = 10, .box_h = 12, .ofs_x = 0, .ofs_y = 0},
    {.bitmap_index = 14733, .adv_w = 188, .box_w = 11, .box_h = 16, .ofs_x = 0, .ofs_y = 0},
    {.bitmap_index = 14821, .adv_w = 154, .box_w = 10, .box_h = 12, .ofs_x = 0, .ofs_y = 0},
    {.bitmap_index = 14881, .adv_w = 188, .box_w = 11, .box_h = 16, .ofs_x = 0, .ofs_y = 0},
    {.bitmap_index = 14969, .adv_w = 154, .box_w = 10, .box_h = 12, .ofs_x = 0, .ofs_y = 0},
    {.bitmap_index = 15029, .adv_w = 263, .box_w = 16, .box_h = 12, .ofs_x = 0, .ofs_y = 0},
    {.bitmap_index = 15125, .adv_w = 245, .box_w = 15, .box_h = 9, .ofs_x = 0, .ofs_y = 0},
    {.bitmap_index = 15193, .adv_w = 174, .box_w = 10, .box_h = 15, .ofs_x = 1, .ofs_y = 0},
    {.bitmap_index = 15268, .adv_w = 99, .box_w = 7, .box_h = 12, .ofs_x = 0, .ofs_y = 0},
    {.bitmap_index = 15310, .adv_w = 174, .box_w = 10, .box_h = 16, .ofs_x = 1, .ofs_y = -4},
    {.bitmap_index = 15390, .adv_w = 99, .box_w = 6, .box_h = 14, .ofs_x = 0, .ofs_y = -4},
    {.bitmap_index = 15432, .adv_w = 174, .box_w = 10, .box_h = 15, .ofs_x = 1, .ofs_y = 0},
    {.bitmap_index = 15507, .adv_w = 99, .box_w = 7, .box_h = 12, .ofs_x = 0, .ofs_y = 0},
    {.bitmap_index = 15549, .adv_w = 167, .box_w = 10, .box_h = 15, .ofs_x = 0, .ofs_y = 0},
    {.bitmap_index = 15624, .adv_w = 140, .box_w = 9, .box_h = 12, .ofs_x = 0, .ofs_y = 0},
    {.bitmap_index = 15678, .adv_w = 167, .box_w = 10, .box_h = 16, .ofs_x = 0, .ofs_y = 0},
    {.bitmap_index = 15758, .adv_w = 140, .box_w = 9, .box_h = 12, .ofs_x = 0, .ofs_y = 0},
    {.bitmap_index = 15812, .adv_w = 167, .box_w = 10, .box_h = 15, .ofs_x = 0, .ofs_y = -3},
    {.bitmap_index = 15887, .adv_w = 140, .box_w = 9, .box_h = 12, .ofs_x = 0, .ofs_y = -3},
    {.bitmap_index = 15941, .adv_w = 167, .box_w = 10, .box_h = 15, .ofs_x = 0, .ofs_y = 0},
    {.bitmap_index = 16016, .adv_w = 140, .box_w = 9, .box_h = 12, .ofs_x = 0, .ofs_y = 0},
    {.bitmap_index = 16070, .adv_w = 168, .box_w = 11, .box_h = 15, .ofs_x = 0, .ofs_y = -3},
    {.bitmap_index = 16153, .adv_w = 92, .box_w = 6, .box_h = 15, .ofs_x = 0, .ofs_y = -3},
    {.bitmap_index = 16198, .adv_w = 168, .box_w = 11, .box_h = 15, .ofs_x = 0, .ofs_y = 0},
    {.bitmap_index = 16281, .adv_w = 97, .box_w = 8, .box_h = 14, .ofs_x = 0, .ofs_y = 0},
    {.bitmap_index = 16337, .adv_w = 168, .box_w = 11, .box_h = 12, .ofs_x = 0, .ofs_y = 0},
    {.bitmap_index = 16403, .adv_w = 92, .box_w = 7, .box_h = 11, .ofs_x = -1, .ofs_y = 0},
    {.bitmap_index = 16442, .adv_w = 179, .box_w = 11, .box_h = 16, .ofs_x = 0, .ofs_y = 0},
    {.bitmap_index = 16530, .adv_w = 152, .box_w = 9, .box_h = 12, .ofs_x = 0, .ofs_y = 0},
    {.bitmap_index = 16584, .adv_w = 179, .box_w = 11, .box_h = 15, .ofs_x = 0, .ofs_y = 0},
    {.bitmap_index = 16667, .adv_w = 152, .box_w = 9, .box_h = 12, .ofs_x = 0, .ofs_y = 0},
    {.bitmap_index = 16721, .adv_w = 179, .box_w = 11, .box_h = 16, .ofs_x = 0, .ofs_y = 0},
    {.bitmap_index = 16809, .adv_w = 152, .box_w = 9, .box_h = 12, .ofs_x = 0, .ofs_y = 0},
    {.bitmap_index = 16863, .adv_w = 179, .box_w = 11, .box_h = 16, .ofs_x = 0, .ofs_y = 0},
    {.bitmap_index = 16951, .adv_w = 152, .box_w = 9, .box_h = 14, .ofs_x = 0, .ofs_y = 0},
    {.bitmap_index = 17014, .adv_w = 179, .box_w = 11, .box_h = 16, .ofs_x = 0, .ofs_y = 0},
    {.bitmap_index = 17102, .adv_w = 152, .box_w = 10, .box_h = 12, .ofs_x = 0, .ofs_y = 0},
    {.bitmap_index = 17162, .adv_w = 179, .box_w = 11, .box_h = 15, .ofs_x = 0, .ofs_y = -3},
    {.bitmap_index = 17245, .adv_w = 152, .box_w = 9, .box_h = 12, .ofs_x = 0, .ofs_y = -3},
    {.bitmap_index = 17299, .adv_w = 238, .box_w = 15, .box_h = 15, .ofs_x = 0, .ofs_y = 0},
    {.bitmap_index = 17412, .adv_w = 200, .box_w = 13, .box_h = 12, .ofs_x = 0, .ofs_y = 0},
    {.bitmap_index = 17490, .adv_w = 168, .box_w = 11, .box_h = 16, .ofs_x = 0, .ofs_y = 0},
    {.bitmap_index = 17578, .adv_w = 137, .box_w = 9, .box_h = 15, .ofs_x = 0, .ofs_y = -3},
    {.bitmap_index = 17646, .adv_w = 168, .box_w = 11, .box_h = 15, .ofs_x = 0, .ofs_y = 0},
    {.bitmap_index = 17729, .adv_w = 165, .box_w = 10, .box_h = 15, .ofs_x = 0, .ofs_y = 0},
    {.bitmap_index = 17804, .adv_w = 138, .box_w = 9, .box_h = 12, .ofs_x = 0, .ofs_y = 0},
    {.bitmap_index = 17858, .adv_w = 165, .box_w = 10, .box_h = 15, .ofs_x = 0, .ofs_y = 0},
    {.bitmap_index = 17933, .adv_w = 138, .box_w = 9, .box_h = 12, .ofs_x = 0, .ofs_y = 0},
    {.bitmap_index = 17987, .adv_w = 165, .box_w = 10, .box_h = 15, .ofs_x = 0, .ofs_y = 0},
    {.bitmap_index = 18062, .adv_w = 138, .box_w = 9, .box_h = 12, .ofs_x = 0, .ofs_y = 0},
    {.bitmap_index = 18116, .adv_w = 71, .box_w = 6, .box_h = 12, .ofs_x = 0, .ofs_y = 0},
    {.bitmap_index = 18152, .adv_w = 189, .box_w = 11, .box_h = 12, .ofs_x = 0, .ofs_y = 0},
    {.bitmap_index = 18218, .adv_w = 98, .box_w = 8, .box_h = 15, .ofs_x = -1, .ofs_y = -3},
    {.bitmap_index = 18278, .adv_w = 191, .box_w = 13, .box_h = 12, .ofs_x = 0, .ofs_y = 0},
    {.bitmap_index = 18356, .adv_w = 158, .box_w = 11, .box_h = 10, .ofs_x = 0, .ofs_y = 0},
    {.bitmap_index = 18411, .adv_w = 194, .box_w = 14, .box_h = 12, .ofs_x = 0, .ofs_y = 0},
    {.bitmap_index = 18495, .adv_w = 166, .box_w = 12, .box_h = 10, .ofs_x = 0, .ofs_y = 0},
    {.bitmap_index = 18555, .adv_w = 77, .box_w = 7, .box_h = 15, .ofs_x = -1, .ofs_y = -3},
    {.bitmap_index = 18608, .adv_w = 183, .box_w = 12, .box_h = 17, .ofs_x = 0, .ofs_y = 0},
    {.bitmap_index = 18710, .adv_w = 146, .box_w = 9, .box_h = 14, .ofs_x = 0, .ofs_y = 0},
    {.bitmap_index = 18773, .adv_w = 256, .box_w = 16, .box_h = 15, .ofs_x = 0, .ofs_y = 0},
    {.bitmap_index = 18893, .adv_w = 230, .box_w = 14, .box_h = 12, .ofs_x = 0, .ofs_y = 0},
    {.bitmap_index = 18977, .adv_w = 187, .box_w = 12, .box_h = 17, .ofs_x = 0, .ofs_y = -1},
    {.bitmap_index = 19079, .adv_w = 154, .box_w = 10, .box_h = 13, .ofs_x = 0, .ofs_y = -1},
    {.bitmap_index = 19144, .adv_w = 167, .box_w = 10, .box_h = 16, .ofs_x = 0, .ofs_y = -4},
    {.bitmap_index = 19224, .adv_w = 140, .box_w = 9, .box_h = 13, .ofs_x = 0, .ofs_y = -4},
    {.bitmap_index = 19283, .adv_w = 168, .box_w = 11, .box_h = 16, .ofs_x = 0, .ofs_y = -4},
    {.bitmap_index = 19371, .adv_w = 92, .box_w = 6, .box_h = 15, .ofs_x = 0, .ofs_y = -4},
    {.bitmap_index = 19416, .adv_w = 77, .box_w = 5, .box_h = 12, .ofs_x = -1, .ofs_y = -3},
    {.bitmap_index = 19446, .adv_w = 144, .box_w = 9, .box_h = 9, .ofs_x = 0, .ofs_y = 0},
    {.bitmap_index = 19487, .adv_w = 62, .box_w = 4, .box_h = 5, .ofs_x = 0, .ofs_y = 8},
    {.bitmap_index = 19497, .adv_w = 135, .box_w = 7, .box_h = 3, .ofs_x = 1, .ofs_y = 10},
    {.bitmap_index = 19508, .adv_w = 128, .box_w = 8, .box_h = 3, .ofs_x = 0, .ofs_y = 10},
    {.bitmap_index = 19520, .adv_w = 136, .box_w = 7, .box_h = 3, .ofs_x = 1, .ofs_y = 10},
    {.bitmap_index = 19531, .adv_w = 121, .box_w = 7, .box_h = 4, .ofs_x = 0, .ofs_y = 9},
    {.bitmap_index = 19545, .adv_w = 72, .box_w = 4, .box_h = 3, .ofs_x = 0, .ofs_y = 10},
    {.bitmap_index = 19551, .adv_w = 91, .box_w = 5, .box_h = 4, .ofs_x = 0, .ofs_y = 9},
    {.bitmap_index = 19561, .adv_w = 82, .box_w = 4, .box_h = 5, .ofs_x = 0, .ofs_y = -4},
    {.bitmap_index = 19571, .adv_w = 131, .box_w = 8, .box_h = 4, .ofs_x = 0, .ofs_y = 10},
    {.bitmap_index = 19587, .adv_w = 112, .box_w = 8, .box_h = 3, .ofs_x = 0, .ofs_y = 10},
    {.bitmap_index = 19599, .adv_w = 85, .box_w = 4, .box_h = 3, .ofs_x = 1, .ofs_y = -3},
    {.bitmap_index = 19605, .adv_w = 0, .box_w = 5, .box_h = 3, .ofs_x = -8, .ofs_y = 10},
    {.bitmap_index = 19613, .adv_w = 0, .box_w = 5, .box_h = 3, .ofs_x = -6, .ofs_y = 10},
    {.bitmap_index = 19621, .adv_w = 0, .box_w = 7, .box_h = 4, .ofs_x = -8, .ofs_y = 10},
    {.bitmap_index = 19635, .adv_w = 0, .box_w = 5, .box_h = 4, .ofs_x = -7, .ofs_y = 10},
    {.bitmap_index = 19645, .adv_w = 0, .box_w = 8, .box_h = 3, .ofs_x = -9, .ofs_y = 10},
    {.bitmap_index = 19657, .adv_w = 0, .box_w = 4, .box_h = 3, .ofs_x = -7, .ofs_y = -3},
    {.bitmap_index = 19663, .adv_w = 92, .box_w = 4, .box_h = 3, .ofs_x = 1, .ofs_y = 10},
    {.bitmap_index = 19669, .adv_w = 149, .box_w = 9, .box_h = 4, .ofs_x = 0, .ofs_y = 10},
    {.bitmap_index = 19687, .adv_w = 183, .box_w = 12, .box_h = 13, .ofs_x = 0, .ofs_y = 0},
    {.bitmap_index = 19765, .adv_w = 82, .box_w = 3, .box_h = 3, .ofs_x = 1, .ofs_y = 4},
    {.bitmap_index = 19770, .adv_w = 153, .box_w = 13, .box_h = 13, .ofs_x = -3, .ofs_y = 0},
    {.bitmap_index = 19855, .adv_w = 192, .box_w = 14, .box_h = 13, .ofs_x = -3, .ofs_y = 0},
    {.bitmap_index = 19946, .adv_w = 79, .box_w = 7, .box_h = 13, .ofs_x = -3, .ofs_y = 0},
    {.bitmap_index = 19992, .adv_w = 190, .box_w = 14, .box_h = 14, .ofs_x = -2, .ofs_y = 0},
    {.bitmap_index = 20090, .adv_w = 181, .box_w = 15, .box_h = 13, .ofs_x = -3, .ofs_y = 0},
    {.bitmap_index = 20188, .adv_w = 185, .box_w = 13, .box_h = 14, .ofs_x = -2, .ofs_y = 0},
    {.bitmap_index = 20279, .adv_w = 92, .box_w = 9, .box_h = 14, .ofs_x = -2, .ofs_y = 0},
    {.bitmap_index = 20342, .adv_w = 183, .box_w = 12, .box_h = 12, .ofs_x = 0, .ofs_y = 0},
    {.bitmap_index = 20414, .adv_w = 174, .box_w = 10, .box_h = 12, .ofs_x = 1, .ofs_y = 0},
    {.bitmap_index = 20474, .adv_w = 152, .box_w = 8, .box_h = 12, .ofs_x = 1, .ofs_y = 0},
    {.bitmap_index = 20522, .adv_w = 199, .box_w = 13, .box_h = 12, .ofs_x = 0, .ofs_y = 0},
    {.bitmap_index = 20600, .adv_w = 153, .box_w = 9, .box_h = 12, .ofs_x = 1, .ofs_y = 0},
    {.bitmap_index = 20654, .adv_w = 165, .box_w = 10, .box_h = 12, .ofs_x = 0, .ofs_y = 0},
    {.bitmap_index = 20714, .adv_w = 192, .box_w = 10, .box_h = 12, .ofs_x = 1, .ofs_y = 0},
    {.bitmap_index = 20774, .adv_w = 187, .box_w = 11, .box_h = 12, .ofs_x = 0, .ofs_y = 0},
    {.bitmap_index = 20840, .adv_w = 79, .box_w = 3, .box_h = 12, .ofs_x = 1, .ofs_y = 0},
    {.bitmap_index = 20858, .adv_w = 173, .box_w = 10, .box_h = 12, .ofs_x = 1, .ofs_y = 0},
    {.bitmap_index = 20918, .adv_w = 176, .box_w = 11, .box_h = 12, .ofs_x = 0, .ofs_y = 0},
    {.bitmap_index = 20984, .adv_w = 238, .box_w = 13, .box_h = 12, .ofs_x = 1, .ofs_y = 0},
    {.bitmap_index = 21062, .adv_w = 192, .box_w = 10, .box_h = 12, .ofs_x = 1, .ofs_y = 0},
    {.bitmap_index = 21122, .adv_w = 154, .box_w = 9, .box_h = 12, .ofs_x = 0, .ofs_y = 0},
    {.bitmap_index = 21176, .adv_w = 188, .box_w = 11, .box_h = 12, .ofs_x = 0, .ofs_y = 0},
    {.bitmap_index = 21242, .adv_w = 192, .box_w = 10, .box_h = 12, .ofs_x = 1, .ofs_y = 0},
    {.bitmap_index = 21302, .adv_w = 175, .box_w = 10, .box_h = 12, .ofs_x = 1, .ofs_y = 0},
    {.bitmap_index = 21362, .adv_w = 154, .box_w = 10, .box_h = 12, .ofs_x = 0, .ofs_y = 0},
    {.bitmap_index = 21422, .adv_w = 168, .box_w = 11, .box_h = 12, .ofs_x = 0, .ofs_y = 0},
    {.bitmap_index = 21488, .adv_w = 168, .box_w = 11, .box_h = 12, .ofs_x = 0, .ofs_y = 0},
    {.bitmap_index = 21554, .adv_w = 209, .box_w = 13, .box_h = 12, .ofs_x = 0, .ofs_y = 0},
    {.bitmap_index = 21632, .adv_w = 173, .box_w = 11, .box_h = 12, .ofs_x = 0, .ofs_y = 0},
    {.bitmap_index = 21698, .adv_w = 198, .box_w = 12, .box_h = 12, .ofs_x = 0, .ofs_y = 0},
    {.bitmap_index = 21770, .adv_w = 183, .box_w = 11, .box_h = 12, .ofs_x = 0, .ofs_y = 0},
    {.bitmap_index = 21836, .adv_w = 79, .box_w = 7, .box_h = 15, .ofs_x = -1, .ofs_y = 0},
    {.bitmap_index = 21889, .adv_w = 168, .box_w = 11, .box_h = 15, .ofs_x = 0, .ofs_y = 0},
    {.bitmap_index = 21972, .adv_w = 153, .box_w = 10, .box_h = 13, .ofs_x = 0, .ofs_y = 0},
    {.bitmap_index = 22037, .adv_w = 151, .box_w = 9, .box_h = 13, .ofs_x = 0, .ofs_y = 0},
    {.bitmap_index = 22096, .adv_w = 154, .box_w = 9, .box_h = 17, .ofs_x = 0, .ofs_y = -3},
    {.bitmap_index = 22173, .adv_w = 92, .box_w = 5, .box_h = 13, .ofs_x = 1, .ofs_y = 0},
    {.bitmap_index = 22206, .adv_w = 148, .box_w = 9, .box_h = 15, .ofs_x = 0, .ofs_y = 0},
    {.bitmap_index = 22274, .adv_w = 153, .box_w = 10, .box_h = 9, .ofs_x = 0, .ofs_y = 0},
    {.bitmap_index = 22319, .adv_w = 164, .box_w = 9, .box_h = 15, .ofs_x = 1, .ofs_y = -3},
    {.bitmap_index = 22387, .adv_w = 139, .box_w = 9, .box_h = 12, .ofs_x = 0, .ofs_y = -3},
    {.bitmap_index = 22441, .adv_w = 154, .box_w = 10, .box_h = 13, .ofs_x = 0, .ofs_y = 0},
    {.bitmap_index = 22506, .adv_w = 151, .box_w = 9, .box_h = 9, .ofs_x = 0, .ofs_y = 0},
    {.bitmap_index = 22547, .adv_w = 136, .box_w = 9, .box_h = 16, .ofs_x = 0, .ofs_y = -4},
    {.bitmap_index = 22619, .adv_w = 154, .box_w = 9, .box_h = 12, .ofs_x = 0, .ofs_y = -3},
    {.bitmap_index = 22673, .adv_w = 160, .box_w = 10, .box_h = 12, .ofs_x = 0, .ofs_y = 0},
    {.bitmap_index = 22733, .adv_w = 92, .box_w = 5, .box_h = 9, .ofs_x = 1, .ofs_y = 0},
    {.bitmap_index = 22756, .adv_w = 160, .box_w = 9, .box_h = 9, .ofs_x = 1, .ofs_y = 0},
    {.bitmap_index = 22797, .adv_w = 149, .box_w = 10, .box_h = 13, .ofs_x = 0, .ofs_y = 0},
    {.bitmap_index = 22862, .adv_w = 167, .box_w = 9, .box_h = 12, .ofs_x = 1, .ofs_y = -3},
    {.bitmap_index = 22916, .adv_w = 137, .box_w = 9, .box_h = 9, .ofs_x = 0, .ofs_y = 0},
    {.bitmap_index = 22957, .adv_w = 144, .box_w = 9, .box_h = 15, .ofs_x = 0, .ofs_y = -3},
    {.bitmap_index = 23025, .adv_w = 154, .box_w = 10, .box_h = 9, .ofs_x = 0, .ofs_y = 0},
    {.bitmap_index = 23070, .adv_w = 175, .box_w = 11, .box_h = 9, .ofs_x = 0, .ofs_y = 0},
    {.bitmap_index = 23120, .adv_w = 154, .box_w = 10, .box_h = 12, .ofs_x = 0, .ofs_y = -3},
    {.bitmap_index = 23180, .adv_w = 140, .box_w = 9, .box_h = 13, .ofs_x = 0, .ofs_y = -4},
    {.bitmap_index = 23239, .adv_w = 156, .box_w = 10, .box_h = 9, .ofs_x = 0, .ofs_y = 0},
    {.bitmap_index = 23284, .adv_w = 142, .box_w = 9, .box_h = 9, .ofs_x = 0, .ofs_y = 0},
    {.bitmap_index = 23325, .adv_w = 148, .box_w = 9, .box_h = 9, .ofs_x = 0, .ofs_y = 0},
    {.bitmap_index = 23366, .adv_w = 203, .box_w = 13, .box_h = 13, .ofs_x = 0, .ofs_y = -4},
    {.bitmap_index = 23451, .adv_w = 138, .box_w = 10, .box_h = 12, .ofs_x = 0, .ofs_y = -3},
    {.bitmap_index = 23511, .adv_w = 202, .box_w = 13, .box_h = 13, .ofs_x = 0, .ofs_y = -4},
    {.bitmap_index = 23596, .adv_w = 223, .box_w = 14, .box_h = 9, .ofs_x = 0, .ofs_y = 0},
    {.bitmap_index = 23659, .adv_w = 92, .box_w = 7, .box_h = 12, .ofs_x = -1, .ofs_y = 0},
    {.bitmap_index = 23701, .adv_w = 148, .box_w = 9, .box_h = 12, .ofs_x = 0, .ofs_y = 0},
    {.bitmap_index = 23755, .adv_w = 154, .box_w = 10, .box_h = 13, .ofs_x = 0, .ofs_y = 0},
    {.bitmap_index = 23820, .adv_w = 148, .box_w = 9, .box_h = 13, .ofs_x = 0, .ofs_y = 0},
    {.bitmap_index = 23879, .adv_w = 223, .box_w = 14, .box_h = 13, .ofs_x = 0, .ofs_y = 0},
    {.bitmap_index = 23970, .adv_w = 162, .box_w = 11, .box_h = 12, .ofs_x = 0, .ofs_y = 0},
    {.bitmap_index = 24036, .adv_w = 161, .box_w = 12, .box_h = 12, .ofs_x = -1, .ofs_y = 0},
    {.bitmap_index = 24108, .adv_w = 225, .box_w = 14, .box_h = 9, .ofs_x = 0, .ofs_y = 0},
    {.bitmap_index = 24171, .adv_w = 153, .box_w = 9, .box_h = 15, .ofs_x = 1, .ofs_y = 0},
    {.bitmap_index = 24239, .adv_w = 153, .box_w = 9, .box_h = 15, .ofs_x = 1, .ofs_y = 0},
    {.bitmap_index = 24307, .adv_w = 203, .box_w = 13, .box_h = 12, .ofs_x = 0, .ofs_y = 0},
    {.bitmap_index = 24385, .adv_w = 152, .box_w = 8, .box_h = 15, .ofs_x = 1, .ofs_y = 0},
    {.bitmap_index = 24445, .adv_w = 179, .box_w = 11, .box_h = 12, .ofs_x = 0, .ofs_y = 0},
    {.bitmap_index = 24511, .adv_w = 167, .box_w = 10, .box_h = 12, .ofs_x = 0, .ofs_y = 0},
    {.bitmap_index = 24571, .adv_w = 79, .box_w = 3, .box_h = 12, .ofs_x = 1, .ofs_y = 0},
    {.bitmap_index = 24589, .adv_w = 79, .box_w = 7, .box_h = 15, .ofs_x = -1, .ofs_y = 0},
    {.bitmap_index = 24642, .adv_w = 152, .box_w = 9, .box_h = 12, .ofs_x = 0, .ofs_y = 0},
    {.bitmap_index = 24696, .adv_w = 288, .box_w = 18, .box_h = 12, .ofs_x = 0, .ofs_y = 0},
    {.bitmap_index = 24804, .adv_w = 288, .box_w = 17, .box_h = 12, .ofs_x = 1, .ofs_y = 0},
    {.bitmap_index = 24906, .adv_w = 210, .box_w = 13, .box_h = 12, .ofs_x = 0, .ofs_y = 0},
    {.bitmap_index = 24984, .adv_w = 173, .box_w = 10, .box_h = 15, .ofs_x = 1, .ofs_y = 0},
    {.bitmap_index = 25059, .adv_w = 190, .box_w = 10, .box_h = 15, .ofs_x = 1, .ofs_y = 0},
    {.bitmap_index = 25134, .adv_w = 172, .box_w = 11, .box_h = 16, .ofs_x = 0, .ofs_y = 0},
    {.bitmap_index = 25222, .adv_w = 190, .box_w = 11, .box_h = 15, .ofs_x = 0, .ofs_y = -3},
    {.bitmap_index = 25305, .adv_w = 183, .box_w = 12, .box_h = 12, .ofs_x = 0, .ofs_y = 0},
    {.bitmap_index = 25377, .adv_w = 170, .box_w = 10, .box_h = 12, .ofs_x = 1, .ofs_y = 0},
    {.bitmap_index = 25437, .adv_w = 174, .box_w = 10, .box_h = 12, .ofs_x = 1, .ofs_y = 0},
    {.bitmap_index = 25497, .adv_w = 152, .box_w = 8, .box_h = 12, .ofs_x = 1, .ofs_y = 0},
    {.bitmap_index = 25545, .adv_w = 203, .box_w = 13, .box_h = 15, .ofs_x = 0, .ofs_y = -3},
    {.bitmap_index = 25643, .adv_w = 153, .box_w = 9, .box_h = 12, .ofs_x = 1, .ofs_y = 0},
    {.bitmap_index = 25697, .adv_w = 271, .box_w = 17, .box_h = 12, .ofs_x = 0, .ofs_y = 0},
    {.bitmap_index = 25799, .adv_w = 168, .box_w = 10, .box_h = 12, .ofs_x = 0, .ofs_y = 0},
    {.bitmap_index = 25859, .adv_w = 190, .box_w = 10, .box_h = 12, .ofs_x = 1, .ofs_y = 0},
    {.bitmap_index = 25919, .adv_w = 190, .box_w = 10, .box_h = 16, .ofs_x = 1, .ofs_y = 0},
    {.bitmap_index = 25999, .adv_w = 176, .box_w = 11, .box_h = 12, .ofs_x = 1, .ofs_y = 0},
    {.bitmap_index = 26065, .adv_w = 192, .box_w = 11, .box_h = 12, .ofs_x = 0, .ofs_y = 0},
    {.bitmap_index = 26131, .adv_w = 238, .box_w = 13, .box_h = 12, .ofs_x = 1, .ofs_y = 0},
    {.bitmap_index = 26209, .adv_w = 192, .box_w = 10, .box_h = 12, .ofs_x = 1, .ofs_y = 0},
    {.bitmap_index = 26269, .adv_w = 188, .box_w = 11, .box_h = 12, .ofs_x = 0, .ofs_y = 0},
    {.bitmap_index = 26335, .adv_w = 192, .box_w = 10, .box_h = 12, .ofs_x = 1, .ofs_y = 0},
    {.bitmap_index = 26395, .adv_w = 175, .box_w = 10, .box_h = 12, .ofs_x = 1, .ofs_y = 0},
    {.bitmap_index = 26455, .adv_w = 178, .box_w = 11, .box_h = 12, .ofs_x = 0, .ofs_y = 0},
    {.bitmap_index = 26521, .adv_w = 168, .box_w = 11, .box_h = 12, .ofs_x = 0, .ofs_y = 0},
    {.bitmap_index = 26587, .adv_w = 172, .box_w = 11, .box_h = 12, .ofs_x = 0, .ofs_y = 0},
    {.bitmap_index = 26653, .adv_w = 222, .box_w = 14, .box_h = 13, .ofs_x = 0, .ofs_y = 0},
    {.bitmap_index = 26744, .adv_w = 173, .box_w = 11, .box_h = 12, .ofs_x = 0, .ofs_y = 0},
    {.bitmap_index = 26810, .adv_w = 206, .box_w = 13, .box_h = 15, .ofs_x = 0, .ofs_y = -3},
    {.bitmap_index = 26908, .adv_w = 189, .box_w = 10, .box_h = 12, .ofs_x = 1, .ofs_y = 0},
    {.bitmap_index = 26968, .adv_w = 261, .box_w = 15, .box_h = 12, .ofs_x = 1, .ofs_y = 0},
    {.bitmap_index = 27058, .adv_w = 278, .box_w = 16, .box_h = 15, .ofs_x = 1, .ofs_y = -3},
    {.bitmap_index = 27178, .adv_w = 210, .box_w = 13, .box_h = 12, .ofs_x = 0, .ofs_y = 0},
    {.bitmap_index = 27256, .adv_w = 237, .box_w = 13, .box_h = 12, .ofs_x = 1, .ofs_y = 0},
    {.bitmap_index = 27334, .adv_w = 170, .box_w = 10, .box_h = 12, .ofs_x = 1, .ofs_y = 0},
    {.bitmap_index = 27394, .adv_w = 177, .box_w = 11, .box_h = 12, .ofs_x = 0, .ofs_y = 0},
    {.bitmap_index = 27460, .adv_w = 257, .box_w = 15, .box_h = 12, .ofs_x = 1, .ofs_y = 0},
    {.bitmap_index = 27550, .adv_w = 162, .box_w = 11, .box_h = 12, .ofs_x = -1, .ofs_y = 0},
    {.bitmap_index = 27616, .adv_w = 146, .box_w = 9, .box_h = 9, .ofs_x = 0, .ofs_y = 0},
    {.bitmap_index = 27657, .adv_w = 155, .box_w = 10, .box_h = 13, .ofs_x = 0, .ofs_y = 0},
    {.bitmap_index = 27722, .adv_w = 154, .box_w = 9, .box_h = 9, .ofs_x = 1, .ofs_y = 0},
    {.bitmap_index = 27763, .adv_w = 114, .box_w = 8, .box_h = 9, .ofs_x = 0, .ofs_y = 0},
    {.bitmap_index = 27799, .adv_w = 172, .box_w = 11, .box_h = 12, .ofs_x = 0, .ofs_y = -3},
    {.bitmap_index = 27865, .adv_w = 147, .box_w = 9, .box_h = 9, .ofs_x = 0, .ofs_y = 0},
    {.bitmap_index = 27906, .adv_w = 232, .box_w = 15, .box_h = 9, .ofs_x = 0, .ofs_y = 0},
    {.bitmap_index = 27974, .adv_w = 140, .box_w = 9, .box_h = 9, .ofs_x = 0, .ofs_y = 0},
    {.bitmap_index = 28015, .adv_w = 154, .box_w = 9, .box_h = 9, .ofs_x = 0, .ofs_y = 0},
    {.bitmap_index = 28056, .adv_w = 154, .box_w = 9, .box_h = 13, .ofs_x = 0, .ofs_y = 0},
    {.bitmap_index = 28115, .adv_w = 153, .box_w = 9, .box_h = 9, .ofs_x = 1, .ofs_y = 0},
    {.bitmap_index = 28156, .adv_w = 155, .box_w = 9, .box_h = 9, .ofs_x = 0, .ofs_y = 0},
    {.bitmap_index = 28197, .adv_w = 207, .box_w = 11, .box_h = 9, .ofs_x = 1, .ofs_y = 0},
    {.bitmap_index = 28247, .adv_w = 154, .box_w = 9, .box_h = 9, .ofs_x = 0, .ofs_y = 0},
    {.bitmap_index = 28288, .adv_w = 154, .box_w = 10, .box_h = 9, .ofs_x = 0, .ofs_y = 0},
    {.bitmap_index = 28333, .adv_w = 154, .box_w = 9, .box_h = 9, .ofs_x = 0, .ofs_y = 0},
    {.bitmap_index = 28374, .adv_w = 153, .box_w = 9, .box_h = 12, .ofs_x = 0, .ofs_y = -3},
    {.bitmap_index = 28428, .adv_w = 142, .box_w = 9, .box_h = 9, .ofs_x = 0, .ofs_y = 0},
    {.bitmap_index = 28469, .adv_w = 139, .box_w = 9, .box_h = 9, .ofs_x = 0, .ofs_y = 0},
    {.bitmap_index = 28510, .adv_w = 137, .box_w = 9, .box_h = 12, .ofs_x = 0, .ofs_y = -3},
    {.bitmap_index = 28564, .adv_w = 199, .box_w = 12, .box_h = 16, .ofs_x = 0, .ofs_y = -3},
    {.bitmap_index = 28660, .adv_w = 138, .box_w = 9, .box_h = 9, .ofs_x = 0, .ofs_y = 0},
    {.bitmap_index = 28701, .adv_w = 166, .box_w = 11, .box_h = 12, .ofs_x = 0, .ofs_y = -3},
    {.bitmap_index = 28767, .adv_w = 151, .box_w = 9, .box_h = 9, .ofs_x = 0, .ofs_y = 0},
    {.bitmap_index = 28808, .adv_w = 225, .box_w = 14, .box_h = 9, .ofs_x = 0, .ofs_y = 0},
    {.bitmap_index = 28871, .adv_w = 245, .box_w = 15, .box_h = 12, .ofs_x = 0, .ofs_y = -3},
    {.bitmap_index = 28961, .adv_w = 178, .box_w = 11, .box_h = 9, .ofs_x = 0, .ofs_y = 0},
    {.bitmap_index = 29011, .adv_w = 225, .box_w = 12, .box_h = 9, .ofs_x = 1, .ofs_y = 0},
    {.bitmap_index = 29065, .adv_w = 152, .box_w = 9, .box_h = 9, .ofs_x = 1, .ofs_y = 0},
    {.bitmap_index = 29106, .adv_w = 141, .box_w = 9, .box_h = 9, .ofs_x = 0, .ofs_y = 0},
    {.bitmap_index = 29147, .adv_w = 221, .box_w = 13, .box_h = 9, .ofs_x = 1, .ofs_y = 0},
    {.bitmap_index = 29206, .adv_w = 152, .box_w = 9, .box_h = 9, .ofs_x = 0, .ofs_y = 0},
    {.bitmap_index = 29247, .adv_w = 147, .box_w = 9, .box_h = 13, .ofs_x = 0, .ofs_y = 0},
    {.bitmap_index = 29306, .adv_w = 147, .box_w = 9, .box_h = 12, .ofs_x = 0, .ofs_y = 0},
    {.bitmap_index = 29360, .adv_w = 152, .box_w = 10, .box_h = 16, .ofs_x = -1, .ofs_y = -3},
    {.bitmap_index = 29440, .adv_w = 114, .box_w = 8, .box_h = 13, .ofs_x = 0, .ofs_y = 0},
    {.bitmap_index = 29492, .adv_w = 141, .box_w = 9, .box_h = 9, .ofs_x = 0, .ofs_y = 0},
    {.bitmap_index = 29533, .adv_w = 140, .box_w = 9, .box_h = 9, .ofs_x = 0, .ofs_y = 0},
    {.bitmap_index = 29574, .adv_w = 72, .box_w = 4, .box_h = 12, .ofs_x = 0, .ofs_y = 0},
    {.bitmap_index = 29598, .adv_w = 75, .box_w = 7, .box_h = 12, .ofs_x = -1, .ofs_y = 0},
    {.bitmap_index = 29640, .adv_w = 71, .box_w = 5, .box_h = 15, .ofs_x = -1, .ofs_y = -3},
    {.bitmap_index = 29678, .adv_w = 233, .box_w = 15, .box_h = 9, .ofs_x = 0, .ofs_y = 0},
    {.bitmap_index = 29746, .adv_w = 234, .box_w = 15, .box_h = 9, .ofs_x = 0, .ofs_y = 0},
    {.bitmap_index = 29814, .adv_w = 154, .box_w = 10, .box_h = 13, .ofs_x = -1, .ofs_y = 0},
    {.bitmap_index = 29879, .adv_w = 153, .box_w = 9, .box_h = 13, .ofs_x = 1, .ofs_y = 0},
    {.bitmap_index = 29938, .adv_w = 154, .box_w = 9, .box_h = 13, .ofs_x = 0, .ofs_y = 0},
    {.bitmap_index = 29997, .adv_w = 137, .box_w = 9, .box_h = 17, .ofs_x = 0, .ofs_y = -3},
    {.bitmap_index = 30074, .adv_w = 154, .box_w = 9, .box_h = 12, .ofs_x = 0, .ofs_y = -3},
    {.bitmap_index = 30128, .adv_w = 258, .box_w = 16, .box_h = 12, .ofs_x = 0, .ofs_y = 0},
    {.bitmap_index = 30224, .adv_w = 223, .box_w = 14, .box_h = 9, .ofs_x = 0, .ofs_y = 0},
    {.bitmap_index = 30287, .adv_w = 170, .box_w = 12, .box_h = 12, .ofs_x = -1, .ofs_y = 0},
    {.bitmap_index = 30359, .adv_w = 152, .box_w = 11, .box_h = 13, .ofs_x = -1, .ofs_y = 0},
    {.bitmap_index = 30431, .adv_w = 243, .box_w = 14, .box_h = 12, .ofs_x = 1, .ofs_y = 0},
    {.bitmap_index = 30515, .adv_w = 205, .box_w = 13, .box_h = 9, .ofs_x = 0, .ofs_y = 0},
    {.bitmap_index = 30574, .adv_w = 180, .box_w = 12, .box_h = 12, .ofs_x = 0, .ofs_y = 0},
    {.bitmap_index = 30646, .adv_w = 152, .box_w = 10, .box_h = 9, .ofs_x = 0, .ofs_y = 0},
    {.bitmap_index = 30691, .adv_w = 254, .box_w = 15, .box_h = 12, .ofs_x = 1, .ofs_y = 0},
    {.bitmap_index = 30781, .adv_w = 217, .box_w = 13, .box_h = 9, .ofs_x = 1, .ofs_y = 0},
    {.bitmap_index = 30840, .adv_w = 237, .box_w = 14, .box_h = 12, .ofs_x = 0, .ofs_y = 0},
    {.bitmap_index = 30924, .adv_w = 199, .box_w = 12, .box_h = 9, .ofs_x = 0, .ofs_y = 0},
    {.bitmap_index = 30978, .adv_w = 316, .box_w = 18, .box_h = 12, .ofs_x = 1, .ofs_y = 0},
    {.bitmap_index = 31086, .adv_w = 274, .box_w = 16, .box_h = 9, .ofs_x = 1, .ofs_y = 0},
    {.bitmap_index = 31158, .adv_w = 140, .box_w = 8, .box_h = 20, .ofs_x = 0, .ofs_y = -4},
    {.bitmap_index = 31238, .adv_w = 137, .box_w = 8, .box_h = 17, .ofs_x = 0, .ofs_y = -4},
    {.bitmap_index = 31306, .adv_w = 198, .box_w = 12, .box_h = 12, .ofs_x = 0, .ofs_y = 0},
    {.bitmap_index = 31378, .adv_w = 202, .box_w = 13, .box_h = 13, .ofs_x = 0, .ofs_y = -4},
    {.bitmap_index = 31463, .adv_w = 187, .box_w = 12, .box_h = 12, .ofs_x = 0, .ofs_y = 0},
    {.bitmap_index = 31535, .adv_w = 154, .box_w = 10, .box_h = 9, .ofs_x = 0, .ofs_y = 0},
    {.bitmap_index = 31580, .adv_w = 175, .box_w = 11, .box_h = 12, .ofs_x = 0, .ofs_y = 0},
    {.bitmap_index = 31646, .adv_w = 139, .box_w = 9, .box_h = 9, .ofs_x = 0, .ofs_y = 0},
    {.bitmap_index = 31687, .adv_w = 175, .box_w = 11, .box_h = 15, .ofs_x = 0, .ofs_y = 0},
    {.bitmap_index = 31770, .adv_w = 139, .box_w = 10, .box_h = 12, .ofs_x = -1, .ofs_y = 0},
    {.bitmap_index = 31830, .adv_w = 324, .box_w = 21, .box_h = 15, .ofs_x = 0, .ofs_y = -3},
    {.bitmap_index = 31988, .adv_w = 290, .box_w = 19, .box_h = 12, .ofs_x = 0, .ofs_y = -3},
    {.bitmap_index = 32102, .adv_w = 187, .box_w = 12, .box_h = 14, .ofs_x = 0, .ofs_y = -1},
    {.bitmap_index = 32186, .adv_w = 154, .box_w = 10, .box_h = 11, .ofs_x = 0, .ofs_y = -1},
    {.bitmap_index = 32241, .adv_w = 257, .box_w = 15, .box_h = 15, .ofs_x = 0, .ofs_y = 0},
    {.bitmap_index = 32354, .adv_w = 220, .box_w = 13, .box_h = 12, .ofs_x = 0, .ofs_y = 0},
    {.bitmap_index = 32432, .adv_w = 258, .box_w = 16, .box_h = 15, .ofs_x = 0, .ofs_y = 0},
    {.bitmap_index = 32552, .adv_w = 223, .box_w = 14, .box_h = 12, .ofs_x = 0, .ofs_y = 0},
    {.bitmap_index = 32636, .adv_w = 169, .box_w = 10, .box_h = 15, .ofs_x = 0, .ofs_y = -3},
    {.bitmap_index = 32711, .adv_w = 145, .box_w = 9, .box_h = 12, .ofs_x = 0, .ofs_y = -3},
    {.bitmap_index = 32765, .adv_w = 169, .box_w = 10, .box_h = 11, .ofs_x = 0, .ofs_y = 0},
    {.bitmap_index = 32820, .adv_w = 0, .box_w = 7, .box_h = 3, .ofs_x = -8, .ofs_y = 10},
    {.bitmap_index = 32831, .adv_w = 0, .box_w = 7, .box_h = 3, .ofs_x = -8, .ofs_y = 10},
    {.bitmap_index = 32842, .adv_w = 0, .box_w = 3, .box_h = 3, .ofs_x = -6, .ofs_y = 10},
    {.bitmap_index = 32847, .adv_w = 0, .box_w = 3, .box_h = 3, .ofs_x = -5, .ofs_y = 10},
    {.bitmap_index = 32852, .adv_w = 0, .box_w = 17, .box_h = 15, .ofs_x = -13, .ofs_y = -3},
    {.bitmap_index = 32980, .adv_w = 0, .box_w = 16, .box_h = 16, .ofs_x = -12, .ofs_y = -3},
    {.bitmap_index = 33108, .adv_w = 211, .box_w = 12, .box_h = 20, .ofs_x = 1, .ofs_y = -4},
    {.bitmap_index = 33228, .adv_w = 177, .box_w = 11, .box_h = 17, .ofs_x = 0, .ofs_y = -4},
    {.bitmap_index = 33322, .adv_w = 170, .box_w = 12, .box_h = 12, .ofs_x = -1, .ofs_y = 0},
    {.bitmap_index = 33394, .adv_w = 152, .box_w = 11, .box_h = 13, .ofs_x = -1, .ofs_y = 0},
    {.bitmap_index = 33466, .adv_w = 171, .box_w = 10, .box_h = 12, .ofs_x = 1, .ofs_y = 0},
    {.bitmap_index = 33526, .adv_w = 153, .box_w = 9, .box_h = 12, .ofs_x = 0, .ofs_y = -3},
    {.bitmap_index = 33580, .adv_w = 151, .box_w = 9, .box_h = 15, .ofs_x = 1, .ofs_y = 0},
    {.bitmap_index = 33648, .adv_w = 126, .box_w = 8, .box_h = 12, .ofs_x = 0, .ofs_y = 0},
    {.bitmap_index = 33696, .adv_w = 152, .box_w = 10, .box_h = 12, .ofs_x = -1, .ofs_y = 0},
    {.bitmap_index = 33756, .adv_w = 114, .box_w = 9, .box_h = 9, .ofs_x = -1, .ofs_y = 0},
    {.bitmap_index = 33797, .adv_w = 169, .box_w = 9, .box_h = 15, .ofs_x = 1, .ofs_y = -3},
    {.bitmap_index = 33865, .adv_w = 144, .box_w = 9, .box_h = 12, .ofs_x = 0, .ofs_y = -3},
    {.bitmap_index = 33919, .adv_w = 291, .box_w = 19, .box_h = 15, .ofs_x = 0, .ofs_y = -3},
    {.bitmap_index = 34062, .adv_w = 247, .box_w = 16, .box_h = 12, .ofs_x = 0, .ofs_y = -3},
    {.bitmap_index = 34158, .adv_w = 168, .box_w = 10, .box_h = 16, .ofs_x = 0, .ofs_y = -4},
    {.bitmap_index = 34238, .adv_w = 140, .box_w = 9, .box_h = 13, .ofs_x = 0, .ofs_y = -4},
    {.bitmap_index = 34297, .adv_w = 202, .box_w = 12, .box_h = 15, .ofs_x = 1, .ofs_y = -3},
    {.bitmap_index = 34387, .adv_w = 177, .box_w = 10, .box_h = 12, .ofs_x = 1, .ofs_y = -3},
    {.bitmap_index = 34447, .adv_w = 180, .box_w = 11, .box_h = 12, .ofs_x = 1, .ofs_y = 0},
    {.bitmap_index = 34513, .adv_w = 164, .box_w = 10, .box_h = 9, .ofs_x = 1, .ofs_y = 0},
    {.bitmap_index = 34558, .adv_w = 178, .box_w = 13, .box_h = 12, .ofs_x = -1, .ofs_y = 0},
    {.bitmap_index = 34636, .adv_w = 148, .box_w = 11, .box_h = 13, .ofs_x = -1, .ofs_y = 0},
    {.bitmap_index = 34708, .adv_w = 225, .box_w = 15, .box_h = 12, .ofs_x = 0, .ofs_y = 0},
    {.bitmap_index = 34798, .adv_w = 195, .box_w = 13, .box_h = 9, .ofs_x = 0, .ofs_y = 0},
    {.bitmap_index = 34857, .adv_w = 213, .box_w = 12, .box_h = 15, .ofs_x = 1, .ofs_y = -3},
    {.bitmap_index = 34947, .adv_w = 177, .box_w = 11, .box_h = 12, .ofs_x = 0, .ofs_y = -3},
    {.bitmap_index = 35013, .adv_w = 268, .box_w = 16, .box_h = 12, .ofs_x = 1, .ofs_y = 0},
    {.bitmap_index = 35109, .adv_w = 192, .box_w = 12, .box_h = 9, .ofs_x = 0, .ofs_y = 0},
    {.bitmap_index = 35163, .adv_w = 284, .box_w = 17, .box_h = 15, .ofs_x = 1, .ofs_y = -3},
    {.bitmap_index = 35291, .adv_w = 235, .box_w = 15, .box_h = 12, .ofs_x = 0, .ofs_y = -3},
    {.bitmap_index = 35381, .adv_w = 218, .box_w = 13, .box_h = 12, .ofs_x = 0, .ofs_y = 0},
    {.bitmap_index = 35459, .adv_w = 176, .box_w = 11, .box_h = 9, .ofs_x = 0, .ofs_y = 0},
    {.bitmap_index = 35509, .adv_w = 178, .box_w = 11, .box_h = 16, .ofs_x = 0, .ofs_y = -4},
    {.bitmap_index = 35597, .adv_w = 142, .box_w = 9, .box_h = 13, .ofs_x = 0, .ofs_y = -4},
    {.bitmap_index = 35656, .adv_w = 168, .box_w = 11, .box_h = 15, .ofs_x = 0, .ofs_y = -3},
    {.bitmap_index = 35739, .adv_w = 139, .box_w = 9, .box_h = 12, .ofs_x = 0, .ofs_y = -3},
    {.bitmap_index = 35793, .adv_w = 168, .box_w = 11, .box_h = 12, .ofs_x = 0, .ofs_y = 0},
    {.bitmap_index = 35859, .adv_w = 139, .box_w = 9, .box_h = 12, .ofs_x = 0, .ofs_y = -3},
    {.bitmap_index = 35913, .adv_w = 168, .box_w = 11, .box_h = 12, .ofs_x = 0, .ofs_y = 0},
    {.bitmap_index = 35979, .adv_w = 139, .box_w = 9, .box_h = 12, .ofs_x = 0, .ofs_y = -3},
    {.bitmap_index = 36033, .adv_w = 181, .box_w = 12, .box_h = 15, .ofs_x = 0, .ofs_y = -3},
    {.bitmap_index = 36123, .adv_w = 148, .box_w = 10, .box_h = 12, .ofs_x = 0, .ofs_y = -3},
    {.bitmap_index = 36183, .adv_w = 243, .box_w = 15, .box_h = 15, .ofs_x = 0, .ofs_y = -3},
    {.bitmap_index = 36296, .adv_w = 187, .box_w = 12, .box_h = 12, .ofs_x = 0, .ofs_y = -3},
    {.bitmap_index = 36368, .adv_w = 209, .box_w = 12, .box_h = 15, .ofs_x = 1, .ofs_y = -3},
    {.bitmap_index = 36458, .adv_w = 173, .box_w = 11, .box_h = 12, .ofs_x = 0, .ofs_y = -3},
    {.bitmap_index = 36524, .adv_w = 185, .box_w = 11, .box_h = 12, .ofs_x = 0, .ofs_y = 0},
    {.bitmap_index = 36590, .adv_w = 152, .box_w = 9, .box_h = 9, .ofs_x = 0, .ofs_y = 0},
    {.bitmap_index = 36631, .adv_w = 190, .box_w = 10, .box_h = 12, .ofs_x = 1, .ofs_y = 0},
    {.bitmap_index = 36691, .adv_w = 152, .box_w = 9, .box_h = 13, .ofs_x = 0, .ofs_y = 0},
    {.bitmap_index = 36750, .adv_w = 206, .box_w = 14, .box_h = 12, .ofs_x = -1, .ofs_y = 0},
    {.bitmap_index = 36834, .adv_w = 163, .box_w = 11, .box_h = 9, .ofs_x = -1, .ofs_y = 0},
    {.bitmap_index = 36884, .adv_w = 206, .box_w = 14, .box_h = 16, .ofs_x = -1, .ofs_y = -4},
    {.bitmap_index = 36996, .adv_w = 163, .box_w = 11, .box_h = 12, .ofs_x = -1, .ofs_y = -3},
    {.bitmap_index = 37062, .adv_w = 79, .box_w = 3, .box_h = 12, .ofs_x = 1, .ofs_y = 0},
    {.bitmap_index = 37080, .adv_w = 271, .box_w = 17, .box_h = 16, .ofs_x = 0, .ofs_y = 0},
    {.bitmap_index = 37216, .adv_w = 232, .box_w = 15, .box_h = 13, .ofs_x = 0, .ofs_y = 0},
    {.bitmap_index = 37314, .adv_w = 177, .box_w = 10, .box_h = 15, .ofs_x = 1, .ofs_y = -3},
    {.bitmap_index = 37389, .adv_w = 155, .box_w = 9, .box_h = 12, .ofs_x = 1, .ofs_y = -3},
    {.bitmap_index = 37443, .adv_w = 213, .box_w = 13, .box_h = 16, .ofs_x = 0, .ofs_y = -4},
    {.bitmap_index = 37547, .adv_w = 177, .box_w = 11, .box_h = 13, .ofs_x = 0, .ofs_y = -4},
    {.bitmap_index = 37619, .adv_w = 192, .box_w = 10, .box_h = 15, .ofs_x = 1, .ofs_y = -3},
    {.bitmap_index = 37694, .adv_w = 154, .box_w = 9, .box_h = 12, .ofs_x = 0, .ofs_y = -3},
    {.bitmap_index = 37748, .adv_w = 213, .box_w = 12, .box_h = 16, .ofs_x = 1, .ofs_y = -4},
    {.bitmap_index = 37844, .adv_w = 177, .box_w = 11, .box_h = 13, .ofs_x = 0, .ofs_y = -4},
    {.bitmap_index = 37916, .adv_w = 189, .box_w = 10, .box_h = 15, .ofs_x = 1, .ofs_y = -3},
    {.bitmap_index = 37991, .adv_w = 151, .box_w = 9, .box_h = 12, .ofs_x = 0, .ofs_y = -3},
    {.bitmap_index = 38045, .adv_w = 258, .box_w = 15, .box_h = 16, .ofs_x = 1, .ofs_y = -4},
    {.bitmap_index = 38165, .adv_w = 226, .box_w = 13, .box_h = 13, .ofs_x = 1, .ofs_y = -4},
    {.bitmap_index = 38250, .adv_w = 79, .box_w = 3, .box_h = 12, .ofs_x = 1, .ofs_y = 0},
    {.bitmap_index = 38268, .adv_w = 183, .box_w = 12, .box_h = 16, .ofs_x = 0, .ofs_y = 0},
    {.bitmap_index = 38364, .adv_w = 146, .box_w = 9, .box_h = 13, .ofs_x = 0, .ofs_y = 0},
    {.bitmap_index = 38423, .adv_w = 183, .box_w = 12, .box_h = 15, .ofs_x = 0, .ofs_y = 0},
    {.bitmap_index = 38513, .adv_w = 146, .box_w = 9, .box_h = 12, .ofs_x = 0, .ofs_y = 0},
    {.bitmap_index = 38567, .adv_w = 256, .box_w = 16, .box_h = 12, .ofs_x = 0, .ofs_y = 0},
    {.bitmap_index = 38663, .adv_w = 230, .box_w = 14, .box_h = 9, .ofs_x = 0, .ofs_y = 0},
    {.bitmap_index = 38726, .adv_w = 153, .box_w = 9, .box_h = 16, .ofs_x = 1, .ofs_y = 0},
    {.bitmap_index = 38798, .adv_w = 147, .box_w = 9, .box_h = 13, .ofs_x = 0, .ofs_y = 0},
    {.bitmap_index = 38857, .adv_w = 189, .box_w = 11, .box_h = 12, .ofs_x = 0, .ofs_y = 0},
    {.bitmap_index = 38923, .adv_w = 144, .box_w = 9, .box_h = 9, .ofs_x = 0, .ofs_y = 0},
    {.bitmap_index = 38964, .adv_w = 189, .box_w = 11, .box_h = 15, .ofs_x = 0, .ofs_y = 0},
    {.bitmap_index = 39047, .adv_w = 144, .box_w = 9, .box_h = 12, .ofs_x = 0, .ofs_y = 0},
    {.bitmap_index = 39101, .adv_w = 271, .box_w = 17, .box_h = 15, .ofs_x = 0, .ofs_y = 0},
    {.bitmap_index = 39229, .adv_w = 232, .box_w = 15, .box_h = 12, .ofs_x = 0, .ofs_y = 0},
    {.bitmap_index = 39319, .adv_w = 168, .box_w = 10, .box_h = 15, .ofs_x = 0, .ofs_y = 0},
    {.bitmap_index = 39394, .adv_w = 140, .box_w = 9, .box_h = 12, .ofs_x = 0, .ofs_y = 0},
    {.bitmap_index = 39448, .adv_w = 157, .box_w = 10, .box_h = 12, .ofs_x = 0, .ofs_y = 0},
    {.bitmap_index = 39508, .adv_w = 158, .box_w = 10, .box_h = 12, .ofs_x = 0, .ofs_y = -3},
    {.bitmap_index = 39568, .adv_w = 190, .box_w = 10, .box_h = 15, .ofs_x = 1, .ofs_y = 0},
    {.bitmap_index = 39643, .adv_w = 154, .box_w = 9, .box_h = 12, .ofs_x = 0, .ofs_y = 0},
    {.bitmap_index = 39697, .adv_w = 190, .box_w = 10, .box_h = 15, .ofs_x = 1, .ofs_y = 0},
    {.bitmap_index = 39772, .adv_w = 154, .box_w = 9, .box_h = 12, .ofs_x = 0, .ofs_y = 0},
    {.bitmap_index = 39826, .adv_w = 188, .box_w = 11, .box_h = 15, .ofs_x = 0, .ofs_y = 0},
    {.bitmap_index = 39909, .adv_w = 154, .box_w = 10, .box_h = 12, .ofs_x = 0, .ofs_y = 0},
    {.bitmap_index = 39969, .adv_w = 187, .box_w = 12, .box_h = 12, .ofs_x = 0, .ofs_y = 0},
    {.bitmap_index = 40041, .adv_w = 154, .box_w = 10, .box_h = 9, .ofs_x = 0, .ofs_y = 0},
    {.bitmap_index = 40086, .adv_w = 187, .box_w = 12, .box_h = 15, .ofs_x = 0, .ofs_y = 0},
    {.bitmap_index = 40176, .adv_w = 154, .box_w = 10, .box_h = 12, .ofs_x = 0, .ofs_y = 0},
    {.bitmap_index = 40236, .adv_w = 177, .box_w = 11, .box_h = 15, .ofs_x = 0, .ofs_y = 0},
    {.bitmap_index = 40319, .adv_w = 141, .box_w = 9, .box_h = 12, .ofs_x = 0, .ofs_y = 0},
    {.bitmap_index = 40373, .adv_w = 172, .box_w = 11, .box_h = 15, .ofs_x = 0, .ofs_y = 0},
    {.bitmap_index = 40456, .adv_w = 137, .box_w = 9, .box_h = 15, .ofs_x = 0, .ofs_y = -3},
    {.bitmap_index = 40524, .adv_w = 172, .box_w = 11, .box_h = 15, .ofs_x = 0, .ofs_y = 0},
    {.bitmap_index = 40607, .adv_w = 137, .box_w = 9, .box_h = 15, .ofs_x = 0, .ofs_y = -3},
    {.bitmap_index = 40675, .adv_w = 172, .box_w = 11, .box_h = 16, .ofs_x = 0, .ofs_y = 0},
    {.bitmap_index = 40763, .adv_w = 137, .box_w = 9, .box_h = 16, .ofs_x = 0, .ofs_y = -3},
    {.bitmap_index = 40835, .adv_w = 189, .box_w = 10, .box_h = 15, .ofs_x = 1, .ofs_y = 0},
    {.bitmap_index = 40910, .adv_w = 151, .box_w = 9, .box_h = 12, .ofs_x = 0, .ofs_y = 0},
    {.bitmap_index = 40964, .adv_w = 152, .box_w = 8, .box_h = 15, .ofs_x = 1, .ofs_y = -3},
    {.bitmap_index = 41024, .adv_w = 114, .box_w = 8, .box_h = 12, .ofs_x = 0, .ofs_y = -3},
    {.bitmap_index = 41072, .adv_w = 237, .box_w = 13, .box_h = 15, .ofs_x = 1, .ofs_y = 0},
    {.bitmap_index = 41170, .adv_w = 225, .box_w = 12, .box_h = 12, .ofs_x = 1, .ofs_y = 0},
    {.bitmap_index = 41242, .adv_w = 163, .box_w = 10, .box_h = 15, .ofs_x = 0, .ofs_y = -3},
    {.bitmap_index = 41317, .adv_w = 125, .box_w = 8, .box_h = 12, .ofs_x = 0, .ofs_y = -3},
    {.bitmap_index = 41365, .adv_w = 190, .box_w = 12, .box_h = 15, .ofs_x = 0, .ofs_y = -3},
    {.bitmap_index = 41455, .adv_w = 157, .box_w = 10, .box_h = 12, .ofs_x = 0, .ofs_y = -3},
    {.bitmap_index = 41515, .adv_w = 173, .box_w = 11, .box_h = 12, .ofs_x = 0, .ofs_y = 0},
    {.bitmap_index = 41581, .adv_w = 138, .box_w = 9, .box_h = 9, .ofs_x = 0, .ofs_y = 0},
    {.bitmap_index = 41622, .adv_w = 170, .box_w = 10, .box_h = 12, .ofs_x = 0, .ofs_y = 0},
    {.bitmap_index = 41682, .adv_w = 153, .box_w = 9, .box_h = 13, .ofs_x = 0, .ofs_y = 0},
    {.bitmap_index = 41741, .adv_w = 247, .box_w = 15, .box_h = 12, .ofs_x = 0, .ofs_y = 0},
    {.bitmap_index = 41831, .adv_w = 232, .box_w = 14, .box_h = 13, .ofs_x = 0, .ofs_y = 0},
    {.bitmap_index = 41922, .adv_w = 214, .box_w = 13, .box_h = 12, .ofs_x = 0, .ofs_y = 0},
    {.bitmap_index = 42000, .adv_w = 175, .box_w = 11, .box_h = 9, .ofs_x = 0, .ofs_y = 0},
    {.bitmap_index = 42050, .adv_w = 159, .box_w = 10, .box_h = 15, .ofs_x = 0, .ofs_y = -3},
    {.bitmap_index = 42125, .adv_w = 152, .box_w = 10, .box_h = 13, .ofs_x = 0, .ofs_y = -4},
    {.bitmap_index = 42190, .adv_w = 262, .box_w = 16, .box_h = 12, .ofs_x = 0, .ofs_y = 0},
    {.bitmap_index = 42286, .adv_w = 230, .box_w = 14, .box_h = 9, .ofs_x = 0, .ofs_y = 0},
    {.bitmap_index = 42349, .adv_w = 270, .box_w = 16, .box_h = 12, .ofs_x = 1, .ofs_y = 0},
    {.bitmap_index = 42445, .adv_w = 224, .box_w = 14, .box_h = 9, .ofs_x = 0, .ofs_y = 0},
    {.bitmap_index = 42508, .adv_w = 172, .box_w = 11, .box_h = 12, .ofs_x = 0, .ofs_y = 0},
    {.bitmap_index = 42574, .adv_w = 144, .box_w = 9, .box_h = 9, .ofs_x = 0, .ofs_y = 0},
    {.bitmap_index = 42615, .adv_w = 192, .box_w = 12, .box_h = 12, .ofs_x = 0, .ofs_y = 0},
    {.bitmap_index = 42687, .adv_w = 173, .box_w = 11, .box_h = 9, .ofs_x = 0, .ofs_y = 0},
    {.bitmap_index = 42737, .adv_w = 178, .box_w = 11, .box_h = 12, .ofs_x = 0, .ofs_y = 0},
    {.bitmap_index = 42803, .adv_w = 151, .box_w = 9, .box_h = 9, .ofs_x = 0, .ofs_y = 0},
    {.bitmap_index = 42844, .adv_w = 221, .box_w = 14, .box_h = 15, .ofs_x = 0, .ofs_y = -3},
    {.bitmap_index = 42949, .adv_w = 186, .box_w = 12, .box_h = 12, .ofs_x = 0, .ofs_y = -3},
    {.bitmap_index = 43021, .adv_w = 183, .box_w = 12, .box_h = 15, .ofs_x = 0, .ofs_y = -3},
    {.bitmap_index = 43111, .adv_w = 146, .box_w = 9, .box_h = 12, .ofs_x = 0, .ofs_y = -3},
    {.bitmap_index = 43165, .adv_w = 238, .box_w = 13, .box_h = 15, .ofs_x = 1, .ofs_y = 0},
    {.bitmap_index = 43263, .adv_w = 235, .box_w = 14, .box_h = 12, .ofs_x = 0, .ofs_y = 0},
    {.bitmap_index = 43347, .adv_w = 238, .box_w = 15, .box_h = 15, .ofs_x = 0, .ofs_y = 0},
    {.bitmap_index = 43460, .adv_w = 200, .box_w = 13, .box_h = 12, .ofs_x = 0, .ofs_y = 0},
    {.bitmap_index = 43538, .adv_w = 238, .box_w = 15, .box_h = 15, .ofs_x = 0, .ofs_y = 0},
    {.bitmap_index = 43651, .adv_w = 200, .box_w = 13, .box_h = 12, .ofs_x = 0, .ofs_y = 0},
    {.bitmap_index = 43729, .adv_w = 238, .box_w = 15, .box_h = 15, .ofs_x = 0, .ofs_y = 0},
    {.bitmap_index = 43842, .adv_w = 200, .box_w = 13, .box_h = 12, .ofs_x = 0, .ofs_y = 0},
    {.bitmap_index = 43920, .adv_w = 183, .box_w = 12, .box_h = 15, .ofs_x = 0, .ofs_y = -3},
    {.bitmap_index = 44010, .adv_w = 146, .box_w = 9, .box_h = 12, .ofs_x = 0, .ofs_y = -3},
    {.bitmap_index = 44064, .adv_w = 183, .box_w = 12, .box_h = 16, .ofs_x = 0, .ofs_y = 0},
    {.bitmap_index = 44160, .adv_w = 146, .box_w = 9, .box_h = 14, .ofs_x = 0, .ofs_y = 0},
    {.bitmap_index = 44223, .adv_w = 183, .box_w = 12, .box_h = 16, .ofs_x = 0, .ofs_y = 0},
    {.bitmap_index = 44319, .adv_w = 146, .box_w = 11, .box_h = 14, .ofs_x = 0, .ofs_y = 0},
    {.bitmap_index = 44396, .adv_w = 183, .box_w = 12, .box_h = 16, .ofs_x = 0, .ofs_y = 0},
    {.bitmap_index = 44492, .adv_w = 146, .box_w = 11, .box_h = 14, .ofs_x = -2, .ofs_y = 0},
    {.bitmap_index = 44569, .adv_w = 183, .box_w = 12, .box_h = 16, .ofs_x = 0, .ofs_y = 0},
    {.bitmap_index = 44665, .adv_w = 146, .box_w = 10, .box_h = 14, .ofs_x = 0, .ofs_y = 0},
    {.bitmap_index = 44735, .adv_w = 183, .box_w = 12, .box_h = 17, .ofs_x = 0, .ofs_y = 0},
    {.bitmap_index = 44837, .adv_w = 146, .box_w = 9, .box_h = 15, .ofs_x = 0, .ofs_y = 0},
    {.bitmap_index = 44905, .adv_w = 183, .box_w = 12, .box_h = 18, .ofs_x = 0, .ofs_y = -3},
    {.bitmap_index = 45013, .adv_w = 146, .box_w = 9, .box_h = 15, .ofs_x = 0, .ofs_y = -3},
    {.bitmap_index = 45081, .adv_w = 183, .box_w = 12, .box_h = 16, .ofs_x = 0, .ofs_y = 0},
    {.bitmap_index = 45177, .adv_w = 146, .box_w = 9, .box_h = 14, .ofs_x = 0, .ofs_y = 0},
    {.bitmap_index = 45240, .adv_w = 183, .box_w = 12, .box_h = 16, .ofs_x = 0, .ofs_y = 0},
    {.bitmap_index = 45336, .adv_w = 146, .box_w = 9, .box_h = 14, .ofs_x = 0, .ofs_y = 0},
    {.bitmap_index = 45399, .adv_w = 183, .box_w = 12, .box_h = 17, .ofs_x = 0, .ofs_y = 0},
    {.bitmap_index = 45501, .adv_w = 146, .box_w = 9, .box_h = 15, .ofs_x = 0, .ofs_y = 0},
    {.bitmap_index = 45569, .adv_w = 183, .box_w = 12, .box_h = 18, .ofs_x = 0, .ofs_y = 0},
    {.bitmap_index = 45677, .adv_w = 146, .box_w = 9, .box_h = 15, .ofs_x = 0, .ofs_y = 0},
    {.bitmap_index = 45745, .adv_w = 183, .box_w = 12, .box_h = 19, .ofs_x = 0, .ofs_y = -3},
    {.bitmap_index = 45859, .adv_w = 146, .box_w = 9, .box_h = 15, .ofs_x = 0, .ofs_y = -3},
    {.bitmap_index = 45927, .adv_w = 153, .box_w = 9, .box_h = 15, .ofs_x = 1, .ofs_y = -3},
    {.bitmap_index = 45995, .adv_w = 147, .box_w = 9, .box_h = 12, .ofs_x = 0, .ofs_y = -3},
    {.bitmap_index = 46049, .adv_w = 153, .box_w = 9, .box_h = 16, .ofs_x = 1, .ofs_y = 0},
    {.bitmap_index = 46121, .adv_w = 147, .box_w = 9, .box_h = 14, .ofs_x = 0, .ofs_y = 0},
    {.bitmap_index = 46184, .adv_w = 153, .box_w = 9, .box_h = 16, .ofs_x = 1, .ofs_y = 0},
    {.bitmap_index = 46256, .adv_w = 147, .box_w = 9, .box_h = 12, .ofs_x = 0, .ofs_y = 0},
    {.bitmap_index = 46310, .adv_w = 153, .box_w = 10, .box_h = 16, .ofs_x = 1, .ofs_y = 0},
    {.bitmap_index = 46390, .adv_w = 147, .box_w = 11, .box_h = 14, .ofs_x = 0, .ofs_y = 0},
    {.bitmap_index = 46467, .adv_w = 153, .box_w = 11, .box_h = 16, .ofs_x = -1, .ofs_y = 0},
    {.bitmap_index = 46555, .adv_w = 147, .box_w = 11, .box_h = 14, .ofs_x = -2, .ofs_y = 0},
    {.bitmap_index = 46632, .adv_w = 153, .box_w = 9, .box_h = 16, .ofs_x = 1, .ofs_y = 0},
    {.bitmap_index = 46704, .adv_w = 147, .box_w = 10, .box_h = 14, .ofs_x = 0, .ofs_y = 0},
    {.bitmap_index = 46774, .adv_w = 153, .box_w = 9, .box_h = 17, .ofs_x = 1, .ofs_y = 0},
    {.bitmap_index = 46851, .adv_w = 147, .box_w = 9, .box_h = 15, .ofs_x = 0, .ofs_y = 0},
    {.bitmap_index = 46919, .adv_w = 153, .box_w = 9, .box_h = 18, .ofs_x = 1, .ofs_y = -3},
    {.bitmap_index = 47000, .adv_w = 147, .box_w = 9, .box_h = 15, .ofs_x = 0, .ofs_y = -3},
    {.bitmap_index = 47068, .adv_w = 79, .box_w = 4, .box_h = 16, .ofs_x = 1, .ofs_y = 0},
    {.bitmap_index = 47100, .adv_w = 75, .box_w = 4, .box_h = 14, .ofs_x = 1, .ofs_y = 0},
    {.bitmap_index = 47128, .adv_w = 79, .box_w = 3, .box_h = 15, .ofs_x = 1, .ofs_y = -3},
    {.bitmap_index = 47151, .adv_w = 72, .box_w = 4, .box_h = 15, .ofs_x = 0, .ofs_y = -3},
    {.bitmap_index = 47181, .adv_w = 188, .box_w = 11, .box_h = 15, .ofs_x = 0, .ofs_y = -3},
    {.bitmap_index = 47264, .adv_w = 154, .box_w = 10, .box_h = 12, .ofs_x = 0, .ofs_y = -3},
    {.bitmap_index = 47324, .adv_w = 188, .box_w = 11, .box_h = 16, .ofs_x = 0, .ofs_y = 0},
    {.bitmap_index = 47412, .adv_w = 154, .box_w = 10, .box_h = 14, .ofs_x = 0, .ofs_y = 0},
    {.bitmap_index = 47482, .adv_w = 188, .box_w = 12, .box_h = 16, .ofs_x = 0, .ofs_y = 0},
    {.bitmap_index = 47578, .adv_w = 154, .box_w = 11, .box_h = 14, .ofs_x = 0, .ofs_y = 0},
    {.bitmap_index = 47655, .adv_w = 188, .box_w = 11, .box_h = 16, .ofs_x = 0, .ofs_y = 0},
    {.bitmap_index = 47743, .adv_w = 154, .box_w = 11, .box_h = 14, .ofs_x = -1, .ofs_y = 0},
    {.bitmap_index = 47820, .adv_w = 188, .box_w = 11, .box_h = 17, .ofs_x = 0, .ofs_y = 0},
    {.bitmap_index = 47914, .adv_w = 154, .box_w = 10, .box_h = 14, .ofs_x = 0, .ofs_y = 0},
    {.bitmap_index = 47984, .adv_w = 188, .box_w = 11, .box_h = 17, .ofs_x = 0, .ofs_y = 0},
    {.bitmap_index = 48078, .adv_w = 154, .box_w = 10, .box_h = 15, .ofs_x = 0, .ofs_y = 0},
    {.bitmap_index = 48153, .adv_w = 188, .box_w = 11, .box_h = 18, .ofs_x = 0, .ofs_y = -3},
    {.bitmap_index = 48252, .adv_w = 154, .box_w = 10, .box_h = 15, .ofs_x = 0, .ofs_y = -3},
    {.bitmap_index = 48327, .adv_w = 191, .box_w = 13, .box_h = 15, .ofs_x = 0, .ofs_y = 0},
    {.bitmap_index = 48425, .adv_w = 158, .box_w = 11, .box_h = 12, .ofs_x = 0, .ofs_y = 0},
    {.bitmap_index = 48491, .adv_w = 191, .box_w = 13, .box_h = 15, .ofs_x = 0, .ofs_y = 0},
    {.bitmap_index = 48589, .adv_w = 158, .box_w = 11, .box_h = 12, .ofs_x = 0, .ofs_y = 0},
    {.bitmap_index = 48655, .adv_w = 191, .box_w = 13, .box_h = 16, .ofs_x = 0, .ofs_y = 0},
    {.bitmap_index = 48759, .adv_w = 158, .box_w = 11, .box_h = 14, .ofs_x = 0, .ofs_y = 0},
    {.bitmap_index = 48836, .adv_w = 191, .box_w = 13, .box_h = 16, .ofs_x = 0, .ofs_y = 0},
    {.bitmap_index = 48940, .adv_w = 158, .box_w = 11, .box_h = 12, .ofs_x = 0, .ofs_y = 0},
    {.bitmap_index = 49006, .adv_w = 191, .box_w = 13, .box_h = 15, .ofs_x = 0, .ofs_y = -3},
    {.bitmap_index = 49104, .adv_w = 158, .box_w = 11, .box_h = 13, .ofs_x = 0, .ofs_y = -3},
    {.bitmap_index = 49176, .adv_w = 179, .box_w = 11, .box_h = 15, .ofs_x = 0, .ofs_y = -3},
    {.bitmap_index = 49259, .adv_w = 152, .box_w = 9, .box_h = 12, .ofs_x = 0, .ofs_y = -3},
    {.bitmap_index = 49313, .adv_w = 179, .box_w = 11, .box_h = 16, .ofs_x = 0, .ofs_y = 0},
    {.bitmap_index = 49401, .adv_w = 152, .box_w = 9, .box_h = 14, .ofs_x = 0, .ofs_y = 0},
    {.bitmap_index = 49464, .adv_w = 194, .box_w = 14, .box_h = 16, .ofs_x = 0, .ofs_y = 0},
    {.bitmap_index = 49576, .adv_w = 166, .box_w = 12, .box_h = 12, .ofs_x = 0, .ofs_y = 0},
    {.bitmap_index = 49648, .adv_w = 194, .box_w = 14, .box_h = 16, .ofs_x = 0, .ofs_y = 0},
    {.bitmap_index = 49760, .adv_w = 166, .box_w = 12, .box_h = 12, .ofs_x = 0, .ofs_y = 0},
    {.bitmap_index = 49832, .adv_w = 194, .box_w = 14, .box_h = 16, .ofs_x = 0, .ofs_y = 0},
    {.bitmap_index = 49944, .adv_w = 166, .box_w = 12, .box_h = 14, .ofs_x = 0, .ofs_y = 0},
    {.bitmap_index = 50028, .adv_w = 194, .box_w = 14, .box_h = 16, .ofs_x = 0, .ofs_y = 0},
    {.bitmap_index = 50140, .adv_w = 166, .box_w = 12, .box_h = 12, .ofs_x = 0, .ofs_y = 0},
    {.bitmap_index = 50212, .adv_w = 194, .box_w = 14, .box_h = 15, .ofs_x = 0, .ofs_y = -3},
    {.bitmap_index = 50317, .adv_w = 166, .box_w = 12, .box_h = 13, .ofs_x = 0, .ofs_y = -3},
    {.bitmap_index = 50395, .adv_w = 168, .box_w = 11, .box_h = 15, .ofs_x = 0, .ofs_y = 0},
    {.bitmap_index = 50478, .adv_w = 137, .box_w = 9, .box_h = 15, .ofs_x = 0, .ofs_y = -3},
    {.bitmap_index = 50546, .adv_w = 168, .box_w = 11, .box_h = 15, .ofs_x = 0, .ofs_y = -3},
    {.bitmap_index = 50629, .adv_w = 137, .box_w = 9, .box_h = 12, .ofs_x = 0, .ofs_y = -3},
    {.bitmap_index = 50683, .adv_w = 168, .box_w = 11, .box_h = 16, .ofs_x = 0, .ofs_y = 0},
    {.bitmap_index = 50771, .adv_w = 137, .box_w = 9, .box_h = 17, .ofs_x = 0, .ofs_y = -3},
    {.bitmap_index = 50848, .adv_w = 168, .box_w = 11, .box_h = 16, .ofs_x = 0, .ofs_y = 0},
    {.bitmap_index = 50936, .adv_w = 137, .box_w = 9, .box_h = 15, .ofs_x = 0, .ofs_y = -3},
    {.bitmap_index = 51004, .adv_w = 197, .box_w = 17, .box_h = 12, .ofs_x = -5, .ofs_y = 0},
    {.bitmap_index = 51106, .adv_w = 139, .box_w = 0, .box_h = 0, .ofs_x = 0, .ofs_y = 0},
    {.bitmap_index = 51106, .adv_w = 277, .box_w = 0, .box_h = 0, .ofs_x = 0, .ofs_y = 0},
    {.bitmap_index = 51106, .adv_w = 139, .box_w = 0, .box_h = 0, .ofs_x = 0, .ofs_y = 0},
    {.bitmap_index = 51106, .adv_w = 277, .box_w = 0, .box_h = 0, .ofs_x = 0, .ofs_y = 0},
    {.bitmap_index = 51106, .adv_w = 93, .box_w = 0, .box_h = 0, .ofs_x = 0, .ofs_y = 0},
    {.bitmap_index = 51106, .adv_w = 69, .box_w = 0, .box_h = 0, .ofs_x = 0, .ofs_y = 0},
    {.bitmap_index = 51106, .adv_w = 46, .box_w = 0, .box_h = 0, .ofs_x = 0, .ofs_y = 0},
    {.bitmap_index = 51106, .adv_w = 153, .box_w = 0, .box_h = 0, .ofs_x = 0, .ofs_y = 0},
    {.bitmap_index = 51106, .adv_w = 74, .box_w = 0, .box_h = 0, .ofs_x = 0, .ofs_y = 0},
    {.bitmap_index = 51106, .adv_w = 56, .box_w = 0, .box_h = 0, .ofs_x = 0, .ofs_y = 0},
    {.bitmap_index = 51106, .adv_w = 28, .box_w = 0, .box_h = 0, .ofs_x = 0, .ofs_y = 0},
    {.bitmap_index = 51106, .adv_w = 0, .box_w = 0, .box_h = 0, .ofs_x = 0, .ofs_y = 0},
    {.bitmap_index = 51106, .adv_w = 106, .box_w = 6, .box_h = 2, .ofs_x = 0, .ofs_y = 4},
    {.bitmap_index = 51112, .adv_w = 106, .box_w = 6, .box_h = 2, .ofs_x = 0, .ofs_y = 4},
    {.bitmap_index = 51118, .adv_w = 172, .box_w = 9, .box_h = 2, .ofs_x = 1, .ofs_y = 5},
    {.bitmap_index = 51127, .adv_w = 208, .box_w = 13, .box_h = 2, .ofs_x = 0, .ofs_y = 5},
    {.bitmap_index = 51140, .adv_w = 208, .box_w = 13, .box_h = 2, .ofs_x = 0, .ofs_y = 5},
    {.bitmap_index = 51153, .adv_w = 121, .box_w = 8, .box_h = 5, .ofs_x = 0, .ofs_y = -4},
    {.bitmap_index = 51173, .adv_w = 64, .box_w = 4, .box_h = 5, .ofs_x = 0, .ofs_y = 9},
    {.bitmap_index = 51183, .adv_w = 62, .box_w = 4, .box_h = 5, .ofs_x = 0, .ofs_y = 7},
    {.bitmap_index = 51193, .adv_w = 67, .box_w = 4, .box_h = 5, .ofs_x = 0, .ofs_y = -3},
    {.bitmap_index = 51203, .adv_w = 57, .box_w = 4, .box_h = 5, .ofs_x = 0, .ofs_y = 7},
    {.bitmap_index = 51213, .adv_w = 110, .box_w = 7, .box_h = 5, .ofs_x = 0, .ofs_y = 9},
    {.bitmap_index = 51231, .adv_w = 111, .box_w = 7, .box_h = 5, .ofs_x = 0, .ofs_y = 7},
    {.bitmap_index = 51249, .adv_w = 110, .box_w = 7, .box_h = 5, .ofs_x = 0, .ofs_y = -3},
    {.bitmap_index = 51267, .adv_w = 146, .box_w = 9, .box_h = 12, .ofs_x = 0, .ofs_y = 0},
    {.bitmap_index = 51321, .adv_w = 157, .box_w = 10, .box_h = 15, .ofs_x = 0, .ofs_y = -3},
    {.bitmap_index = 51396, .adv_w = 98, .box_w = 5, .box_h = 5, .ofs_x = 1, .ofs_y = 4},
    {.bitmap_index = 51409, .adv_w = 142, .box_w = 7, .box_h = 3, .ofs_x = 1, .ofs_y = 0},
    {.bitmap_index = 51420, .adv_w = 201, .box_w = 11, .box_h = 3, .ofs_x = 1, .ofs_y = 0},
    {.bitmap_index = 51437, .adv_w = 70, .box_w = 4, .box_h = 3, .ofs_x = 0, .ofs_y = 4},
    {.bitmap_index = 51443, .adv_w = 261, .box_w = 16, .box_h = 12, .ofs_x = 0, .ofs_y = 0},
    {.bitmap_index = 51539, .adv_w = 44, .box_w = 3, .box_h = 5, .ofs_x = 0, .ofs_y = 7},
    {.bitmap_index = 51547, .adv_w = 87, .box_w = 5, .box_h = 5, .ofs_x = 0, .ofs_y = 7},
    {.bitmap_index = 51560, .adv_w = 85, .box_w = 5, .box_h = 7, .ofs_x = 0, .ofs_y = 1},
    {.bitmap_index = 51578, .adv_w = 82, .box_w = 5, .box_h = 7, .ofs_x = 0, .ofs_y = 1},
    {.bitmap_index = 51596, .adv_w = 148, .box_w = 8, .box_h = 12, .ofs_x = 1, .ofs_y = 0},
    {.bitmap_index = 51644, .adv_w = 121, .box_w = 8, .box_h = 11, .ofs_x = 0, .ofs_y = 0},
    {.bitmap_index = 51688, .adv_w = 101, .box_w = 6, .box_h = 6, .ofs_x = 0, .ofs_y = 6},
    {.bitmap_index = 51706, .adv_w = 114, .box_w = 7, .box_h = 6, .ofs_x = 0, .ofs_y = 6},
    {.bitmap_index = 51727, .adv_w = 149, .box_w = 10, .box_h = 12, .ofs_x = -1, .ofs_y = 0},
    {.bitmap_index = 51787, .adv_w = 162, .box_w = 10, .box_h = 12, .ofs_x = 0, .ofs_y = 0},
    {.bitmap_index = 51847, .adv_w = 221, .box_w = 14, .box_h = 12, .ofs_x = 0, .ofs_y = 0},
    {.bitmap_index = 51931, .adv_w = 234, .box_w = 13, .box_h = 12, .ofs_x = 1, .ofs_y = 0},
    {.bitmap_index = 52009, .adv_w = 295, .box_w = 17, .box_h = 12, .ofs_x = 1, .ofs_y = 0},
    {.bitmap_index = 52111, .adv_w = 220, .box_w = 14, .box_h = 12, .ofs_x = 0, .ofs_y = 0},
    {.bitmap_index = 52195, .adv_w = 236, .box_w = 14, .box_h = 9, .ofs_x = 0, .ofs_y = 0},
    {.bitmap_index = 52258, .adv_w = 157, .box_w = 10, .box_h = 15, .ofs_x = 0, .ofs_y = -3},
    {.bitmap_index = 52333, .adv_w = 156, .box_w = 10, .box_h = 12, .ofs_x = 0, .ofs_y = 0}
};

/*---------------------
 *  CHARACTER MAPPING
 *--------------------*/

static const uint16_t unicode_list_2[] = {
    0x0, 0x3, 0x11, 0x12, 0x20, 0x21, 0x61, 0x6b,
    0x6c, 0x6d, 0x6e, 0x6f, 0x70, 0x89, 0x8a, 0x8b,
    0x8c, 0xa8, 0xca, 0x12d, 0x137, 0x138, 0x13a, 0x149,
    0x14a, 0x14b, 0x14c, 0x14d, 0x14e, 0x164, 0x171, 0x172,
    0x174, 0x17a, 0x180, 0x194, 0x1f5, 0x1f6, 0x1f7, 0x1f8,
    0x1f9, 0x1fa, 0x1fb, 0x1fd
};

static const uint8_t glyph_id_ofs_list_5[] = {
    0, 1, 0, 0, 0, 2
};

static const uint16_t unicode_list_8[] = {
    0x0, 0x1, 0x3e, 0x3f, 0x80, 0x81, 0x82, 0x83,
    0x84, 0x85
};

static const uint16_t unicode_list_10[] = {
    0x0, 0xb3, 0xb4, 0xb5, 0xb6, 0xb7, 0xb8, 0xb9,
    0xba, 0xbb, 0xbc, 0xbd, 0xbe, 0xc3, 0xc4, 0xc6,
    0xc7, 0xc8, 0xca, 0xcb, 0xcc, 0xcd, 0xce, 0xcf,
    0xd0, 0xd1, 0xd3, 0xd4, 0xd5, 0xd8, 0xd9, 0xda,
    0xe3, 0xe5, 0xe6, 0xec, 0xed, 0xef, 0xf7, 0x127,
    0x132, 0x156, 0x157, 0x159, 0x15a, 0x15b, 0x15c, 0x15d,
    0x15e, 0x15f
};

/*Collect the unicode lists and glyph_id offsets*/
static const lv_font_fmt_txt_cmap_t cmaps[] =
{
    {
        .range_start = 32, .range_length = 95, .glyph_id_start = 1,
        .unicode_list = NULL, .glyph_id_ofs_list = NULL, .list_length = 0, .type = LV_FONT_FMT_TXT_CMAP_FORMAT0_TINY
    },
    {
        .range_start = 160, .range_length = 224, .glyph_id_start = 96,
        .unicode_list = NULL, .glyph_id_ofs_list = NULL, .list_length = 0, .type = LV_FONT_FMT_TXT_CMAP_FORMAT0_TINY
    },
    {
        .range_start = 399, .range_length = 510, .glyph_id_start = 320,
        .unicode_list = unicode_list_2, .glyph_id_ofs_list = NULL, .list_length = 44, .type = LV_FONT_FMT_TXT_CMAP_SPARSE_TINY
    },
    {
        .range_start = 910, .range_length = 20, .glyph_id_start = 364,
        .unicode_list = NULL, .glyph_id_ofs_list = NULL, .list_length = 0, .type = LV_FONT_FMT_TXT_CMAP_FORMAT0_TINY
    },
    {
        .range_start = 931, .range_length = 44, .glyph_id_start = 384,
        .unicode_list = NULL, .glyph_id_ofs_list = NULL, .list_length = 0, .type = LV_FONT_FMT_TXT_CMAP_FORMAT0_TINY
    },
    {
        .range_start = 977, .range_length = 6, .glyph_id_start = 428,
        .unicode_list = NULL, .glyph_id_ofs_list = glyph_id_ofs_list_5, .list_length = 6, .type = LV_FONT_FMT_TXT_CMAP_FORMAT0_FULL
    },
    {
        .range_start = 1024, .range_length = 135, .glyph_id_start = 431,
        .unicode_list = NULL, .glyph_id_ofs_list = NULL, .list_length = 0, .type = LV_FONT_FMT_TXT_CMAP_FORMAT0_TINY
    },
    {
        .range_start = 1160, .range_length = 140, .glyph_id_start = 566,
        .unicode_list = NULL, .glyph_id_ofs_list = NULL, .list_length = 0, .type = LV_FONT_FMT_TXT_CMAP_FORMAT0_TINY
    },
    {
        .range_start = 7680, .range_length = 134, .glyph_id_start = 706,
        .unicode_list = unicode_list_8, .glyph_id_ofs_list = NULL, .list_length = 10, .type = LV_FONT_FMT_TXT_CMAP_SPARSE_TINY
    },
    {
        .range_start = 7840, .range_length = 90, .glyph_id_start = 716,
        .unicode_list = NULL, .glyph_id_ofs_list = NULL, .list_length = 0, .type = LV_FONT_FMT_TXT_CMAP_FORMAT0_TINY
    },
    {
        .range_start = 8013, .range_length = 352, .glyph_id_start = 806,
        .unicode_list = unicode_list_10, .glyph_id_ofs_list = NULL, .list_length = 50, .type = LV_FONT_FMT_TXT_CMAP_SPARSE_TINY
    }
};

/*-----------------
 *    KERNING
 *----------------*/


/*Map glyph_ids to kern left classes*/
static const uint8_t kern_left_class_mapping[] =
{
    0, 1, 0, 2, 0, 0, 0, 0,
    2, 3, 0, 0, 0, 4, 0, 4,
    5, 0, 0, 0, 0, 0, 0, 0,
    0, 0, 0, 0, 0, 0, 0, 0,
    0, 0, 6, 7, 8, 9, 10, 11,
    0, 12, 12, 13, 14, 15, 12, 12,
    9, 16, 17, 18, 0, 19, 13, 20,
    21, 22, 23, 24, 25, 0, 0, 0,
    0, 0, 26, 27, 28, 0, 29, 30,
    0, 31, 0, 0, 32, 0, 33, 33,
    34, 27, 0, 35, 0, 36, 0, 37,
    38, 39, 37, 40, 41, 0, 0, 0,
    0, 0, 0, 0, 0, 0, 0, 0,
    0, 0, 0, 0, 0, 0, 0, 0,
    0, 0, 0, 0, 0, 0, 0, 0,
    0, 0, 0, 0, 0, 0, 0, 0,
    6, 6, 6, 6, 6, 6, 0, 8,
    10, 10, 10, 10, 12, 12, 12, 12,
    9, 12, 9, 9, 9, 9, 9, 0,
    0, 13, 13, 13, 13, 23, 0, 0,
    26, 26, 26, 26, 26, 26, 0, 28,
    29, 29, 29, 29, 0, 0, 0, 0,
    0, 33, 34, 34, 34, 34, 34, 0,
    0, 0, 0, 0, 0, 37, 27, 37,
    6, 26, 6, 26, 6, 26, 8, 28,
    8, 28, 8, 28, 8, 28, 9, 0,
    9, 0, 10, 29, 10, 29, 10, 29,
    10, 29, 10, 29, 0, 0, 0, 0,
    0, 0, 0, 0, 12, 33, 0, 0,
    12, 0, 12, 0, 12, 0, 12, 0,
    12, 0, 0, 0, 13, 0, 14, 0,
    0, 15, 0, 15, 0, 15, 0, 15,
    0, 0, 0, 12, 33, 12, 33, 12,
    33, 33, 0, 0, 9, 34, 9, 34,
    9, 34, 0, 0, 0, 35, 0, 35,
    0, 35, 0, 0, 0, 0, 0, 0,
    0, 0, 19, 0, 19, 0, 19, 0,
    13, 0, 13, 0, 13, 0, 13, 0,
    13, 0, 13, 0, 21, 0, 23, 37,
    23, 24, 40, 24, 40, 24, 40, 0,
    9, 0, 0, 0, 0, 0, 0, 6,
    26, 0, 0, 0, 0, 0, 0, 19,
    0, 0, 42, 2, 0, 0, 0, 0,
    0, 0, 0, 0, 0, 0, 0, 0,
    0, 0, 0, 0, 0, 0, 6, 0,
    10, 12, 12, 9, 23, 0, 0, 6,
    7, 43, 6, 10, 24, 12, 9, 12,
    14, 6, 12, 12, 44, 9, 0, 16,
    45, 19, 23, 46, 22, 47, 0, 12,
    23, 0, 0, 33, 0, 0, 48, 0,
    37, 0, 0, 49, 33, 0, 50, 0,
    0, 0, 37, 51, 34, 0, 52, 53,
    54, 55, 56, 57, 0, 58, 59, 0,
    0, 34, 0, 0, 0, 0, 0, 10,
    10, 60, 43, 0, 0, 12, 12, 13,
    61, 62, 63, 14, 0, 64, 12, 6,
    65, 7, 43, 66, 10, 22, 67, 12,
    0, 14, 12, 12, 12, 9, 0, 16,
    8, 19, 64, 0, 22, 12, 12, 12,
    68, 69, 12, 70, 71, 72, 73, 26,
    74, 75, 76, 77, 29, 39, 28, 0,
    0, 78, 0, 0, 0, 34, 0, 27,
    28, 79, 37, 27, 39, 80, 0, 0,
    81, 82, 0, 83, 27, 84, 0, 29,
    29, 0, 76, 85, 0, 0, 0, 0,
    86, 87, 0, 0, 0, 37, 0, 0,
    0, 70, 83, 0, 0, 6, 0, 0,
    0, 0, 0, 0, 0, 0, 0, 0,
    0, 0, 34, 20, 37, 20, 37, 0,
    0, 0, 0, 0, 0, 0, 0, 0,
    88, 0, 0, 0, 0, 0, 0, 0,
    0, 0, 0, 0, 0, 27, 43, 76,
    43, 0, 0, 0, 22, 39, 0, 0,
    14, 0, 14, 0, 14, 0, 14, 0,
    12, 0, 0, 0, 0, 0, 0, 0,
    8, 28, 19, 0, 23, 37, 23, 0,
    22, 39, 0, 0, 0, 0, 0, 0,
    0, 33, 0, 0, 0, 0, 12, 22,
    39, 0, 0, 0, 0, 0, 0, 12,
    0, 0, 0, 12, 0, 12, 6, 26,
    6, 26, 0, 0, 10, 29, 9, 29,
    0, 29, 22, 39, 0, 0, 0, 0,
    0, 0, 0, 0, 9, 34, 0, 0,
    0, 34, 0, 27, 64, 37, 64, 37,
    64, 37, 0, 0, 43, 76, 0, 0,
    0, 76, 22, 39, 0, 0, 0, 0,
    0, 0, 0, 0, 0, 0, 0, 0,
    0, 0, 0, 0, 0, 0, 0, 0,
    0, 0, 6, 26, 12, 33, 21, 0,
    21, 0, 21, 0, 6, 26, 6, 26,
    6, 26, 6, 26, 6, 26, 6, 26,
    6, 26, 6, 26, 6, 26, 6, 26,
    6, 26, 6, 26, 10, 29, 10, 29,
    10, 29, 10, 29, 10, 29, 10, 29,
    10, 29, 10, 29, 12, 0, 12, 0,
    9, 34, 9, 34, 9, 34, 9, 34,
    9, 34, 9, 34, 9, 34, 0, 0,
    0, 0, 0, 0, 0, 34, 0, 0,
    13, 0, 13, 0, 0, 0, 0, 0,
    0, 0, 0, 0, 0, 0, 23, 37,
    23, 37, 23, 37, 23, 37, 9, 0,
    0, 0, 0, 0, 0, 0, 0, 0,
    0, 0, 0, 0, 0, 0, 0, 0,
    0, 2, 89, 4, 2, 2, 2, 4,
    0, 0, 0, 4, 4, 0, 0, 2,
    2, 0, 0, 0, 0, 0, 0, 0,
    0, 0, 0, 0, 0, 0, 0, 0
};

/*Map glyph_ids to kern right classes*/
static const uint8_t kern_right_class_mapping[] =
{
    0, 1, 0, 2, 0, 0, 0, 3,
    2, 0, 4, 5, 0, 6, 7, 6,
    8, 0, 0, 0, 0, 0, 0, 0,
    9, 0, 0, 0, 0, 0, 0, 0,
    10, 0, 11, 0, 12, 0, 0, 0,
    12, 0, 0, 13, 0, 0, 0, 0,
    12, 0, 12, 0, 14, 15, 16, 17,
    18, 19, 20, 21, 0, 0, 22, 0,
    0, 0, 23, 0, 24, 24, 24, 25,
    24, 0, 0, 0, 0, 0, 26, 26,
    27, 26, 24, 28, 29, 30, 31, 32,
    33, 34, 32, 35, 0, 0, 36, 0,
    0, 0, 0, 0, 0, 0, 0, 0,
    0, 0, 0, 37, 0, 7, 0, 0,
    0, 0, 0, 0, 0, 0, 0, 0,
    0, 0, 0, 38, 0, 0, 0, 0,
    11, 11, 11, 11, 11, 11, 39, 12,
    0, 0, 0, 0, 0, 0, 0, 0,
    0, 0, 12, 12, 12, 12, 12, 0,
    12, 16, 16, 16, 16, 20, 0, 0,
    23, 23, 23, 23, 23, 23, 40, 24,
    24, 24, 24, 24, 0, 0, 0, 0,
    0, 26, 27, 27, 27, 27, 27, 0,
    41, 31, 31, 31, 31, 32, 0, 32,
    11, 23, 11, 23, 11, 23, 12, 24,
    12, 24, 12, 24, 12, 24, 0, 24,
    0, 0, 0, 24, 0, 24, 0, 24,
    0, 24, 0, 24, 12, 24, 12, 24,
    12, 24, 12, 24, 0, 0, 0, 0,
    0, 0, 0, 0, 0, 0, 0, 0,
    0, 0, 0, 0, 13, 0, 0, 0,
    0, 0, 0, 0, 0, 0, 0, 0,
    0, 0, 0, 0, 26, 0, 26, 0,
    26, 26, 0, 0, 12, 27, 12, 27,
    12, 27, 12, 24, 0, 0, 0, 0,
    0, 0, 14, 29, 14, 29, 14, 29,
    14, 29, 15, 0, 15, 0, 0, 0,
    16, 31, 16, 31, 16, 31, 16, 31,
    16, 31, 16, 31, 18, 0, 20, 32,
    20, 21, 35, 21, 35, 21, 35, 0,
    0, 0, 12, 24, 42, 31, 0, 11,
    23, 0, 0, 12, 0, 14, 29, 15,
    0, 0, 0, 2, 0, 0, 0, 0,
    0, 0, 0, 0, 0, 0, 0, 0,
    0, 0, 0, 0, 0, 0, 11, 0,
    0, 0, 0, 12, 20, 0, 0, 11,
    0, 0, 11, 0, 21, 0, 12, 0,
    0, 11, 0, 0, 43, 12, 0, 0,
    44, 0, 20, 45, 19, 46, 0, 0,
    20, 24, 0, 26, 0, 31, 24, 47,
    32, 0, 48, 49, 26, 50, 51, 0,
    52, 0, 32, 53, 27, 54, 55, 24,
    24, 56, 31, 57, 0, 58, 59, 0,
    31, 27, 31, 0, 0, 0, 0, 0,
    0, 15, 0, 12, 0, 0, 0, 13,
    60, 0, 15, 0, 0, 61, 0, 11,
    0, 0, 0, 62, 0, 19, 0, 0,
    0, 0, 60, 0, 0, 12, 0, 0,
    12, 15, 61, 0, 19, 0, 63, 0,
    0, 0, 0, 64, 65, 0, 0, 23,
    66, 67, 26, 68, 24, 34, 69, 26,
    26, 26, 70, 26, 26, 27, 26, 26,
    24, 71, 32, 24, 34, 26, 72, 26,
    26, 73, 74, 75, 76, 26, 77, 24,
    24, 78, 26, 24, 29, 0, 0, 0,
    70, 26, 0, 26, 26, 32, 79, 12,
    80, 0, 0, 0, 0, 11, 0, 0,
    0, 81, 0, 0, 0, 0, 0, 0,
    0, 12, 27, 17, 32, 17, 32, 12,
    24, 12, 82, 12, 24, 12, 83, 12,
    24, 0, 0, 0, 0, 0, 0, 0,
    0, 26, 0, 0, 0, 84, 0, 85,
    0, 0, 0, 0, 19, 34, 0, 0,
    0, 26, 0, 79, 0, 0, 15, 86,
    0, 26, 0, 26, 0, 67, 12, 24,
    12, 24, 15, 0, 20, 32, 20, 0,
    19, 34, 15, 0, 63, 72, 87, 88,
    0, 0, 89, 90, 0, 0, 0, 19,
    34, 0, 0, 60, 70, 0, 26, 0,
    26, 63, 72, 0, 26, 0, 11, 23,
    11, 23, 0, 0, 0, 24, 91, 24,
    0, 24, 19, 34, 0, 0, 0, 0,
    0, 26, 0, 26, 12, 27, 12, 24,
    12, 27, 0, 0, 61, 32, 61, 32,
    61, 32, 63, 72, 0, 26, 0, 26,
    0, 26, 19, 34, 0, 0, 92, 24,
    24, 24, 93, 94, 95, 96, 60, 0,
    0, 97, 12, 24, 98, 99, 100, 0,
    60, 70, 11, 23, 0, 26, 18, 0,
    18, 0, 18, 0, 11, 23, 11, 23,
    11, 23, 11, 23, 11, 23, 11, 23,
    11, 23, 11, 23, 11, 23, 11, 23,
    11, 23, 11, 23, 0, 24, 0, 24,
    0, 24, 0, 24, 0, 24, 0, 24,
    0, 24, 0, 24, 0, 0, 0, 0,
    12, 27, 12, 27, 12, 27, 12, 27,
    12, 27, 12, 27, 12, 27, 12, 24,
    12, 24, 12, 24, 12, 27, 12, 24,
    16, 31, 16, 31, 0, 31, 0, 31,
    0, 31, 0, 31, 0, 31, 20, 32,
    20, 32, 20, 32, 20, 32, 0, 0,
    0, 0, 0, 0, 0, 0, 0, 0,
    0, 0, 0, 0, 0, 7, 7, 7,
    0, 2, 101, 6, 2, 2, 2, 6,
    0, 0, 102, 6, 6, 0, 0, 2,
    2, 0, 0, 0, 0, 0, 0, 0,
    0, 0, 0, 0, 0, 0, 0, 0
};

/*Kern values between classes*/
static const int8_t kern_class_values[] =
{
    0, 0, 0, 0, 0, 0, 0, 0,
    0, 0, 0, 0, 0, 0, -8, 0,
    0, 0, 0, 0, 0, 0, 0, 0,
    0, 0, 0, 0, 0, 0, 0, 0,
    0, 0, 0, 0, 0, 0, 0, 0,
    0, 0, 0, 0, 0, 0, 0, 0,
    0, 0, 0, 0, 0, 0, 0, 0,
    0, 0, 0, 0, 0, 0, 0, 0,
    0, 0, 0, 0, 0, 0, 0, 0,
    0, 0, 0, 0, 0, 0, 0, 0,
    0, 0, 0, 0, 0, 0, 0, 0,
    0, 0, 0, 0, 0, 0, 0, 0,
    0, 0, 0, 0, 0, 0, 0, -5,
    0, 0, 0, 0, 0, 0, 0, 0,
    -16, 0, 0, 0, 0, 0, 0, 0,
    0, 0, 0, 0, -7, -8, 0, -3,
    -12, 0, -12, 0, 0, 0, 1, 0,
    0, 0, 0, 0, 0, 0, 0, 0,
    0, 0, 0, 0, 0, 0, 0, 0,
    0, 0, 0, 0, 0, 0, 0, 0,
    0, 0, 0, 0, 0, 0, 0, 0,
    0, 0, 0, 0, 0, 0, 0, 0,
    -3, 0, 0, 0, 0, 0, 0, 0,
    0, 0, 0, 0, 0, 0, 0, 0,
    0, 0, 0, 0, 0, 0, 0, 0,
    0, 0, -5, 0, 0, 0, 0, 0,
    0, 0, 0, 0, 0, 0, 0, 0,
    0, 0, 0, 0, 3, 5, 0, 3,
    0, 0, 0, 0, 0, 0, 0, 0,
    0, 0, 0, 0, 0, 0, 0, 0,
    0, 0, 0, 0, 0, 0, 0, 0,
    0, 0, 0, 0, 0, 0, 0, 0,
    0, 0, 0, 0, 0, 0, 0, 0,
    0, 0, 0, 0, 0, 0, 0, 0,
    0, 0, 0, 0, 0, 0, 0, 0,
    0, 0, 0, 0, 0, 0, 0, 0,
    0, 0, 0, 0, 0, 0, 0, 0,
    0, 0, 0, 0, 0, 0, 0, 0,
    0, 0, 0, -38, 0, 0, 0, 0,
    0, 0, 0, 0, 0, 0, 0, 0,
    0, 0, 0, 0, 0, 0, 0, 0,
    0, 0, 0, 0, 0, 0, 0, 0,
    0, 0, 0, 0, 0, 0, 0, 0,
    0, 0, 0, 0, 0, 0, 0, 0,
    0, 0, 0, 0, 0, 0, 0, 0,
    0, 0, 0, 0, 0, 0, 0, 0,
    0, 0, 0, 0, 0, 0, 0, 0,
    0, 0, 0, 0, 0, 0, 0, 0,
    0, 0, 0, 0, 0, 0, 0, 0,
    0, 0, 0, 0, 0, 0, 0, 0,
    0, 0, 0, 0, 0, 0, -38, 0,
    0, 0, 0, 0, 0, 0, 0, -33,
    0, 0, 0, 0, 0, 0, 0, 0,
    0, 0, 0, 0, 0, 0, 0, 0,
    0, 0, 0, 0, 0, 0, 0, 0,
    0, 0, 0, 0, 0, 0, 0, 0,
    0, 0, 0, 0, 0, 0, 0, 0,
    0, 0, 0, 0, 0, 0, 0, 0,
    0, 0, 0, 0, 0, 0, 0, 0,
    0, 0, 0, 0, 0, 0, 0, 0,
    0, 0, 0, 0, 0, 0, 0, 0,
    0, 0, 0, 0, 0, 0, 0, 0,
    0, 0, 0, 0, 0, 0, 0, 0,
    0, 0, 0, 0, 0, 0, 0, -16,
    0, 0, 0, 0, 0, 0, 0, -11,
    0, -3, 0, 0, -16, -2, -10, -5,
    0, -20, 0, 0, 0, 0, 0, -6,
    -2, 0, 0, -2, -1, -7, -4, 0,
    2, 0, 0, 0, 0, 0, 0, -2,
    0, 0, -4, -6, 0, 0, 0, 0,
    0, 2, 0, 0, 0, -7, 0, 0,
    0, 2, 0, 3, -7, -8, 0, 0,
    0, 0, 0, 2, -7, -4, 0, 0,
    -6, 0, 0, 0, 0, 0, 0, 0,
    0, 0, 0, -17, -21, -16, -20, -5,
    -2, 0, -10, 0, -7, 0, 0, -12,
    -7, 0, -16, 0, 0, 0, 0, 0,
    0, 0, 0, 0, 0, 0, 0, 0,
    0, 0, -4, 0, -3, 0, 0, -7,
    0, 0, 0, 0, 0, 0, 0, 0,
    0, 0, 0, 0, 0, 0, 0, 0,
    0, 0, 0, 0, 0, 0, 0, 0,
    0, 0, 0, 0, 0, 0, 0, 0,
    0, 0, 0, 0, 0, 0, 0, 0,
    -2, 0, 0, 0, 0, 0, 0, 0,
    0, 0, 0, 0, 0, 0, 0, 0,
    0, 0, 0, 0, 1, 0, 0, 0,
    0, 0, 0, 0, 0, 0, 0, 0,
    0, 0, 0, 0, 0, -3, 0, 0,
    0, 0, 0, 0, 0, -3, 0, 0,
    0, 0, 0, 0, 0, 0, 0, 0,
    -4, 0, 0, 0, 0, 0, 0, -2,
    0, 0, 0, 0, 0, 0, 0, 0,
    0, 0, 0, 0, 0, -2, 0, 0,
    0, 0, 0, 0, 0, 0, 0, 0,
    0, 0, 0, 0, 0, 0, 0, 0,
    0, 0, 0, 0, 0, 0, 0, 0,
    0, 0, 0, 0, 0, 0, 0, 0,
    0, 0, 0, 0, 0, 0, 0, 0,
    0, 0, 0, 0, 0, 0, 0, 0,
    0, 0, 0, -3, 0, 0, 0, 0,
    0, 0, 0, 0, 0, 0, 0, 0,
    0, 0, 0, 0, 0, -16, 0, 0,
    0, 0, -3, 0, 0, 0, -11, 0,
    -3, 0, -3, -6, -3, 0, 0, 0,
    0, 0, 0, 0, 0, 0, 0, 0,
    0, 0, 0, 0, 0, 0, -4, 0,
    0, 0, -2, -2, 0, 0, 0, 0,
    0, 0, 0, -3, 0, 0, 0, 0,
    0, 0, 0, -4, 0, -4, 0, -4,
    0, 0, 0, 0, 0, 0, 0, 0,
    0, 0, 0, 0, 0, 0, 0, 0,
    0, 0, 0, 0, 0, 0, 0, 0,
    0, 0, 0, 0, 0, 0, 0, 0,
    0, -4, 0, 0, 0, 0, 0, 0,
    0, 0, 0, 0, 0, 0, 0, 0,
    0, 0, 0, 0, 3, 0, 0, 0,
    0, 0, 0, 0, 0, -3, -2, 0,
    -3, 0, 0, 0, -2, -3, -3, 0,
    0, 0, 0, 0, 0, 0, 0, 0,
    0, 0, 0, 0, 0, 0, 0, 0,
    0, 0, 0, 0, 0, 0, 0, 0,
    0, 0, 0, 0, 0, 0, 0, 0,
    0, 0, 0, 0, 0, 0, 0, 0,
    0, 0, 0, 0, 0, 0, 0, 0,
    0, 0, 0, 0, 0, 0, 0, 0,
    0, 0, 0, 0, 0, 0, 0, 0,
    0, 0, 0, 0, 0, 0, 0, 0,
    0, -36, 0, 0, 0, 0, -25, 0,
    -28, 0, 3, 0, 0, 0, 0, 0,
    0, 0, -5, -3, 0, 0, -3, -3,
    0, 0, -3, -3, 0, 0, 0, 0,
    0, 0, 0, 0, 0, 0, 0, 0,
    0, 0, 0, 0, 0, 0, 0, 0,
    0, 0, 0, 0, 0, 0, 0, 0,
    0, 0, 0, 0, 0, 0, 0, 0,
    0, 0, 0, 0, 0, 0, 0, 0,
    0, 0, 0, 0, 0, 0, 0, 0,
    0, 0, 0, 0, 0, 0, 0, 0,
    0, 0, 0, 0, 0, 0, 0, 0,
    0, 0, 0, 0, 0, 0, 0, 0,
    0, 0, 0, 0, 2, 0, 0, 0,
    -4, 0, 0, 0, 2, -4, 0, 0,
    0, 0, 0, 0, 0, 0, 0, 0,
    0, 0, 0, 0, 0, 0, 0, 0,
    0, 0, 0, 0, 0, 0, 0, 0,
    0, 0, 0, 0, 0, 0, 0, 0,
    0, 0, 0, 0, 0, 2, 0, 3,
    -4, 0, 0, 0, 0, 3, 0, 2,
    0, -4, 0, 0, 0, 0, 0, 0,
    0, 0, 0, 0, 0, 0, 0, 0,
    -4, -4, -4, 0, 0, 0, -4, 0,
    -4, 0, 0, -4, 0, 0, 0, 0,
    0, 0, 0, 0, 0, 0, 0, 0,
    0, 0, -3, 0, 0, 0, 0, 0,
    0, 0, 0, 0, 0, 0, 0, 0,
    0, 0, 0, 0, 0, 0, 0, 0,
    0, 0, 0, 0, 0, 0, 0, 0,
    0, 0, 0, 0, 0, 0, 0, 0,
    0, 0, 0, 0, 0, 0, 0, 0,
    0, 0, 0, 0, 0, 0, 0, 0,
    0, 0, 0, 0, 0, 0, 0, 0,
    0, 0, 0, 0, 0, 0, 0, 0,
    0, 0, 0, 0, 0, 0, 0, 0,
    0, 0, 0, 0, 0, 0, 0, 0,
    0, 0, 0, 0, 0, 0, 0, 0,
    0, 0, 0, 0, -22, 0, 0, 0,
    0, -4, 0, 0, 0, 0, 0, 0,
    0, 0, 0, 0, 0, -3, 0, 0,
    -4, 0, 0, 0, -3, -5, -8, 0,
    0, 0, 0, 0, 0, 0, 0, 0,
    0, 0, -8, 0, 0, 0, 0, 0,
    0, 0, 0, 0, 0, -10, 0, 0,
    0, 0, 0, 0, 0, 0, 0, -5,
    0, 0, 0, 0, -9, -12, 0, 0,
    -3, 0, 0, 0, 0, -10, 0, -6,
    -7, 0, 0, -13, 0, -8, 0, 0,
    -4, 0, 0, -7, 0, -7, 0, 0,
    -7, -2, 0, 0, 0, -38, 0, 0,
    0, 0, 0, 0, 0, 0, 3, -8,
    0, 0, -27, -3, -27, -12, 0, -37,
    0, 0, 0, 0, 0, 0, 0, 0,
    0, 0, -2, -16, -7, 0, 0, 0,
    0, 0, 0, 0, 0, 0, 0, 0,
    0, 0, 0, 0, 0, 0, 0, 0,
    0, 0, 0, 0, 0, 0, 0, 0,
    0, 0, 0, 0, 0, 0, 0, 0,
    0, 0, 0, 0, 0, 0, 0, 0,
    0, 0, 0, 0, 0, 0, 0, 0,
    0, 0, 0, 0, 0, 0, 0, 0,
    0, 0, 0, 0, 0, 0, 0, 0,
    -38, 0, 0, 0, 0, 0, 0, -54,
    0, 0, 0, 0, -24, 0, -24, 0,
    0, 0, 0, 0, -7, 0, -5, 0,
    -1, -2, 0, 0, -2, 0, 0, 2,
    0, 2, 0, 0, 0, 0, 0, 0,
    -39, 0, 0, 0, 0, 0, 0, 0,
    0, 0, 0, 0, 0, -14, 0, 0,
    -8, 0, 0, 0, 0, -19, 0, -32,
    0, 0, 0, 0, 0, -23, 0, -12,
    0, 0, 0, 0, 0, 0, 0, 0,
    0, 0, 0, 0, 0, 0, 0, 0,
    0, 0, 0, 0, 0, -7, 0, 0,
    0, 0, 0, 0, 0, 0, 0, 0,
    0, 0, 0, 0, 0, 0, 0, 0,
    0, 0, 0, 0, 0, 0, -4, 0,
    -4, -3, 0, -5, 0, 0, 0, 0,
    0, 0, 0, 0, 0, 0, 0, 0,
    0, 0, 0, 0, 0, 0, 0, 0,
    0, 0, 0, 0, 0, 0, 0, 0,
    0, 0, 0, 0, 0, 0, 0, 0,
    0, 0, 0, 0, 0, 0, 0, 0,
    0, 0, 0, 0, 0, 0, 0, 0,
    0, 0, 0, 0, 0, 0, 0, 0,
    0, 0, 0, 0, 0, 0, 0, 0,
    0, 0, 0, 0, 0, 0, 0, 0,
    0, 0, 0, 0, 0, 0, 0, 0,
    0, 0, 0, 0, 0, 0, 0, 0,
    0, 0, 0, 0, -7, 0, -3, 0,
    0, -6, 0, 0, 0, 0, 0, 0,
    0, 0, 0, 0, 0, 0, 0, 0,
    0, 0, 0, 0, 0, 0, 0, 0,
    0, 0, 0, 0, 0, 0, 0, 0,
    0, 0, 0, 0, 0, 0, 0, 0,
    0, 0, 0, 0, 0, 0, 0, 0,
    0, 0, 0, 0, 0, 0, 0, 0,
    0, 0, 0, 0, 0, 0, 0, 0,
    0, 0, 0, 0, 0, 0, 0, 0,
    0, 0, 0, 0, 0, 0, 0, 0,
    0, 0, 0, 0, -8, 0, 0, 0,
    0, -34, -36, 0, 0, 0, -16, -4,
    -29, -2, 2, 0, 2, 2, 0, 2,
    0, 0, -22, -12, 0, -12, -28, -9,
    -10, 0, -9, -11, -6, -10, -8, 0,
    -20, -19, -25, -11, -13, 0, 0, 0,
    -10, 0, 0, -17, 0, 0, -18, 0,
    0, -13, -18, -10, -17, -17, -18, -7,
    0, -11, 0, 2, 0, -4, -13, -19,
    -17, -17, -10, -18, 0, -17, -10, -17,
    -18, 5, -17, -17, 0, -20, -5, -17,
    -14, -10, 0, -18, -14, -20, -3, -20,
    0, -15, 0, -11, -18, 2, -15, -2,
    0, 0, 0, 0, 0, 3, 0, -29,
    -21, 0, 0, 0, -10, -2, 0, 0,
    0, 0, 0, 0, 0, 0, 0, 2,
    -6, -6, 0, 0, -6, -4, 0, 0,
    -4, -1, 0, 0, 0, 3, 0, 0,
    0, 0, 0, 0, 0, 0, 0, 0,
    0, 0, 0, 0, 0, 0, 0, 0,
    0, 0, 0, 0, 0, 0, 0, 0,
    0, 0, 0, 0, 0, 0, 0, 0,
    0, 0, 0, 0, 0, 0, 0, 0,
    0, 0, 0, 0, 0, 0, 0, 0,
    0, 0, 0, 0, 0, 0, 0, 0,
    0, 0, 0, 0, 0, 0, 0, 0,
    0, 0, 0, 2, 0, -19, -8, 0,
    0, 0, -6, 0, 0, 0, 2, 0,
    0, 0, 0, 0, 0, 2, -4, -4,
    0, 0, -4, -3, 0, 0, -3, 0,
    0, 0, 0, 2, 0, 0, 0, 0,
    0, 0, 0, 0, 0, 0, 0, 0,
    0, 0, 0, 0, 0, 0, 0, 0,
    0, 0, 0, 0, 0, 0, 0, 0,
    0, 0, 0, 0, 0, 0, 0, 0,
    0, 0, 0, 0, 0, 0, 0, 0,
    0, 0, 0, 0, 0, 0, 0, 0,
    0, 0, 0, 0, 0, 0, 0, 0,
    0, 0, 0, 0, 0, 0, 0, 0,
    0, 0, 0, 0, -21, 0, 0, 0,
    0, -3, 0, 0, 0, 0, 2, 0,
    0, 0, 0, 0, 0, -3, 0, 0,
    -3, 0, 0, 0, -3, -4, 0, 0,
    0, 0, 0, 0, 0, 0, 0, 0,
    0, 0, -6, 0, 0, 0, 0, -3,
    0, 2, 0, 0, 0, -4, -3, -4,
    -2, 2, 0, 2, 0, 0, 0, -3,
    0, 0, 0, 2, -5, -6, 0, 0,
    0, 0, 0, 0, 0, 0, 0, 0,
    0, 0, 0, -5, 0, -6, -6, -8,
    -3, 0, 2, 0, 2, 0, 0, 0,
    -6, -2, 0, 0, 0, 0, -4, 3,
    -7, -31, -20, 0, 0, 0, -20, -4,
    -13, -2, 2, -13, 2, 2, 2, 2,
    0, 2, -8, -9, -3, -5, -9, -5,
    -8, -3, -5, -3, 0, -3, -4, 3,
    -11, -7, -13, -8, -8, 0, 0, 0,
    -6, 0, -3, -8, 2, -3, -6, 0,
    0, -3, -9, -3, -7, -5, -8, 0,
    0, 0, 0, 0, 0, 0, 0, 0,
    0, 0, 0, 0, 0, 0, -5, 0,
    0, 0, 0, 0, 0, 0, 0, 0,
    0, 0, 0, 0, 0, 0, 0, 0,
    0, 0, 0, 0, 0, 0, 0, 0,
    0, -6, 0, 0, 0, 0, 0, 0,
    0, 0, 0, 0, 2, -3, 0, 0,
    0, 0, 0, 0, 0, 0, 0, 0,
    0, -3, 0, 0, -3, 0, 0, 0,
    -3, -4, -4, 0, 0, 0, 0, 0,
    0, 0, 0, 0, 0, 0, -7, 0,
    0, 0, 0, 0, 0, 0, 0, 0,
    0, 0, 0, -4, 0, 0, 0, 0,
    0, 0, 0, 0, 0, 0, 0, 0,
    0, 0, 0, 0, 0, 0, 0, 0,
    0, 0, 0, 0, 0, 0, 0, 0,
    0, 0, 0, 0, 0, 0, 0, 0,
    0, 0, 0, 0, 0, 0, 0, 0,
    0, 0, 0, 0, 0, 0, 0, 0,
    0, 0, 0, 0, -2, 0, 0, -2,
    0, 0, 0, 0, 0, 0, 0, 0,
    0, 0, 0, 0, 0, 0, 0, 0,
    0, 0, 0, 0, 0, 0, 0, 0,
    0, 0, 0, 0, 0, 0, 0, 0,
    0, 0, 0, 0, 0, 0, 0, 0,
    0, 0, 0, 0, 0, 0, 0, 0,
    0, 0, 0, 0, 0, 0, 0, 0,
    0, 0, 0, 0, 0, 0, 0, 0,
    0, 0, 0, 0, 0, 0, 0, 0,
    0, 0, 0, 0, 0, 0, 0, 0,
    0, 0, 0, 0, 0, 0, 0, -2,
    0, 0, 0, 0, 0, 0, 0, 0,
    0, 0, 0, 0, 0, 0, 0, 0,
    0, 0, 0, 0, 0, 0, 0, 0,
    0, 0, 0, 0, 0, -2, 0, 0,
    0, 0, 0, 0, 0, 0, 0, 0,
    0, 0, 0, 0, 0, 0, 0, 0,
    0, 0, 0, 0, 0, 0, 0, 0,
    0, 0, 0, 0, 0, 0, 0, 0,
    0, 0, 0, 0, -2, 0, 0, 0,
    -2, 0, 0, 0, 0, -2, 0, 0,
    -2, 0, 0, -2, 0, 0, 0, 0,
    0, 0, 0, -2, 0, -2, 0, 0,
    -2, 0, -2, 0, 0, -4, 0, 0,
    0, 0, 0, 0, 0, 0, 0, 0,
    0, 0, 0, 0, 0, 0, 0, 0,
    0, 0, 0, 0, 0, 0, 0, 0,
    0, 0, 0, -1, 0, -2, -2, 0,
    0, 0, 0, 0, 0, 0, 0, 0,
    0, 0, 0, 0, 0, 0, 0, 0,
    0, 0, 0, -3, 0, 0, 0, 0,
    0, 0, 0, 0, 0, 0, 0, -2,
    0, -2, -6, 0, 0, 0, -3, 0,
    0, 0, 0, 0, 0, 0, 0, 0,
    0, -3, 0, 0, 0, 0, 0, 0,
    0, 0, 0, 0, 0, 0, -3, 0,
    -4, 0, 0, -1, 0, 0, 0, 0,
    0, 0, 0, 0, 0, 0, 0, 0,
    0, 0, 0, 0, 0, 0, 0, 0,
    0, 0, 0, 0, 0, 0, 0, 0,
    0, 0, 0, 0, 0, 0, 0, 0,
    0, 0, 0, 0, 0, 0, 0, 0,
    0, 0, 0, 0, 0, 0, 0, 0,
    0, 0, 0, 0, 0, 0, 0, 0,
    0, 0, 0, 0, 0, 0, 0, 0,
    0, 0, 0, 0, 0, 0, 0, 0,
    0, 0, 0, 0, 0, 0, 0, 0,
    0, 0, 0, 0, 0, 0, 0, 0,
    0, 0, 0, 0, 0, 0, -1, 0,
    0, -2, 0, 0, 0, 0, 0, 0,
    0, 0, 0, 0, 0, 0, 0, 0,
    0, 0, 0, 0, 0, 0, 0, 0,
    0, 0, 0, 0, 0, 0, 0, -2,
    0, 0, 0, 0, 0, 0, 0, 0,
    0, 0, 0, 0, 0, 0, 0, 0,
    0, 0, 0, 0, 0, 0, 0, 0,
    0, 0, 0, 0, 0, 0, 0, 0,
    0, 0, 0, 0, 0, 0, -1, 0,
    0, 0, 0, 0, 0, 0, 0, 0,
    0, 0, 0, 0, 0, 0, 0, 0,
    0, 0, 0, 0, 0, 0, 0, 0,
    0, 0, 0, 0, -8, 0, 0, 2,
    0, 3, 0, 0, 0, 0, 0, 0,
    0, 0, 0, 0, 0, 0, 0, 0,
    0, 0, 0, 2, 0, -3, 0, 0,
    0, 0, 0, 0, 0, 0, 0, 0,
    0, 3, 0, 0, 0, 0, 0, 0,
    0, 0, 0, 0, 0, 0, 0, 0,
    0, 0, 0, 0, 0, 0, 0, 0,
    0, 0, 0, 0, 0, 0, 0, 0,
    0, 0, 0, 0, 0, 0, 0, 0,
    0, 0, 0, 0, 0, 0, 0, 0,
    0, 0, 0, 0, 0, 0, 0, 0,
    0, 0, 0, 0, 0, 0, 0, 0,
    0, 0, 2, 0, 0, -11, 0, 0,
    0, 0, 0, 0, 0, 0, 0, 0,
    0, 0, 0, 0, 0, 0, 0, 0,
    0, 0, 0, 0, 0, 0, 0, 0,
    0, 0, 0, 0, 0, 0, 0, 0,
    0, 0, 0, 0, 0, 0, 0, 0,
    0, 0, 0, 0, 0, 0, 0, 0,
    0, 0, 0, 0, 0, 0, 0, 0,
    0, 0, 0, 0, 0, 0, 0, 0,
    0, 0, -6, 0, 0, 0, 0, 0,
    0, 0, 0, 0, 0, 0, 0, 0,
    0, 0, 0, 0, 0, 0, 0, 0,
    0, 0, 0, 0, 0, 0, 0, 0,
    -14, 0, 0, 0, 0, 0, 0, 0,
    0, 0, 0, 0, 0, 0, 0, 0,
    0, 0, 0, 0, 0, 0, 0, 0,
    0, -3, 0, 0, 0, 0, 0, 0,
    0, 0, 0, 0, 0, 0, 0, 0,
    0, 0, 0, 0, 0, 0, 0, 0,
    0, 0, 0, 0, 0, 0, 0, 0,
    0, 0, 0, 0, 0, 0, 0, 0,
    0, 0, 0, 0, 0, 0, 0, 0,
    0, 0, 0, 0, 0, 0, 0, 0,
    0, 0, 0, 0, 0, 0, 0, 0,
    0, 0, 0, 0, 0, 0, 0, 0,
    0, 0, 0, 0, 0, 0, 0, 0,
    0, -11, 0, 0, 0, 0, 0, 0,
    0, 0, 0, 0, 0, 0, 0, 0,
    0, 0, 0, 0, 0, 0, 0, 0,
    0, 0, 0, 0, 0, 0, 0, 0,
    0, 0, 0, 0, 0, 0, 0, 0,
    0, 0, 0, 0, 0, 0, 0, 0,
    0, 0, 0, 0, 0, 0, 0, 0,
    0, 0, 0, 0, 0, 0, 0, 0,
    0, 0, 0, 0, 0, 0, -6, 0,
    0, 0, 0, 0, 0, 0, 0, 0,
    0, 0, 0, 0, 0, 0, 0, 0,
    0, 0, 0, 0, 0, 0, 0, 0,
    0, 0, 0, 0, -16, 0, 0, -12,
    0, 0, 0, 0, 0, 0, 0, 0,
    0, 0, 0, 0, 0, 0, 0, 0,
    0, 0, 0, 0, 0, 0, 0, 0,
    0, 0, 0, 0, 0, -2, 0, -3,
    -2, 0, 0, 0, 0, 0, 0, 0,
    0, 0, 0, 0, 0, 0, 0, 0,
    0, 0, 0, 0, 0, -3, 0, 0,
    0, 0, 0, 0, 0, 0, 0, 0,
    0, -10, 0, -2, -4, 0, 0, 0,
    0, 0, 0, 0, 0, -2, 0, 0,
    -2, 0, 0, -3, 0, 0, 0, 0,
    0, 0, 0, -1, 0, 0, 0, 0,
    -3, 0, -15, 0, 0, 2, 0, 0,
    0, -23, 0, 0, 0, 0, 0, 0,
    0, 0, 0, 0, 0, 0, 0, 0,
    0, 0, -4, -3, 3, 0, -5, 0,
    0, 7, 0, 2, 2, 0, 0, 0,
    0, 0, 0, 0, 0, 0, 0, 0,
    0, 0, 0, 0, 0, 0, 0, 0,
    0, 0, 0, 0, 0, 0, 0, 0,
    0, 0, 0, 0, 0, 0, 0, 0,
    0, 0, 0, 0, 0, 0, 0, 0,
    0, 0, 0, 0, 0, 0, 0, 0,
    0, 0, 0, 0, 0, 0, 0, 0,
    0, 0, 0, 0, 0, 0, 0, 0,
    2, 0, 0, 0, 0, 0, 0, 0,
    0, 0, 0, 0, 0, 0, 0, 0,
    0, 0, 0, 0, 0, 0, 0, 0,
    0, 0, 0, 0, -4, 0, 0, 0,
    0, 0, 0, 0, 0, 0, 0, 0,
    0, 0, 0, 0, 0, 0, 0, 0,
    0, 0, 0, 0, 0, 0, 0, 0,
    0, 0, 0, 0, 0, 0, 0, 0,
    0, 0, 0, 0, 0, 0, 0, 0,
    0, 0, 0, 0, 0, 0, 0, 0,
    0, 0, 0, 0, 0, 0, 0, 0,
    0, 0, 0, 0, 0, 0, 0, 0,
    0, 0, 0, 0, 0, 0, 3, 0,
    0, 2, 0, 0, 0, -22, 0, 0,
    0, 0, 0, 0, 0, 0, 0, 0,
    0, 0, 0, 0, 0, 0, -2, -2,
    2, 0, -2, 0, 0, 0, 0, 0,
    0, 0, 0, 0, 0, 0, 0, 0,
    0, 0, 0, 0, 0, 0, 0, 0,
    0, 0, 0, 0, 0, 1, -3, 2,
    0, 0, 0, 0, 0, 0, 0, 0,
    0, 0, 0, -7, 0, -5, 0, 0,
    0, 0, 0, 0, 0, 0, 0, 0,
    0, -2, 0, 0, 0, 0, 0, 0,
    0, 0, 0, 0, 0, 0, 0, 0,
    0, 0, 0, 0, 2, 0, 0, 0,
    0, 0, 0, -16, 0, 0, 0, 0,
    0, 0, 0, 0, 0, 0, 0, 0,
    0, 0, 0, 0, 0, 0, 0, 0,
    0, 0, 0, 0, 0, 0, 0, 0,
    0, 0, 0, 0, 0, 0, 0, 0,
    0, 0, 0, 0, 0, 0, 0, 0,
    0, 0, 0, 0, 0, 0, 0, 0,
    0, 0, 0, 0, 0, 0, 0, 0,
    0, 0, 0, 0, 0, 0, 0, 0,
    0, 0, 0, 0, 0, 0, 0, 0,
    0, 0, 0, 0, 0, 0, 0, 0,
    0, 0, 0, 0, 0, 0, 0, 0,
    0, 0, 0, 0, 0, 0, 0, 0,
    0, 0, 0, 0, 0, 0, 0, 0,
    0, 0, 0, 0, 0, 0, 0, 0,
    0, 0, 0, -3, 0, 0, -5, 0,
    0, 0, 0, 0, 0, 0, 0, 0,
    0, 0, 0, 0, 0, 0, 0, 0,
    0, 0, 0, 0, 0, 0, 0, 0,
    0, 0, 0, 0, 0, 0, 0, 0,
    0, 0, 0, 0, 0, 0, 0, 0,
    0, 0, 0, 0, 0, 0, 0, 0,
    0, 0, 0, 0, 0, -2, 0, 0,
    0, 0, 0, 0, 0, 0, 0, 0,
    0, 0, 0, 0, 0, 0, 0, 0,
    0, 0, 0, 0, 0, 0, 0, 0,
    0, 0, 0, 0, 0, 0, 0, 0,
    0, 0, 0, 0, 0, 0, 0, 0,
    0, -2, 0, 0, -2, 0, 0, 0,
    0, 0, 0, 0, 0, 0, 0, 0,
    0, 0, 0, 0, 0, 0, 0, 0,
    0, 0, 0, 0, 0, 0, 0, 0,
    0, 0, 0, 0, 0, 0, 0, 0,
    0, 0, 0, 0, 0, 0, 0, 0,
    0, 0, 0, 0, 0, 0, 0, 0,
    0, 0, 0, 0, 0, 0, 0, 0,
    0, 0, 0, 0, 0, 0, 0, 0,
    0, 0, 0, 0, 0, 0, 0, 0,
    0, 0, 0, 0, 0, 0, 0, 0,
    0, 0, 0, 0, -3, 0, 0, -3,
    0, 0, 0, 0, 0, 0, 0, 0,
    0, 0, 0, 0, 0, 0, 0, 0,
    0, 0, 0, 0, 0, 0, 0, 0,
    0, 0, 0, 0, 0, 0, 0, 0,
    0, 0, 0, 0, 0, 0, 0, 0,
    0, 0, 0, 0, 0, 0, 0, 0,
    0, 0, 0, 0, 0, 0, 0, 0,
    0, 0, 0, 0, 0, 0, 0, 0,
    0, 0, 0, 0, 0, 0, 0, 0,
    0, 0, 0, 0, 0, 0, 0, 0,
    0, 0, 0, 0, 0, 0, 0, -2,
    0, 0, 0, 0, 0, 0, 0, 0,
    0, 0, 0, 0, 0, 0, 0, 0,
    0, 0, 0, 0, 0, 0, 0, 0,
    0, 0, 0, 0, 0, -2, 0, 0,
    0, 0, 0, 0, 0, 0, 0, 0,
    0, 0, 0, 0, 0, 0, 0, 0,
    0, 0, 0, 0, 0, 0, 0, 0,
    0, 0, 0, 0, 0, 0, 0, 0,
    0, 0, 0, 0, -1, 0, 0, 0,
    0, 0, 0, 0, 0, 0, 0, 0,
    0, 0, 0, 0, 0, 0, 0, 0,
    0, 0, 0, 0, 0, 0, 0, 0,
    0, 0, -2, 0, 0, 0, 0, 0,
    0, -61, -64, 0, 0, 0, -27, -9,
    0, -6, 1, 0, 1, 1, 0, 1,
    0, 0, -21, -23, 0, -23, -20, -17,
    -20, 0, -17, -21, -13, -20, -16, 0,
    -36, -36, -45, -22, -24, 0, 0, 0,
    -19, 0, 0, -32, 0, 0, -33, 0,
    0, -25, -33, -20, -32, -32, -32, -15,
    0, -21, 0, 1, 0, -9, -24, -34,
    -31, -32, -20, -32, 0, -32, -20, -31,
    -33, 6, -32, -32, 0, -37, -11, -31,
    -26, -20, 0, -32, -26, -36, -8, -36,
    0, -27, 0, -21, -33, 1, -28, -6,
    0, 0, 0, 0, 0, 0, 0, 0,
    0, 0, 0, 0, 0, -2, 0, 0,
    0, 0, 0, 0, 0, 0, 0, 0,
    0, 0, 0, 0, 0, 0, 0, 0,
    0, 0, 0, 0, 0, 0, 0, 0,
    0, 0, 0, 0, 0, 0, 0, 0,
    0, 0, 0, 0, 0, 2, 0, 0,
    0, 0, 0, 0, 0, 0, 0, 0,
    0, 0, 0, 0, 0, 0, 0, 0,
    0, 0, 0, 0, 0, 0, 0, 0,
    0, 0, 0, 0, 0, 0, 0, 0,
    0, 0, 0, 0, 0, 0, 0, 0,
    0, 0, 0, 0, 0, 0, 0, 0,
    0, 0, 0, 0, 0, 0, 0, 0,
    0, 0, 0, -3, 0, 0, 0, 0,
    0, 0, 0, 0, 0, 0, 0, 0,
    0, 0, 0, 0, 0, 0, 0, 0,
    0, 0, 0, 0, 0, 0, 0, 0,
    0, 0, 0, 0, -8, 0, 0, 0,
    0, 0, 0, 2, 0, 0, 0, 0,
    0, 0, 0, 0, 0, 0, 0, 0,
    0, 0, 0, 0, 0, 0, 0, 0,
    0, 0, 0, 0, 0, 0, 0, 0,
    0, 0, 0, 0, 0, 0, 0, 0,
    0, 0, 0, 0, 0, 0, 0, 0,
    0, 0, 0, 0, 0, 0, 0, 0,
    0, 0, 0, 0, 0, 0, 0, 0,
    -4, 0, 0, 0, 0, 0, 0, 0,
    -6, -6, 0, 0, 0, 0, 0, 0,
    0, 0, 0, 0, 0, 0, 0, 0,
    0, 0, 0, 0, 0, 0, 0, 0,
    0, 0, 0, 0, 0, 0, 0, 0,
    0, -4, 0, 0, 0, 0, 0, 0,
    0, 0, 0, 0, 0, 0, 0, 0,
    0, 0, 0, 0, 0, 0, 0, 0,
    0, 0, 0, 0, 0, 0, 0, 0,
    0, 0, 0, 0, 0, 0, 0, 0,
    0, 0, 0, 0, 0, 0, 0, 0,
    0, 0, 0, 0, 0, 0, 0, 0,
    0, -25, 0, 0, 0, 0, -7, 0,
    0, 0, 0, 0, 0, 0, 0, 0,
    0, 0, 0, 0, 0, 0, 0, 0,
    0, 0, 0, 0, 0, 0, 0, 0,
    0, 0, 0, 0, 0, 0, 0, 0,
    0, 0, 0, 0, 0, 0, 0, 0,
    0, 0, -2, 0, 0, 0, 0, 0,
    0, 0, 0, 0, 0, 0, 0, 0,
    0, 0, 0, 0, 0, 0, 0, 0,
    0, 0, 0, 0, 0, 0, 0, 0,
    0, 0, 0, 0, 0, 0, 0, 0,
    0, 0, 0, 0, 0, 0, 0, 0,
    0, 0, 0, 0, 0, 0, 0, 0,
    0, 0, 0, 0, 0, 0, 0, 0,
    0, 0, 0, 0, 0, 0, 0, 0,
    0, 0, 0, 0, 0, 0, 0, 0,
    0, 0, 0, 0, 0, 0, 0, 0,
    0, 0, 0, 0, 0, 0, 0, 0,
    0, 0, 0, 0, 0, 2, 0, 0,
    0, 0, 0, 0, 0, 0, 0, 0,
    0, 0, 0, 0, 0, 0, 0, 0,
    0, 0, 0, 0, 0, 0, 0, 0,
    0, 0, 0, 0, 0, 0, 0, 0,
    0, 0, 0, 0, 0, 0, 0, 0,
    0, 0, 0, 0, 0, 0, 0, 0,
    0, 0, 0, 0, 0, 0, 0, 0,
    0, 0, 0, 0, 0, 0, 0, 0,
    0, 0, 0, 0, 0, 0, 0, -5,
    0, -8, -6, 0, 0, 0, -5, -4,
    0, 0, 0, 0, 0, 0, 0, 0,
    0, 0, 0, 0, 0, 0, 0, -3,
    0, -3, -3, 0, -2, -3, 0, -4,
    -7, -6, -5, 0, 0, 0, 0, 0,
    0, 0, 0, 0, 0, 0, 0, 0,
    0, 0, -8, 0, 0, 0, 0, 0,
    0, 0, 0, 0, 0, 0, 0, 0,
    0, 0, 0, 0, 0, 0, 0, 0,
    0, 0, 0, 0, 0, 0, 0, -5,
    0, 0, 0, 0, 0, 0, 0, 0,
    0, 0, 0, 0, 0, 0, 0, 0,
    0, 0, 0, 0, 0, -2, 0, 0,
    0, 0, 0, 0, -2, -5, 0, 0,
    0, 0, 0, 0, 0, 0, 0, 0,
    0, 0, 0, 0, 0, 0, 0, -3,
    0, 2, 0, -3, 0, -7, -3, 0,
    0, 0, 0, 0, 0, 0, 0, 0,
    0, 0, 0, 0, 0, 0, 0, 0,
    0, 0, 0, 0, 0, 0, 0, 0,
    0, 0, 0, 0, 0, 0, 0, 0,
    0, 0, 0, 0, 0, 0, 0, 0,
    0, 0, -5, 0, 0, 0, 0, 0,
    0, 2, 0, 0, 0, 0, 0, 0,
    0, 0, 0, 0, 0, 0, 0, 0,
    0, 0, 0, -3, 0, 0, 0, 0,
    0, 0, 0, 0, 0, 0, 0, 0,
    0, 0, 0, 0, 0, 0, 0, 0,
    0, 0, 0, 0, 0, 0, 0, 2,
    0, 0, 0, 0, 0, 0, 0, 0,
    0, 0, 0, 0, 0, 0, 0, 0,
    0, 0, 0, 0, 0, 0, 0, 0,
    0, 0, 0, 0, 0, 0, 0, 0,
    0, 0, 0, 0, 0, 0, 0, 0,
    0, 0, 0, 0, 0, 0, 0, 0,
    0, 0, 0, -4, 0, 0, 0, 0,
    0, 0, 0, 0, 0, 0, 0, 0,
    0, 0, 0, 0, 0, 0, 0, 0,
    0, 0, 0, 0, 0, 0, 0, 0,
    0, -1, 0, -2, -2, 0, 0, 0,
    0, 0, 0, 0, 0, 0, 0, 0,
    0, 0, 0, 0, 0, 0, 0, 0,
    0, -3, 0, 0, 0, 0, 0, 0,
    0, 0, 0, 0, 0, -2, 0, -2,
    -6, 0, 0, 0, -3, 0, 0, 0,
    0, 0, 0, 0, 0, 0, 0, -3,
    0, 0, 0, 0, 0, 0, 0, 0,
    0, 0, 0, 0, -3, 0, -4, 0,
    0, 0, 0, 0, 0, 0, 0, 0,
    0, 0, 0, 0, 0, 0, 0, 0,
    0, 0, 0, 0, 0, 0, 0, 0,
    0, 0, 0, 0, 0, 0, 0, 0,
    0, 0, 0, 0, 0, 0, 0, 0,
    0, 0, 0, 0, 0, 0, 0, 0,
    0, 0, 0, 0, 0, 0, 0, 0,
    0, 0, 0, 0, 0, 0, 0, 0,
    0, 0, 0, 0, 0, 0, -8, 0,
    0, 0, 0, 0, 0, 0, 0, 0,
    0, 0, 0, 0, 0, 0, 0, 0,
    0, 0, 0, 0, 0, 0, 0, 0,
    0, 0, 0, 0, 0, 0, 0, 0,
    0, 0, 0, 0, 0, 0, 0, 0,
    0, 0, 0, 0, 0, 0, 0, 0,
    0, 0, 0, 0, 0, 0, 0, 0,
    0, 0, 0, 0, 0, 0, 0, 0,
    0, 0, 0, 0, 0, 0, 0, 0,
    0, 0, 0, 0, 0, 0, 0, 0,
    0, 0, 0, 0, 0, 4, 0, 0,
    0, 0, 0, 0, 0, 0, 0, 0,
    0, 0, 0, 0, 0, 0, 0, 0,
    0, 0, 0, 0, 0, 0, 0, 0,
    0, 0, 0, 0, 0, 0, 0, 0,
    0, 0, 0, 0, 0, 0, 0, 0,
    0, 0, 0, 0, 0, 2, 0, 0,
    0, 0, 0, 0, 0, 0, 0, 0,
    0, 0, 0, 0, 0, 0, 0, 0,
    0, 0, 0, -3, 2, 0, -3, 0,
    0, 0, 0, 1, 0, 0, 0, 0,
    0, 0, 0, 0, 0, 0, 0, 0,
    0, 0, 0, 0, 0, 0, 0, -15,
    0, 1, 0, 2, 0, 0, 0, 0,
    0, 0, 0, 0, 0, 0, 0, 0,
    0, 0, 0, 0, 0, 0, 0, 0,
    0, 0, 0, 0, 0, 0, 0, 0,
    0, 0, 0, 0, 0, 0, 0, 0,
    0, 0, 0, 0, 0, 0, 0, 0,
    2, 0, 0, 0, 0, 0, 0, 0,
    0, 0, 0, 0, 0, 0, 0, 0,
    0, 0, 0, 0, 0, 0, 0, 0,
    0, 0, 0, 0, 0, 0, 0, 0,
    0, 0, 0, 0, 0, 0, 0, 0,
    0, 0, 0, 0, 0, 0, 0, 0,
    0, 0, 0, 0, 0, 0, 0, 0,
    0, 0, 0, 0, 0, 0, 0, 0,
    0, 0, 0, 0, 0, 0, 0, 0,
    -4, 0, 0, 0, 0, 0, 0, 0,
    0, 0, 0, 0, 0, 0, 0, 0,
    0, 0, 0, 0, 0, 0, 0, 0,
    0, 0, 0, 0, 0, 0, 0, 0,
    0, 0, 0, 0, 0, 0, 0, 0,
    0, 0, 0, 0, 0, 0, 0, 0,
    0, 0, 0, 0, 0, 0, 0, 0,
    0, 0, 0, 0, 0, 0, 0, 0,
    0, -3, -3, 0, 0, 0, 0, 0,
    0, 0, 0, 0, 0, 0, 0, 0,
    0, 0, 0, 0, 0, 0, 0, 0,
    0, 0, 0, 0, 0, 0, 0, 0,
    0, 0, 0, 0, 0, 0, -8, 0,
    0, 0, 0, 0, 0, 0, 0, 0,
    0, 0, 0, 0, 0, 0, 0, 0,
    0, 0, 0, 0, 0, 0, 0, 0,
    0, 0, 0, 0, 0, 0, 0, 0,
    0, 0, 0, 0, 0, 0, 0, 0,
    0, 0, 0, 0, 0, 0, 0, 0,
    0, 0, 0, 0, 0, 0, 0, 0,
    0, 0, 0, 0, 0, 0, 0, -2,
    -2, 0, 0, 0, 0, 0, 0, 0,
    0, 0, 0, 0, 0, 0, 0, 0,
    0, 0, 0, 0, 0, 0, 0, 0,
    0, 0, 0, 0, 0, 0, 0, 0,
    0, 0, 0, 0, 0, 0, 0, 0,
    0, 0, 0, 0, 0, 0, 0, 0,
    0, 0, 0, 0, 0, 0, 0, 0,
    0, 0, 0, 0, 0, 0, 0, 0,
    0, 0, 0, 0, 0, 0, 0, 0,
    0, 0, 0, 0, 0, 0, 0, 0,
    0, 0, 0, 0, 0, 0, 0, 0,
    0, 0, 0, 0, 0, 0, 0, 0,
    0, 0, 0, -2, 0, -2, -2, 0,
    0, 0, 0, 0, 0, 0, 0, 0,
    0, 0, 0, 0, 0, 0, 0, 0,
    0, 0, 0, 0, 0, 0, 0, 0,
    0, 0, 0, 0, 0, 0, 0, 0,
    0, 0, 0, 0, 0, 0, 0, 0,
    0, 0, 0, 0, 0, 0, 0, 0,
    0, 0, 0, 0, 0, 0, 0, 0,
    0, 0, 0, 0, 0, 0, 0, 0,
    0, 0, 0, -7, 0, 0, 0, 0,
    0, 0, 0, 0, 0, 0, 0, 0,
    -6, 0, -6, 0, -2, -6, 0, 0,
    0, 0, 0, 0, 0, 0, 0, 0,
    0, -3, 0, -2, 0, 0, 0, 0,
    0, 0, 0, 0, 0, 0, 0, 0,
    0, 0, 0, 0, 0, 0, 0, 0,
    0, 0, 0, 0, 0, 0, -3, 0,
    -4, -6, 0, 0, 0, 0, 0, 0,
    -7, 0, 0, 0, -6, 0, 0, 0,
    0, -4, 0, 0, -4, 0, 0, -8,
    -4, 0, 0, 0, 0, 0, -6, -1,
    -3, 0, 0, -21, -7, 0, -7, 0,
    0, -8, 0, 0, 0, 0, 0, 0,
    0, 0, 0, 0, 0, 0, -13, 0,
    -8, 0, -2, -11, 0, 0, 0, 0,
    0, -6, 0, 0, 0, 0, 0, 0,
    0, -7, 0, 0, 0, 0, 0, 0,
    0, 0, 0, 0, 0, 0, 0, 0,
    0, 0, 0, 0, 0, 0, 0, 0,
    0, 0, 0, -1, -3, 0, -4, -8,
    0, 0, 0, 0, 0, 0, -7, 0,
    0, 0, -6, 0, 0, 0, 0, 0,
    0, 0, 0, 0, 0, -7, -4, 0,
    -4, 0, 0, 0, -7, 0, -3, 0,
    0, -13, -7, 0, -8, 0, 0, -10,
    0, 0, 0, 0, 0, 0, 0, 0,
    0, 0, 0, 0, -13, 0, -8, 0,
    -2, -12, 0, 0, 0, 0, 0, -7,
    0, 0, 0, 0, 0, 0, 0, -2,
    0, 0, 0, 0, 0, 0, 0, 0,
    0, 0, 0, 0, 0, 0, 0, 0,
    0, 0, 0, 0, 0, 0, 0, 0,
    0, 0, -3, 0, -4, -8, 0, 0,
    0, 0, 0, 0, -8, 0, 0, 0,
    -7, 0, 0, 0, 0, 0, 0, 0,
    0, 0, 0, -8, -4, 0, -4, 0,
    0, 0, -7, 0, -3, 0, 0, -13,
    -8, 0, -10, 0, 0, 0, 0, 0,
    0, 0, 0, 0, 0, 0, 0, 0,
    0, 0, -9, 0, 0, 0, 0, 0,
    0, 0, 0, 0, 0, -4, 0, 0,
    0, 0, 0, -2, 0, 0, 0, 0,
    0, 0, 0, 0, 0, 0, 0, 0,
    0, 0, 0, 0, 0, 0, 0, 0,
    0, 0, 0, 0, 0, 0, 0, 0,
    0, 0, 0, -7, 0, 0, 0, 0,
    0, 0, -4, 0, 0, 0, -4, 0,
    0, 0, 0, -3, 0, 0, -3, 0,
    0, -4, 0, 0, -3, 0, 0, 0,
    0, -1, 0, 0, 0, 0, -4, 0,
    0, 0, 0, 0, 0, 0, 0, -52,
    -26, 0, 0, 0, -12, -3, 0, 0,
    2, 0, 0, 0, 0, 2, 0, 0,
    -11, -9, 0, -11, -9, 0, -6, 0,
    0, 0, 0, 0, 0, 0, 0, 0,
    0, 0, 0, 0, 0, 0, 0, 0,
    0, 0, 0, 0, 0, 0, 0, 0,
    0, 0, 0, 0, 0, -7, 0, -11,
    0, 2, 0, 0, -4, -11, -6, -9,
    0, -3, 0, -4, -11, 0, -6, 0,
    -4, 0, 0, -7, 0, -5, -4, 0,
    0, -3, 0, -5, 0, -9, 0, 0,
    0, 0, -4, 2, 0, 0, 0, 0,
    0, 0, 0, 0, 0, 0, 0, 0,
    0, 0, 0, 0, 0, 0, -3, 0,
    -3, 0, -2, -3, 0, 0, 0, 0,
    0, -6, 0, 0, 0, 0, 0, 0,
    0, -2, 0, 0, 0, 0, 0, 0,
    0, 0, 0, 0, 0, 0, 0, 0,
    0, 0, 0, 0, 0, 0, 0, 0,
    0, 0, 0, 0, -2, 0, -3, -3,
    0, 0, 0, 0, 0, 0, -6, 0,
    0, 0, -6, 0, 0, 0, 0, 0,
    0, 0, 0, 0, 0, -7, -3, 0,
    0, 0, 0, 0, -3, 0, -3, 0,
    0, -3, -6, 0, 0, 0, 0, 0,
    0, 0, 0, 0, 0, 0, 0, 0,
    2, -3, 0, 0, -4, 0, -4, 0,
    0, -4, 0, 0, 0, 0, 0, 0,
    0, 0, 0, 0, 0, 0, 0, 0,
    0, 0, 0, 0, 0, 0, 0, 0,
    0, 0, 0, 0, 0, 0, 0, 0,
    0, 0, 0, 0, 0, 0, 0, 0,
    0, 2, 0, 3, -4, -4, 0, 0,
    0, 3, 0, 2, 0, -4, 0, 0,
    0, 0, 0, 0, 0, 0, 0, 0,
    0, 0, 0, 0, -4, -4, 0, -4,
    -3, 0, -4, 0, -5, 0, 0, -4,
    0, -2, 0, 0, 0, 0, 0, 0,
    0, 0, 0, 0, -2, 0, 0, 0,
    0, 0, -2, 0, -2, 0, -2, -2,
    0, 0, 0, 0, 0, 0, 0, 0,
    0, 0, 0, 0, 0, 0, 0, 0,
    0, 0, 0, 0, 0, 0, 0, 0,
    0, 0, 0, 0, 0, 0, 0, 0,
    0, 0, 0, 0, 0, 0, 0, -1,
    -2, 0, 0, -2, 0, 0, 0, 0,
    0, 0, 0, 0, 0, 0, 0, 0,
    0, 0, 0, 0, 0, 0, 0, 0,
    0, 0, 0, 0, 0, 0, 0, 0,
    -2, 0, -2, 0, 0, -2, 0, 0,
    0, 0, 0, 0, 0, 0, 0, 0,
    0, 0, 0, 0, 2, 0, 0, 0,
    -3, 0, -3, 0, 2, -3, 0, 0,
    0, 0, 0, 0, 0, 0, 0, 0,
    0, 0, 0, 0, 0, 0, 0, 0,
    0, 0, 0, 0, 0, 0, 0, 0,
    0, 0, 0, 0, 0, 0, 0, 0,
    0, 0, 0, 0, 0, 2, 1, 3,
    -4, -3, -2, 0, 0, 2, 0, 2,
    -3, -3, 0, 0, -3, 0, 0, 0,
    0, 0, 0, 0, 0, 0, 0, -3,
    -4, -3, -4, 0, 0, 0, -3, 0,
    -3, 0, 0, -3, -3, 0, 0, 0,
    0, -9, 0, 0, 0, 0, 0, 0,
    0, 0, 0, 0, 0, 0, -13, 0,
    -7, 0, 0, -11, 0, 0, 0, 0,
    0, 0, 0, 0, 0, 0, 0, 0,
    0, -7, 0, 0, 0, 0, 0, 0,
    0, 0, 0, 0, 0, 0, 0, 0,
    0, 0, 0, 0, 0, 0, 0, 0,
    0, 0, 0, 0, -3, 0, -3, -8,
    0, 0, 0, 0, 0, 0, -7, 0,
    0, 0, -6, 0, 0, 0, 0, 0,
    0, 0, 0, 0, 0, -7, -3, 0,
    -4, 0, 0, 0, -6, 0, -3, 0,
    0, -13, -7, 0, -9, 0, 0, -8,
    0, 0, 0, 0, 0, 0, 0, 0,
    0, 0, 0, 0, -13, 0, -7, 0,
    0, -11, 0, 0, 0, 0, 0, 0,
    0, 0, 0, 0, 0, 0, 0, -7,
    0, 0, 0, 0, 0, 0, 0, 0,
    0, 0, 0, 0, 0, 0, 0, 0,
    0, 0, 0, 0, 0, 0, 0, 0,
    0, 0, -3, 0, -3, -8, 0, 0,
    0, 0, 0, 0, -7, 0, 0, 0,
    -6, 0, 0, 0, 0, 0, 0, 0,
    0, 0, 0, -7, -3, 0, -4, 0,
    0, 0, -6, 0, -3, 0, 0, -13,
    -6, 0, -8, 0, 0, 0, 0, 0,
    0, 0, 0, 0, 0, 0, 0, 0,
    0, 0, -4, 0, 0, 0, -4, -4,
    0, 0, 0, 0, 0, 0, 0, 0,
    0, 0, 0, 0, 0, 0, 0, 0,
    0, 0, 0, 0, 0, 0, 0, 0,
    0, 0, 0, 0, 0, 0, 0, 0,
    0, 0, 0, 0, 0, 0, 0, -4,
    -3, -4, 0, 0, 0, 0, 0, 0,
    0, -3, 0, 0, 0, 0, 0, 0,
    0, 0, 0, 0, 0, 0, 0, 0,
    0, 0, 0, 0, 0, 0, 0, 0,
    0, 0, 0, 0, 0, -4, 0, 0,
    0, 0, 0, 0, 0, 0, 0, 0,
    0, 0, 0, 0, 0, 0, 0, 0,
    -4, 0, 0, 0, -4, 0, 0, 0,
    0, 0, 0, 0, 0, 0, 0, 0,
    0, 0, 0, 0, 0, 0, 0, 0,
    0, 0, 0, 0, 0, 0, 0, 0,
    0, 0, 0, 0, 0, 0, 0, 0,
    0, 0, 0, 0, 0, -4, -3, -4,
    0, 0, 0, 0, 0, -4, 0, -3,
    0, 0, 0, 0, 0, 0, 0, 0,
    0, 0, 0, 0, 0, 0, 0, 0,
    0, 0, 0, 0, 0, 0, 0, 0,
    0, 0, 0, 0, 0, 0, 0, 0,
    0, 0, 0, 0, 0, 0, 0, 0,
    0, 0, 0, 0, 0, 0, -3, 0,
    0, 0, 0, -2, 0, 0, 0, 0,
    0, 0, 0, 0, 0, 0, 0, 0,
    0, 0, 0, 0, 0, 0, 0, 0,
    0, 0, 0, 0, 0, 0, 0, 0,
    0, 0, 0, 0, 0, 0, 0, 0,
    0, 0, 0, 0, 0, 0, 0, 0,
    0, 0, 0, 0, 0, 0, 0, 0,
    0, 0, 0, 0, 0, 0, 0, 0,
    0, 0, 0, 0, 0, 0, 0, 0,
    0, 0, 0, 0, 0, 0, 0, 0,
    0, 0, 0, 0, 0, 0, 0, 0,
    0, 0, 0, 0, 0, 0, 0, 0,
    0, 0, 0, 0, 0, 0, 0, 0,
    0, 0, 0, 0, 0, 0, 0, -2,
    0, 0, 0, 0, 0, 0, 0, -2,
    0, 0, 0, 0, 0, 0, 0, 0,
    0, 0, 0, 0, 0, 0, 0, 0,
    0, 0, 0, 0, 0, 0, 0, 0,
    0, 0, 0, 0, 0, 0, 0, 0,
    0, -2, 0, 0, -2, 0, 0, 0,
    -2, 0, 0, 0, 0, -2, 0, 0,
    -2, 0, 0, -2, 0, 0, 0, 0,
    0, 0, 0, 0, 0, 0, 0, 0,
    -2, 0, 0, 0, 0, -2, 0, 0,
    0, 0, 0, 0, 0, 0, 0, 0,
    0, 0, 0, 0, 0, 0, 0, 0,
    0, 0, 0, 0, 0, 0, 0, 0,
    0, 0, 0, -1, 0, 0, 0, 0,
    0, 0, 0, 0, 0, 0, 0, 0,
    0, 0, 0, 0, 0, 0, 0, 0,
    0, 0, 0, 0, 0, 0, 0, 0,
    0, 0, 0, 0, 0, 0, 0, 0,
    0, 0, -2, 0, 0, 0, -2, 0,
    0, 0, 0, -1, 0, 0, 0, 0,
    0, -1, 0, 0, 0, 0, 0, 0,
    0, 0, 0, 0, 0, 0, -1, 0,
    -2, 0, 0, 0, 0, 0, 0, 0,
    0, 0, 0, 0, 0, 0, 0, 0,
    0, 0, 0, 0, 0, 0, 0, 0,
    0, -3, 0, 0, -3, 0, 0, 0,
    0, 0, 0, 0, 0, 0, 0, 0,
    0, 0, 0, 0, 0, 0, 0, 0,
    0, 0, 0, 0, 0, 0, 0, 0,
    0, 0, 0, 0, 0, 0, 0, 0,
    0, 0, 0, 0, 0, -20, 0, -5,
    0, 0, 0, 0, 0, 0, 0, 0,
    0, 0, 0, -2, 0, 0, 0, 0,
    0, 0, 0, 0, 0, 0, 0, 0,
    0, 0, 0, 0, 0, 0, 0, 0,
    0, 0, 0, 0, 0, 0, 0, 0,
    0, 0, 0, 0, 0, 0, 0, 0,
    0, 0, 0, 0, 0, 0, 0, 0,
    0, -2, 0, 0, 0, 0, 0, 0,
    0, 0, 0, 0, 0, 0, 0, 0,
    0, 0, 0, 0, 0, 0, 0, 0,
    0, 0, 0, 0, 0, 0, 0, 0,
    0, 0, 0, 0, 0, 0, 0, 0,
    0, 0, 0, 3, 0, 0, -3, -3,
    -6, 0, -2, 0, 0, 0, 0, 0,
    0, 0, 0, 0, 0, -3, 0, -3,
    0, 0, 0, 0, 0, 0, 0, 0,
    0, 0, -3, 0, 0, 0, 0, 0,
    0, 0, 0, 0, 0, 0, 0, 0,
    0, 0, 0, 0, 0, 0, 0, 0,
    0, 0, 0, 0, 0, -2, 0, 0,
    -8, 0, 0, 0, 0, 0, 0, 0,
    0, 0, 0, 0, 0, 0, 0, 0,
    0, 0, 0, 0, 0, 0, 0, 0,
    0, 0, 0, 0, 0, 0, 0, 0,
    0, 0, 0, 0, 0, 0, 0, 0,
    0, 0, 0, 0, 0, 0, 0, 0,
    0, 0, 0, 0, 0, 0, 0, -3,
    0, 0, 0, 0, 0, 0, 0, 0,
    0, 0, 0, 0, 0, 0, 0, 0,
    0, 0, 0, 0, 0, 2, 0, 0,
    0, 0, 0, 0, 0, 0, 0, 0,
    0, 0, 0, 0, 0, 0, 0, 0,
    0, 0, -2, -8, 2, 0, -4, 0,
    0, 0, 0, 1, 0, 0, 0, 0,
    0, 0, 0, 0, 0, 0, 0, 0,
    0, 0, 0, 0, 0, 0, 0, 0,
    0, 0, -6, 0, -6, 0, 0, 0,
    0, 0, 0, 0, 0, 0, 0, -7,
    0, -5, 0, 0, 0, 0, 0, 0,
    0, 0, 0, 0, 0, -3, 2, 0,
    0, 0, 0, 0, 0, 0, 0, 0,
    0, 1, 0, 1, 0, 0, 0, 0,
    2, 0, 0, 0, 0, 0, 0, 0,
    0, 0, 0, 0, 0, 0, 0, 0,
    0, 0, 0, 0, 0, 0, 0, 0,
    0, 0, 0, 0, 0, 0, 0, 0,
    0, 0, 0, 0, 0, 0, 0, 0,
    0, 0, 0, 0, 0, 0, 0, 0,
    0, 0, 0, 0, 0, 0, 0, 0,
    0, 0, 0, 0, 0, 0, 0, 0,
    0, 0, 0, 0, 0, 3, 0, 2,
    -2, -2, 0, 0, -2, 0, 3, 0,
    0, 0, 0, 0, 0, 0, 0, -3,
    0, -5, 0, 0, 0, 0, 0, 0,
    0, 0, 0, 0, -2, 0, 0, 0,
    0, 0, 0, 0, 0, 0, 0, 0,
    0, 0, 0, 0, 0, 0, 0, 0,
    0, 0, 0, 0, 0, 0, 0, -2,
    0, 0, 0, 0, 0, 0, 0, 0,
    0, 0, 0, 0, 0, 0, 0, 0,
    0, 0, 0, 0, 0, 0, 0, 0,
    0, 0, 0, 0, 0, 0, 0, 0,
    0, 0, 0, 0, 0, 0, 0, 0,
    0, 0, 0, 2, 0, 2, -4, -4,
    -10, 0, -4, 0, 0, 0, 0, 0,
    0, 0, 0, 0, 0, -9, 0, -5,
    0, 0, 0, 0, 0, 0, 0, 0,
    0, 0, -4, 0, 0, 0, 0, -18,
    0, 0, 0, 0, 0, 0, 0, 0,
    0, 0, 0, 0, 0, 0, 0, 0,
    0, 0, 0, 0, 0, 0, 0, 0,
    0, 0, 0, 0, 0, -8, 0, -3,
    0, 0, 0, 0, 0, 0, 0, 0,
    0, 0, 0, 0, 0, 0, 0, 0,
    0, 0, 0, 0, 0, 0, 0, 0,
    0, 0, 0, 0, 0, 0, 0, 0,
    0, 0, 0, 0, -17, -2, 0, 0,
    -2, 0, 0, 0, 0, -5, 0, 0,
    -5, 0, 0, -25, 0, -2, 0, 0,
    0, 0, 0, 1, 0, -2, 0, 0,
    -17, 0, -18, 0, 0, -18, 0, 0,
    0, 0, 0, 0, 0, 0, 0, 0,
    0, 0, 0, 0, 0, 0, 0, 0,
    0, 0, 0, 0, 0, 0, 0, 0,
    0, 0, 0, -10, 0, -3, 0, 0,
    0, 0, 0, 0, 0, 0, 0, 0,
    0, 0, 0, 0, 0, 0, 0, 0,
    0, 0, 0, 0, 0, 0, 0, 0,
    0, 0, 0, 0, 0, 0, 0, 0,
    0, 0, -20, -4, 0, 0, -8, 0,
    0, 0, 0, -5, 0, 0, -5, 0,
    0, -30, 0, -3, 0, 0, 0, 0,
    0, -2, 0, -2, 0, 0, -23, 0,
    -18, 0, 0, 0, 0, 0, 0, 0,
    0, 0, 0, 0, 0, 0, 0, 0,
    0, 0, 0, 0, 0, 0, 0, 0,
    0, 0, 0, 0, 0, 0, 0, 0,
    0, -2, 0, -2, 0, 0, 0, 0,
    0, 0, 0, 0, 0, 0, 0, 0,
    0, 0, 0, 0, 0, 0, 0, 0,
    0, 0, 0, 0, 0, 0, 0, 0,
    0, 0, 0, 0, 0, -2, 0, -2,
    0, 0, 0, 0, -2, 0, 0, 0,
    0, 0, 0, 0, 0, 0, 0, 0,
    0, 0, 0, 0, 0, 0, 0, 0,
    0, 0, 0, 0, 0, 0, 0, 0,
    0, -6, 0, 0, 0, 0, 0, 0,
    0, 0, 0, 0, 0, 0, 0, 0,
    0, 0, 0, 0, 0, 0, 0, 0,
    0, 0, 0, 0, 0, 0, 0, 0,
    0, 0, 0, 0, 0, 0, 0, 0,
    0, 0, 0, 0, 0, 0, 0, 0,
    0, 0, 0, 0, 0, 0, 0, 0,
    0, 0, 0, 0, 0, 0, 0, 0,
    0, 0, 0, 0, 0, 0, 0, 0,
    0, 0, 0, 0, 0, 0, 0, 0,
    0, 0, 0, 0, 0, 0, 0, 0,
    0, 0, 0, 0, 0, 0, 0, 0,
    0, 0, 0, 0, -6, 0, 0, -18,
    0, 0, 0, 0, 0, 0, 0, 0,
    0, 0, 0, 0, 0, 0, 0, 0,
    0, 0, 0, 0, 0, 0, 0, 0,
    0, 0, 0, 0, 0, -10, 0, -4,
    0, 0, 0, 0, 0, 0, 0, 0,
    0, 0, 0, 0, 0, 0, 0, 0,
    0, 0, 0, 0, 0, 0, 0, 0,
    0, 0, 0, 0, 0, 0, 0, 0,
    0, 0, 0, 0, -18, -8, 0, 0,
    -6, 0, 0, 0, 0, -5, 0, 0,
    -5, 0, 0, -30, 0, -3, 0, 0,
    0, 0, 0, -2, 0, -2, 0, 0,
    -23, 0, -18, 0, 0, -18, 0, 0,
    0, 0, 0, 0, 0, 0, 0, 0,
    0, 0, 0, 0, 0, 0, 0, 0,
    0, 0, 0, 0, 0, 0, 0, 0,
    0, 0, 0, -10, 0, -3, 0, 0,
    0, 0, 0, 0, 0, 0, 0, 0,
    0, 0, 0, 0, 0, 0, 0, 0,
    0, 0, 0, 0, 0, 0, 0, 0,
    0, 0, 0, 0, 0, 0, 0, 0,
    0, 0, -21, -6, 0, 0, -5, 0,
    0, 0, 0, -5, 0, 0, -5, 0,
    0, -30, 0, -3, 0, 0, 0, 0,
    0, -2, 0, -2, 0, 0, -23, 0,
    -18, 0, 0, -5, 0, 0, 0, 0,
    0, 0, 0, 0, 0, 0, 0, 0,
    0, 0, 0, 0, 0, 0, 0, 0,
    0, 0, 0, 0, 0, 0, 0, 0,
    0, 0, 0, 0, 0, 0, 0, 0,
    0, 0, 0, 0, 0, 0, 0, 0,
    0, 0, 0, 0, 0, 0, 0, 0,
    0, 0, 0, 0, 0, 0, 0, 0,
    0, 0, 0, 0, 0, 0, 0, 0,
    0, 0, 0, 0, 0, 0, 0, 0,
    0, 0, 0, 0, 0, 0, 0, 0,
    0, 0, 0, 0, 0, 0, 0, 0,
    0, 0, 0, 0, 0, 0, -5, 0,
    0, -5, 0, 0, 0, 0, 0, 0,
    0, 0, -16, 0, 0, 0, 0, 0,
    0, 0, 0, 0, 0, 0, -7, -14,
    0, -3, -19, 0, -31, 0, 0, 0,
    1, 0, 0, 0, 0, 0, 0, 0,
    0, 0, 0, 0, 0, 0, 0, 0,
    0, 0, 0, 0, 0, 0, 0, 0,
    0, 0, 0, 0, 0, 0, 0, 0,
    0, 0, 0, 0, 0, 0, 0, 0,
    0, 0, -3, 0, 0, 0, 0, 0,
    0, 0, 0, 0, 0, 0, 0, 0,
    0, 0, 0, 0, 0, 0, 0, 0,
    0, 0, 0, 0, -5, 0
};


/*Collect the kern class' data in one place*/
static const lv_font_fmt_txt_kern_classes_t kern_classes =
{
    .class_pair_values   = kern_class_values,
    .left_class_mapping  = kern_left_class_mapping,
    .right_class_mapping = kern_right_class_mapping,
    .left_class_cnt      = 89,
    .right_class_cnt     = 102,
};

/*--------------------
 *  ALL CUSTOM DATA
 *--------------------*/

#if LVGL_VERSION_MAJOR == 8
/*Store all the custom data of the font*/
static  lv_font_fmt_txt_glyph_cache_t cache;
#endif

#if LVGL_VERSION_MAJOR >= 8
static const lv_font_fmt_txt_dsc_t font_dsc = {
#else
static lv_font_fmt_txt_dsc_t font_dsc = {
#endif
    .glyph_bitmap = glyph_bitmap,
    .glyph_dsc = glyph_dsc,
    .cmaps = cmaps,
    .kern_dsc = &kern_classes,
    .kern_scale = 16,
    .cmap_num = 11,
    .bpp = 4,
    .kern_classes = 1,
    .bitmap_format = 0,
#if LVGL_VERSION_MAJOR == 8
    .cache = &cache
#endif
};



/*-----------------
 *  PUBLIC FONT
 *----------------*/

/*Initialize a public general font descriptor*/
#if LVGL_VERSION_MAJOR >= 8
const lv_font_t ui_font_roboto_bold_17 = {
#else
lv_font_t ui_font_roboto_bold_17 = {
#endif
    .get_glyph_dsc = lv_font_get_glyph_dsc_fmt_txt,    /*Function pointer to get glyph's data*/
    .get_glyph_bitmap = lv_font_get_bitmap_fmt_txt,    /*Function pointer to get glyph's bitmap*/
    .line_height = 22,          /*The maximum line height required by the font*/
    .base_line = 4,             /*Baseline measured from the bottom of the line*/
#if !(LVGL_VERSION_MAJOR == 6 && LVGL_VERSION_MINOR == 0)
    .subpx = LV_FONT_SUBPX_NONE,
#endif
#if LV_VERSION_CHECK(7, 4, 0) || LVGL_VERSION_MAJOR >= 8
    .underline_position = -1,
    .underline_thickness = 1,
#endif
    .dsc = &font_dsc,          /*The custom font data. Will be accessed by `get_glyph_bitmap/dsc` */
#if LV_VERSION_CHECK(8, 2, 0) || LVGL_VERSION_MAJOR >= 9
    .fallback = NULL,
#endif
    .user_data = NULL,
};



#endif /*#if UI_FONT_ROBOTO_BOLD_17*/

